ID_Alumno,Memoria,Matematicas,Gramatica,Ingles,Geografia,Arte,Ciencia,Logica,Puntuacion_Promedio,Rango
ALU0001,23,29,48,16,52,51,36,42,37.12,1
ALU0002,79,84,90,79,97,100,98,100,90.88,5
ALU0003,74,55,78,37,65,58,67,71,63.12,3
ALU0004,47,45,46,57,72,48,65,65,55.62,2
ALU0005,30,25,20,29,23,13,17,12,21.12,1
ALU0006,18,21,10,0,17,9,10,0,10.62,1
ALU0007,11,17,0,10,0,27,5,22,11.5,1
ALU0008,80,86,72,68,85,60,80,69,75.0,4
ALU0009,66,69,52,71,77,67,66,69,67.12,3
ALU0010,76,81,83,27,41,89,66,83,68.25,3
ALU0011,10,0,0,19,0,0,0,0,3.62,1
ALU0012,97,79,77,59,99,100,100,100,88.88,4
ALU0013,77,76,81,76,82,97,83,83,81.88,4
ALU0014,29,23,24,11,30,18,40,10,23.12,1
ALU0015,17,11,15,14,16,33,8,0,14.25,1
ALU0016,21,35,19,0,0,9,18,20,15.25,1
ALU0017,29,62,44,62,24,15,34,29,37.38,1
ALU0018,47,55,60,29,67,45,60,67,53.75,2
ALU0019,36,45,50,22,39,64,21,44,40.12,2
ALU0020,35,43,17,63,26,24,8,15,28.88,1
ALU0021,73,32,94,65,33,60,52,38,55.88,2
ALU0022,29,17,30,0,0,2,24,19,15.12,1
ALU0023,18,45,37,28,42,44,23,31,33.5,1
ALU0024,50,28,24,33,35,50,36,56,39.0,1
ALU0025,42,27,57,15,55,35,46,39,39.5,1
ALU0026,81,72,69,62,68,40,65,81,67.25,3
ALU0027,13,22,20,22,8,17,40,21,20.38,1
ALU0028,52,37,31,74,48,57,41,13,44.12,2
ALU0029,61,89,43,54,52,58,33,68,57.25,2
ALU0030,0,2,14,7,0,10,0,3,4.5,1
ALU0031,65,42,71,45,51,64,49,68,56.88,2
ALU0032,33,18,28,40,18,12,22,22,24.12,1
ALU0033,9,24,18,27,5,0,13,0,12.0,1
ALU0034,100,90,89,100,81,100,97,87,93.0,5
ALU0035,90,99,87,93,100,78,100,91,92.25,5
ALU0036,86,64,81,48,82,59,78,80,72.25,3
ALU0037,10,54,42,51,34,39,42,39,38.88,1
ALU0038,37,22,13,14,13,0,8,14,15.12,1
ALU0039,81,82,81,61,73,54,70,91,74.12,3
ALU0040,41,50,42,52,49,68,40,56,49.75,2
ALU0041,0,28,4,20,5,39,14,29,17.38,1
ALU0042,52,36,49,30,34,67,51,61,47.5,2
ALU0043,0,0,9,2,0,19,19,9,7.25,1
ALU0044,91,100,85,52,100,100,86,97,88.88,4
ALU0045,32,51,43,29,23,57,27,45,38.38,1
ALU0046,55,47,74,88,70,81,68,66,68.62,3
ALU0047,44,36,15,0,35,36,43,47,32.0,1
ALU0048,59,45,70,54,60,64,34,33,52.38,2
ALU0049,63,43,21,66,53,47,57,69,52.38,2
ALU0050,21,25,47,36,8,23,5,10,21.88,1
ALU0051,78,100,88,78,81,95,100,74,86.75,4
ALU0052,84,81,72,54,71,72,78,70,72.75,3
ALU0053,86,84,88,78,73,84,100,92,85.62,4
ALU0054,71,93,90,100,76,100,65,90,85.62,4
ALU0055,72,53,58,28,46,44,56,76,54.12,2
ALU0056,100,94,86,66,84,90,98,80,87.25,4
ALU0057,12,33,28,4,8,0,29,35,18.62,1
ALU0058,44,0,29,5,23,0,26,45,21.5,1
ALU0059,9,21,0,8,17,26,3,12,12.0,1
ALU0060,30,11,43,59,31,53,31,22,35.0,1
ALU0061,33,58,46,18,24,32,27,74,39.0,1
ALU0062,45,19,22,26,8,30,46,53,31.12,1
ALU0063,71,61,89,79,81,75,87,82,78.12,4
ALU0064,44,47,35,31,30,32,34,18,33.88,1
ALU0065,24,35,27,1,28,22,36,38,26.38,1
ALU0066,49,38,50,42,57,60,52,45,49.12,2
ALU0067,27,0,0,6,32,11,14,29,14.88,1
ALU0068,73,74,70,88,59,83,68,80,74.38,3
ALU0069,7,0,20,19,1,36,2,0,10.62,1
ALU0070,100,77,93,65,92,99,98,77,87.62,4
ALU0071,90,76,59,67,63,76,87,63,72.62,3
ALU0072,29,8,34,13,7,14,18,45,21.0,1
ALU0073,0,11,1,40,18,5,0,0,9.38,1
ALU0074,73,100,63,83,67,53,89,46,71.75,3
ALU0075,69,66,95,49,55,91,69,65,69.88,3
ALU0076,73,72,57,56,59,56,43,66,60.25,3
ALU0077,64,100,84,67,85,45,65,96,75.75,4
ALU0078,18,0,2,18,4,10,17,32,12.62,1
ALU0079,38,55,38,45,23,42,27,18,35.75,1
ALU0080,0,31,4,19,7,35,16,20,16.5,1
ALU0081,73,95,67,78,82,86,67,93,80.12,4
ALU0082,56,80,67,58,70,74,56,59,65.0,3
ALU0083,34,38,39,32,42,48,21,37,36.38,1
ALU0084,29,1,24,0,2,23,0,26,13.12,1
ALU0085,35,49,32,31,27,15,23,37,31.12,1
ALU0086,25,51,60,23,55,41,44,43,42.75,2
ALU0087,72,87,73,40,80,49,75,90,70.75,3
ALU0088,58,63,69,100,59,92,87,56,73.0,3
ALU0089,88,74,68,90,61,95,77,95,81.0,4
ALU0090,53,50,40,47,42,38,59,41,46.25,2
ALU0091,27,29,21,9,2,21,38,30,22.12,1
ALU0092,68,84,68,82,60,54,82,60,69.75,3
ALU0093,89,67,75,52,63,50,87,79,70.25,3
ALU0094,64,60,45,49,53,68,56,52,55.88,2
ALU0095,67,54,75,57,75,59,77,82,68.25,3
ALU0096,71,64,50,62,42,46,38,37,51.25,2
ALU0097,55,40,37,37,39,55,19,48,41.25,2
ALU0098,35,55,51,63,41,40,45,42,46.5,2
ALU0099,23,0,0,5,2,0,0,0,3.75,1
ALU0100,35,30,16,28,0,15,9,6,17.38,1
ALU0101,7,12,29,15,13,10,0,0,10.75,1
ALU0102,57,50,70,81,54,75,66,67,65.0,3
ALU0103,31,43,41,16,30,69,30,44,38.0,1
ALU0104,57,41,40,67,48,21,65,31,46.25,2
ALU0105,99,97,100,53,86,74,78,70,82.12,4
ALU0106,33,23,43,28,28,30,29,14,28.5,1
ALU0107,42,16,31,32,28,57,39,24,33.62,1
ALU0108,87,58,67,47,76,78,69,78,70.0,3
ALU0109,22,19,40,9,22,42,24,15,24.12,1
ALU0110,22,32,33,0,22,0,30,15,19.25,1
ALU0111,28,44,15,27,39,26,41,20,30.0,1
ALU0112,23,43,7,10,32,41,14,14,23.0,1
ALU0113,87,100,86,90,79,75,81,100,87.25,4
ALU0114,77,69,51,62,90,34,68,61,64.0,3
ALU0115,58,59,62,53,62,49,63,54,57.5,2
ALU0116,96,77,97,78,90,89,65,89,85.12,4
ALU0117,70,67,60,80,84,76,74,72,72.88,3
ALU0118,14,0,23,37,26,2,26,24,19.0,1
ALU0119,100,85,78,100,74,74,76,85,84.0,4
ALU0120,63,34,73,57,63,33,54,32,51.12,2
ALU0121,53,77,70,85,81,59,80,97,75.25,4
ALU0122,79,100,100,91,70,72,64,84,82.5,4
ALU0123,15,25,26,27,28,35,36,55,30.88,1
ALU0124,5,17,24,31,2,0,9,19,13.38,1
ALU0125,0,39,28,9,11,46,47,43,27.88,1
ALU0126,42,47,41,6,51,41,45,57,41.25,2
ALU0127,67,83,69,59,63,62,67,95,70.62,3
ALU0128,83,77,86,100,69,67,60,79,77.62,4
ALU0129,0,2,0,0,25,0,5,30,7.75,1
ALU0130,51,36,42,55,46,51,66,44,48.88,2
ALU0131,38,55,60,37,49,44,35,47,45.62,2
ALU0132,40,0,31,35,36,22,28,37,28.62,1
ALU0133,29,30,23,17,23,4,24,60,26.25,1
ALU0134,43,14,30,34,36,35,43,50,35.62,1
ALU0135,86,100,87,100,89,58,89,82,86.38,4
ALU0136,53,28,31,25,39,15,26,37,31.75,1
ALU0137,36,33,55,58,49,41,48,32,44.0,2
ALU0138,54,76,75,65,75,48,55,88,67.0,3
ALU0139,36,51,37,35,35,34,26,0,31.75,1
ALU0140,100,85,82,77,91,72,100,90,87.12,4
ALU0141,89,100,100,87,100,100,95,100,96.38,5
ALU0142,25,0,28,17,22,5,31,38,20.75,1
ALU0143,35,29,32,70,49,72,41,56,48.0,2
ALU0144,41,51,6,1,36,2,46,15,24.75,1
ALU0145,40,27,34,46,35,60,27,49,39.75,1
ALU0146,16,0,0,0,11,17,9,0,6.62,1
ALU0147,53,49,65,69,47,71,73,47,59.25,2
ALU0148,43,36,40,35,51,29,41,68,42.88,2
ALU0149,0,7,11,19,12,4,2,0,6.88,1
ALU0150,30,24,25,27,41,26,42,9,28.0,1
ALU0151,75,89,100,60,94,85,96,73,84.0,4
ALU0152,14,25,37,51,38,45,30,29,33.62,1
ALU0153,13,38,34,32,8,28,0,11,20.5,1
ALU0154,44,55,49,58,39,46,64,74,53.62,2
ALU0155,88,100,100,82,96,100,86,94,93.25,5
ALU0156,31,44,27,41,38,44,19,9,31.62,1
ALU0157,66,59,83,42,63,56,63,39,58.88,2
ALU0158,70,54,72,33,66,64,59,86,63.0,3
ALU0159,28,44,9,0,10,58,41,30,27.5,1
ALU0160,60,72,46,53,74,66,72,79,65.25,3
ALU0161,39,40,58,24,36,28,46,32,37.88,1
ALU0162,63,52,67,54,57,59,52,64,58.5,2
ALU0163,46,52,68,54,71,78,73,78,65.0,3
ALU0164,63,65,71,41,52,63,70,53,59.75,2
ALU0165,4,27,0,0,13,11,0,0,6.88,1
ALU0166,81,91,75,83,89,89,66,90,83.0,4
ALU0167,45,45,31,29,55,37,24,28,36.75,1
ALU0168,31,30,30,9,17,19,32,35,25.38,1
ALU0169,9,10,0,33,0,4,10,9,9.38,1
ALU0170,54,55,43,53,48,60,57,70,55.0,2
ALU0171,75,84,51,67,70,59,70,73,68.62,3
ALU0172,13,0,20,20,0,7,29,24,14.12,1
ALU0173,44,56,42,24,47,50,30,64,44.62,2
ALU0174,17,13,18,24,22,3,21,7,15.62,1
ALU0175,42,53,70,77,78,55,26,36,54.62,2
ALU0176,22,17,12,19,32,16,26,19,20.38,1
ALU0177,66,55,46,43,51,95,80,75,63.88,3
ALU0178,51,51,20,31,55,37,36,29,38.75,1
ALU0179,92,69,88,92,77,93,97,95,87.88,4
ALU0180,30,18,23,0,18,49,0,23,20.12,1
ALU0181,28,37,33,11,27,12,41,34,27.88,1
ALU0182,26,0,20,50,11,0,44,6,19.62,1
ALU0183,82,81,68,96,78,76,83,73,79.62,4
ALU0184,91,87,65,100,100,78,88,100,88.62,4
ALU0185,13,34,55,43,26,24,21,0,27.0,1
ALU0186,66,61,79,71,66,56,66,47,64.0,3
ALU0187,58,88,87,72,67,60,91,100,77.88,4
ALU0188,52,53,47,61,40,69,62,40,53.0,2
ALU0189,57,52,49,78,48,45,51,44,53.0,2
ALU0190,21,30,26,41,31,44,25,36,31.75,1
ALU0191,2,27,29,16,12,0,0,20,13.25,1
ALU0192,94,75,90,82,95,100,97,91,90.5,5
ALU0193,85,78,92,95,87,61,95,100,86.62,4
ALU0194,57,51,59,52,62,61,46,48,54.5,2
ALU0195,35,30,45,44,40,20,37,37,36.0,1
ALU0196,62,57,40,23,37,36,25,35,39.38,1
ALU0197,81,78,70,63,79,55,64,58,68.5,3
ALU0198,97,68,76,67,91,53,95,87,79.25,4
ALU0199,89,75,83,76,93,73,96,92,84.62,4
ALU0200,76,80,62,62,82,99,83,83,78.38,4
ALU0201,38,49,62,93,76,47,59,77,62.62,3
ALU0202,5,1,13,0,20,20,18,12,11.12,1
ALU0203,14,39,0,26,37,19,10,5,18.75,1
ALU0204,67,76,83,68,80,79,94,66,76.62,4
ALU0205,48,73,45,60,67,90,59,53,61.88,3
ALU0206,0,24,11,11,0,1,0,0,5.88,1
ALU0207,13,3,21,0,23,16,5,4,10.62,1
ALU0208,72,51,59,39,65,66,72,48,59.0,2
ALU0209,16,1,12,0,14,29,3,0,9.38,1
ALU0210,23,3,26,0,36,0,13,44,18.12,1
ALU0211,44,56,51,55,62,88,48,52,57.0,2
ALU0212,47,64,85,71,63,90,52,89,70.12,3
ALU0213,46,69,54,44,52,69,65,69,58.5,2
ALU0214,12,46,42,27,30,34,28,16,29.38,1
ALU0215,60,81,66,61,66,65,51,67,64.62,3
ALU0216,24,33,16,24,32,28,13,3,21.62,1
ALU0217,24,4,30,22,29,40,14,29,24.0,1
ALU0218,75,78,58,80,62,58,86,53,68.75,3
ALU0219,61,89,72,92,61,86,70,71,75.25,4
ALU0220,81,36,62,95,86,84,94,75,76.62,4
ALU0221,75,74,80,89,65,66,83,59,73.88,3
ALU0222,44,53,44,30,48,43,61,50,46.62,2
ALU0223,17,0,23,1,31,30,12,26,17.5,1
ALU0224,37,50,38,48,36,37,40,25,38.88,1
ALU0225,25,54,32,56,6,20,21,15,28.62,1
ALU0226,35,38,19,38,36,10,17,31,28.0,1
ALU0227,100,87,96,74,92,90,87,100,90.75,5
ALU0228,30,26,41,32,38,22,37,45,33.88,1
ALU0229,83,87,67,91,83,90,65,100,83.25,4
ALU0230,64,74,50,58,59,73,46,48,59.0,2
ALU0231,73,70,70,62,93,70,61,46,68.12,3
ALU0232,56,45,41,45,54,53,34,57,48.12,2
ALU0233,59,99,71,56,59,75,64,54,67.12,3
ALU0234,67,65,49,29,46,46,45,55,50.25,2
ALU0235,7,39,13,40,39,20,20,34,26.5,1
ALU0236,68,48,64,62,78,70,74,48,64.0,3
ALU0237,21,19,24,28,40,23,40,26,27.62,1
ALU0238,13,8,3,25,9,1,12,15,10.75,1
ALU0239,46,48,50,60,73,51,82,66,59.5,2
ALU0240,24,44,11,38,24,27,21,18,25.88,1
ALU0241,83,100,98,71,85,88,92,99,89.5,4
ALU0242,83,82,93,98,94,99,83,100,91.5,5
ALU0243,72,100,85,100,100,100,64,58,84.88,4
ALU0244,33,38,38,23,40,22,39,60,36.62,1
ALU0245,17,45,5,3,19,0,16,0,13.12,1
ALU0246,88,90,86,85,100,98,79,96,90.25,5
ALU0247,49,52,49,47,49,39,37,38,45.0,2
ALU0248,100,100,97,100,100,93,100,100,98.75,5
ALU0249,94,100,72,75,69,92,91,100,86.62,4
ALU0250,76,89,80,80,63,67,70,90,76.88,4
ALU0251,36,29,13,60,48,39,20,34,34.88,1
ALU0252,34,47,47,58,33,43,47,32,42.62,2
ALU0253,76,69,90,95,82,66,80,67,78.12,4
ALU0254,18,35,26,30,51,31,31,14,29.5,1
ALU0255,29,3,18,58,22,18,3,11,20.25,1
ALU0256,51,28,29,73,72,66,60,67,55.75,2
ALU0257,91,90,100,89,85,100,100,75,91.25,5
ALU0258,57,86,76,71,73,67,63,84,72.12,3
ALU0259,60,70,70,48,56,31,61,41,54.62,2
ALU0260,6,12,31,20,28,24,8,11,17.5,1
ALU0261,58,86,45,71,57,93,67,66,67.88,3
ALU0262,100,85,100,100,84,100,100,100,96.12,5
ALU0263,25,0,35,14,12,13,12,12,15.38,1
ALU0264,51,18,33,25,47,57,26,58,39.38,1
ALU0265,66,66,81,88,77,95,74,86,79.12,4
ALU0266,100,83,67,84,64,73,75,68,76.75,4
ALU0267,85,58,77,50,78,87,78,53,70.75,3
ALU0268,75,75,39,66,82,51,60,74,65.25,3
ALU0269,29,62,59,61,41,31,53,37,46.62,2
ALU0270,30,14,30,9,24,38,49,26,27.5,1
ALU0271,72,85,88,72,72,88,86,79,80.25,4
ALU0272,90,85,77,100,57,69,64,85,78.38,4
ALU0273,85,70,88,85,86,76,91,59,80.0,4
ALU0274,79,100,59,77,80,77,80,79,78.88,4
ALU0275,46,46,46,50,65,39,43,37,46.5,2
ALU0276,61,44,60,65,36,57,55,37,51.88,2
ALU0277,92,100,80,73,70,76,81,65,79.62,4
ALU0278,78,71,43,74,62,82,68,78,69.5,3
ALU0279,75,82,68,72,72,51,76,72,71.0,3
ALU0280,74,96,66,82,94,74,75,61,77.75,4
ALU0281,52,75,74,97,71,96,67,87,77.38,4
ALU0282,38,54,17,30,32,40,60,41,39.0,1
ALU0283,38,31,46,21,24,22,34,33,31.12,1
ALU0284,14,5,26,21,21,30,4,0,15.12,1
ALU0285,57,52,82,54,50,58,42,41,54.5,2
ALU0286,0,0,0,0,7,36,10,0,6.62,1
ALU0287,52,59,56,56,45,44,47,76,54.38,2
ALU0288,60,57,63,76,55,71,52,29,57.88,2
ALU0289,37,23,23,28,29,25,48,13,28.25,1
ALU0290,67,68,47,58,48,54,66,57,58.12,2
ALU0291,13,3,0,0,8,15,0,0,4.88,1
ALU0292,4,3,2,4,0,0,33,0,5.75,1
ALU0293,78,79,81,83,87,48,60,80,74.5,3
ALU0294,38,44,53,37,37,27,36,40,39.0,1
ALU0295,17,22,29,9,6,0,7,22,14.0,1
ALU0296,61,46,32,65,76,18,56,62,52.0,2
ALU0297,80,87,64,75,90,85,81,73,79.38,4
ALU0298,45,21,40,71,48,12,19,14,33.75,1
ALU0299,83,51,52,64,57,55,73,67,62.75,3
ALU0300,13,0,11,0,4,14,15,32,11.12,1
ALU0301,0,24,0,0,17,17,27,18,12.88,1
ALU0302,65,53,66,62,63,57,63,40,58.62,2
ALU0303,48,56,30,42,55,56,48,62,49.62,2
ALU0304,54,78,42,51,41,69,75,70,60.0,3
ALU0305,66,63,82,48,60,62,62,53,62.0,3
ALU0306,88,72,100,84,97,82,100,89,89.0,4
ALU0307,57,52,47,54,44,16,57,59,48.25,2
ALU0308,18,38,33,41,20,43,27,50,33.75,1
ALU0309,65,72,87,58,73,66,52,67,67.5,3
ALU0310,32,51,32,43,0,59,47,8,34.0,1
ALU0311,50,7,40,23,38,55,49,51,39.12,1
ALU0312,18,28,6,19,7,26,12,8,15.5,1
ALU0313,0,19,0,13,10,17,7,10,9.5,1
ALU0314,81,98,94,74,97,99,100,94,92.12,5
ALU0315,75,30,79,61,84,87,100,82,74.75,3
ALU0316,70,86,62,74,76,76,78,61,72.88,3
ALU0317,56,26,29,31,40,44,46,54,40.75,2
ALU0318,0,12,9,17,6,11,24,8,10.88,1
ALU0319,16,16,26,31,19,1,23,22,19.25,1
ALU0320,14,33,38,36,18,33,15,32,27.38,1
ALU0321,37,64,50,37,40,73,61,51,51.62,2
ALU0322,78,82,64,68,75,67,53,80,70.88,3
ALU0323,69,76,54,47,50,66,69,57,61.0,3
ALU0324,34,33,41,45,36,10,24,62,35.62,1
ALU0325,100,97,91,100,78,84,100,94,93.0,5
ALU0326,66,55,75,56,68,52,75,88,66.88,3
ALU0327,50,43,59,54,49,37,50,67,51.12,2
ALU0328,81,73,56,76,71,61,47,79,68.0,3
ALU0329,40,55,28,43,48,41,60,43,44.75,2
ALU0330,34,38,15,37,19,39,26,43,31.38,1
ALU0331,37,29,50,37,35,48,57,57,43.75,2
ALU0332,54,86,64,54,86,60,58,77,67.38,3
ALU0333,0,0,1,8,21,0,3,0,4.12,1
ALU0334,9,31,1,35,1,1,0,41,14.88,1
ALU0335,19,5,0,14,22,0,18,9,10.88,1
ALU0336,16,33,0,37,21,16,18,9,18.75,1
ALU0337,91,59,100,50,83,91,74,85,79.12,4
ALU0338,58,94,76,75,67,67,60,57,69.25,3
ALU0339,63,42,41,36,42,58,43,52,47.12,2
ALU0340,4,8,26,0,1,52,10,18,14.88,1
ALU0341,51,52,47,73,52,47,42,49,51.62,2
ALU0342,47,37,63,43,45,44,60,46,48.12,2
ALU0343,18,19,47,14,24,7,14,17,20.0,1
ALU0344,57,32,56,50,48,48,21,38,43.75,2
ALU0345,33,30,42,2,66,57,37,51,39.75,1
ALU0346,46,67,68,84,72,52,54,64,63.38,3
ALU0347,62,48,62,96,67,56,46,75,64.0,3
ALU0348,5,0,0,25,0,1,11,1,5.38,1
ALU0349,72,18,30,46,42,21,15,54,37.25,1
ALU0350,68,53,49,57,77,63,65,73,63.12,3
ALU0351,46,69,42,30,46,52,49,46,47.5,2
ALU0352,71,69,100,100,100,81,75,72,83.5,4
ALU0353,45,53,77,80,69,91,50,72,67.12,3
ALU0354,9,22,24,27,22,25,2,0,16.38,1
ALU0355,12,5,21,17,1,0,21,5,10.25,1
ALU0356,77,96,40,68,77,72,59,66,69.38,3
ALU0357,18,4,16,0,0,2,0,5,5.62,1
ALU0358,60,62,68,100,52,52,57,42,61.62,3
ALU0359,86,100,62,84,70,87,86,90,83.12,4
ALU0360,59,70,65,49,65,52,73,42,59.38,2
ALU0361,34,43,22,60,45,43,34,43,40.5,2
ALU0362,80,60,39,62,62,94,74,57,66.0,3
ALU0363,44,76,62,45,53,40,43,44,50.88,2
ALU0364,53,52,42,79,60,55,39,42,52.75,2
ALU0365,67,83,81,100,86,93,95,100,88.12,4
ALU0366,37,30,51,52,31,32,54,37,40.5,2
ALU0367,99,65,87,65,74,85,100,81,82.0,4
ALU0368,75,98,84,93,84,100,90,84,88.5,4
ALU0369,15,0,20,4,9,14,34,46,17.75,1
ALU0370,19,11,15,3,12,0,13,15,11.0,1
ALU0371,0,10,11,17,12,40,15,29,16.75,1
ALU0372,17,40,8,5,2,0,0,0,9.0,1
ALU0373,8,0,7,25,23,26,16,10,14.38,1
ALU0374,62,52,70,80,56,63,84,52,64.88,3
ALU0375,0,9,15,26,0,0,0,4,6.75,1
ALU0376,37,30,56,9,31,28,17,22,28.75,1
ALU0377,100,72,76,100,73,77,77,99,84.25,4
ALU0378,14,5,4,6,8,0,0,17,6.75,1
ALU0379,69,59,81,100,69,84,86,67,76.88,4
ALU0380,41,35,41,0,34,35,9,23,27.25,1
ALU0381,12,0,2,10,5,10,23,20,10.25,1
ALU0382,81,67,68,41,57,74,79,80,68.38,3
ALU0383,69,52,31,46,67,64,69,76,59.25,2
ALU0384,54,99,80,84,83,100,84,92,84.5,4
ALU0385,61,97,84,65,59,54,77,96,74.12,3
ALU0386,86,72,68,100,67,72,63,83,76.38,4
ALU0387,31,51,32,62,26,45,33,24,38.0,1
ALU0388,10,16,14,3,9,29,13,9,12.88,1
ALU0389,66,58,62,63,69,38,83,57,62.0,3
ALU0390,58,100,89,59,75,52,86,60,72.38,3
ALU0391,93,100,81,100,84,94,84,100,92.0,5
ALU0392,64,42,45,44,48,66,46,64,52.38,2
ALU0393,46,48,42,39,28,32,43,39,39.62,1
ALU0394,96,78,64,80,87,84,69,100,82.25,4
ALU0395,44,34,37,30,33,36,35,36,35.62,1
ALU0396,99,68,77,73,82,97,94,97,85.88,4
ALU0397,100,78,88,83,87,98,76,60,83.75,4
ALU0398,47,52,27,38,43,57,32,54,43.75,2
ALU0399,70,70,68,78,80,86,75,63,73.75,3
ALU0400,83,86,69,43,52,63,90,84,71.25,3
ALU0401,28,20,27,17,19,12,12,32,20.88,1
ALU0402,81,73,87,73,81,94,82,90,82.62,4
ALU0403,43,30,61,53,50,57,40,56,48.75,2
ALU0404,80,77,86,95,78,88,93,81,84.75,4
ALU0405,42,25,40,23,47,7,44,42,33.75,1
ALU0406,93,90,81,100,66,100,83,100,89.12,4
ALU0407,25,29,52,8,56,14,30,40,31.75,1
ALU0408,25,0,1,33,13,0,0,8,10.0,1
ALU0409,80,100,65,100,88,89,76,61,82.38,4
ALU0410,10,15,10,0,0,12,7,19,9.12,1
ALU0411,24,23,39,17,17,55,27,22,28.0,1
ALU0412,100,90,71,63,84,72,81,87,81.0,4
ALU0413,92,100,79,100,96,85,100,97,93.62,5
ALU0414,48,61,41,50,56,27,75,33,48.88,2
ALU0415,70,70,71,54,67,63,48,68,63.88,3
ALU0416,53,34,65,25,30,42,38,48,41.88,2
ALU0417,29,46,28,64,31,12,20,41,33.88,1
ALU0418,42,69,40,17,45,54,38,25,41.25,2
ALU0419,57,53,71,65,80,81,61,81,68.62,3
ALU0420,67,54,91,76,60,73,60,76,69.62,3
ALU0421,56,78,68,69,72,93,96,66,74.75,3
ALU0422,62,89,73,65,72,74,81,56,71.5,3
ALU0423,31,11,9,6,6,23,1,5,11.5,1
ALU0424,65,33,50,59,58,62,67,61,56.88,2
ALU0425,10,8,40,3,38,0,0,16,14.38,1
ALU0426,71,63,54,83,43,60,61,24,57.38,2
ALU0427,43,38,34,30,48,47,73,40,44.12,2
ALU0428,82,94,71,98,87,69,83,86,83.75,4
ALU0429,37,54,51,4,39,17,33,63,37.25,1
ALU0430,14,19,5,1,28,23,17,33,17.5,1
ALU0431,15,17,25,3,21,13,44,15,19.12,1
ALU0432,84,85,65,53,52,51,91,76,69.62,3
ALU0433,62,47,45,65,46,69,55,41,53.75,2
ALU0434,21,0,21,12,3,28,17,0,12.75,1
ALU0435,22,8,5,0,5,0,23,7,8.75,1
ALU0436,71,60,73,100,66,68,62,82,72.75,3
ALU0437,1,0,17,14,9,34,0,14,11.12,1
ALU0438,65,100,85,78,60,65,91,68,76.5,4
ALU0439,70,100,65,92,52,94,74,81,78.5,4
ALU0440,10,7,20,30,0,7,16,37,15.88,1
ALU0441,13,14,1,7,0,11,25,0,8.88,1
ALU0442,93,90,64,58,100,72,80,93,81.25,4
ALU0443,64,55,47,48,35,18,35,31,41.62,2
ALU0444,25,57,40,21,28,28,70,38,38.38,1
ALU0445,58,51,70,100,58,91,84,71,72.88,3
ALU0446,93,97,72,76,80,100,97,100,89.38,4
ALU0447,89,74,69,85,99,100,95,92,87.88,4
ALU0448,75,99,73,48,77,70,50,77,71.12,3
ALU0449,44,45,58,16,36,33,29,41,37.75,1
ALU0450,25,0,10,10,9,0,23,0,9.62,1
ALU0451,59,71,70,71,57,91,68,77,70.5,3
ALU0452,49,50,54,46,47,44,53,34,47.12,2
ALU0453,47,51,69,80,48,39,46,68,56.0,2
ALU0454,94,100,95,97,79,94,74,99,91.5,5
ALU0455,36,0,3,15,31,21,0,6,14.0,1
ALU0456,58,76,49,0,61,40,49,46,47.38,2
ALU0457,5,30,10,20,1,4,1,20,11.38,1
ALU0458,38,34,34,100,44,38,49,50,48.38,2
ALU0459,4,11,19,6,32,0,0,0,9.0,1
ALU0460,9,41,5,1,24,0,9,18,13.38,1
ALU0461,22,34,0,18,16,0,23,30,17.88,1
ALU0462,65,58,64,37,65,68,98,30,60.62,3
ALU0463,58,84,71,80,73,68,73,74,72.62,3
ALU0464,53,100,57,84,57,40,65,45,62.62,3
ALU0465,100,93,82,79,80,73,97,100,88.0,4
ALU0466,42,29,31,27,34,20,42,32,32.12,1
ALU0467,36,33,44,29,16,21,38,22,29.88,1
ALU0468,87,86,88,74,90,100,71,94,86.25,4
ALU0469,41,17,13,0,23,14,20,12,17.5,1
ALU0470,94,98,68,84,99,100,94,92,91.12,5
ALU0471,2,0,0,0,0,29,0,10,5.12,1
ALU0472,83,82,94,100,100,94,97,89,92.38,5
ALU0473,11,20,1,29,21,0,0,0,10.25,1
ALU0474,60,58,76,100,69,83,94,73,76.62,4
ALU0475,50,66,45,66,47,51,50,50,53.12,2
ALU0476,92,64,93,98,90,100,100,67,88.0,4
ALU0477,0,0,21,0,0,0,23,12,7.0,1
ALU0478,45,47,54,78,52,71,71,51,58.62,2
ALU0479,100,96,92,98,97,66,95,100,93.0,5
ALU0480,54,71,49,29,47,64,31,61,50.75,2
ALU0481,62,62,55,45,44,55,40,45,51.0,2
ALU0482,70,63,78,44,75,95,52,60,67.12,3
ALU0483,46,54,54,8,37,56,54,32,42.62,2
ALU0484,73,48,86,68,54,70,44,54,62.12,3
ALU0485,58,59,64,35,74,43,54,54,55.12,2
ALU0486,71,68,80,72,90,100,81,100,82.75,4
ALU0487,25,10,0,9,0,51,13,0,13.5,1
ALU0488,33,28,41,26,18,60,38,42,35.75,1
ALU0489,84,78,80,77,100,75,91,94,84.88,4
ALU0490,72,87,94,100,94,82,94,100,90.38,5
ALU0491,49,48,36,18,40,28,32,41,36.5,1
ALU0492,59,78,65,34,48,51,73,49,57.12,2
ALU0493,45,5,17,38,33,34,31,31,29.25,1
ALU0494,18,20,31,10,27,32,31,0,21.12,1
ALU0495,38,35,31,34,43,54,40,48,40.38,2
ALU0496,45,49,40,17,25,10,12,44,30.25,1
ALU0497,66,68,55,63,57,56,65,72,62.75,3
ALU0498,13,19,13,16,16,19,10,17,15.38,1
ALU0499,99,82,87,94,87,100,100,90,92.38,5
ALU0500,93,100,88,83,96,100,98,100,94.75,5
ALU0501,70,44,69,54,71,75,100,67,68.75,3
ALU0502,64,27,41,50,64,49,68,38,50.12,2
ALU0503,39,13,20,50,28,36,29,32,30.88,1
ALU0504,76,77,73,100,66,100,59,59,76.25,4
ALU0505,80,76,61,86,65,84,56,49,69.62,3
ALU0506,0,0,7,28,36,25,8,23,15.88,1
ALU0507,100,100,98,100,69,97,80,68,89.0,4
ALU0508,61,80,75,57,55,80,77,70,69.38,3
ALU0509,84,66,87,77,89,91,94,74,82.75,4
ALU0510,69,71,54,79,66,84,86,72,72.62,3
ALU0511,58,76,85,58,58,51,49,50,60.62,3
ALU0512,52,51,71,48,40,40,25,50,47.12,2
ALU0513,78,100,79,100,99,68,98,95,89.62,4
ALU0514,85,62,97,97,82,94,98,64,84.88,4
ALU0515,3,2,7,0,17,25,3,21,9.75,1
ALU0516,10,0,26,7,0,16,19,4,10.25,1
ALU0517,38,64,42,22,33,35,48,21,37.88,1
ALU0518,78,87,79,63,69,77,57,83,74.12,3
ALU0519,88,100,63,63,71,96,86,100,83.38,4
ALU0520,13,11,7,20,19,34,12,15,16.38,1
ALU0521,61,47,58,26,57,74,82,35,55.0,2
ALU0522,48,37,41,46,34,17,45,52,40.0,2
ALU0523,86,100,77,100,91,79,86,100,89.88,4
ALU0524,72,75,72,90,81,87,72,65,76.75,4
ALU0525,86,82,87,81,90,60,61,69,77.0,4
ALU0526,46,48,30,74,53,60,59,47,52.12,2
ALU0527,50,42,43,48,45,38,47,15,41.0,2
ALU0528,20,19,44,14,52,40,37,58,35.5,1
ALU0529,0,8,14,12,2,10,0,9,6.88,1
ALU0530,77,80,86,100,69,81,91,83,83.38,4
ALU0531,70,78,53,58,89,61,75,83,70.88,3
ALU0532,94,100,85,70,100,86,86,91,89.0,4
ALU0533,88,100,100,100,88,92,100,87,94.38,5
ALU0534,62,42,47,50,68,52,40,41,50.25,2
ALU0535,71,68,89,64,68,85,76,57,72.25,3
ALU0536,91,77,82,67,95,80,86,95,84.12,4
ALU0537,83,84,78,46,87,81,94,100,81.62,4
ALU0538,29,19,33,1,20,49,37,40,28.5,1
ALU0539,45,49,46,74,64,57,46,41,52.75,2
ALU0540,21,33,21,16,36,18,19,13,22.12,1
ALU0541,82,52,81,55,80,68,98,100,77.0,4
ALU0542,73,66,45,80,61,38,59,48,58.75,2
ALU0543,23,18,14,47,34,35,15,2,23.5,1
ALU0544,52,72,59,87,46,76,59,68,64.88,3
ALU0545,62,47,57,53,60,31,45,72,53.38,2
ALU0546,28,55,49,32,20,47,48,2,35.12,1
ALU0547,21,28,16,17,21,6,19,20,18.5,1
ALU0548,87,73,71,90,66,59,60,49,69.38,3
ALU0549,43,63,53,41,48,65,43,31,48.38,2
ALU0550,77,63,61,60,58,85,77,70,68.88,3
ALU0551,34,42,52,64,45,50,34,35,44.5,2
ALU0552,86,92,83,100,86,92,68,56,82.88,4
ALU0553,45,43,63,53,54,49,54,56,52.12,2
ALU0554,49,77,42,67,67,43,84,54,60.38,3
ALU0555,72,79,59,85,95,100,89,59,79.75,4
ALU0556,48,48,43,36,52,61,43,21,44.0,2
ALU0557,27,48,21,2,11,7,3,23,17.75,1
ALU0558,7,0,5,0,10,0,0,14,4.5,1
ALU0559,64,73,73,61,63,86,89,35,68.0,3
ALU0560,76,76,71,43,48,50,55,43,57.75,2
ALU0561,60,82,62,73,80,80,69,67,71.62,3
ALU0562,2,19,20,46,12,8,31,30,21.0,1
ALU0563,21,9,18,20,4,12,12,23,14.88,1
ALU0564,0,2,0,0,7,20,0,14,5.38,1
ALU0565,46,58,34,51,33,22,15,26,35.62,1
ALU0566,54,53,57,63,56,49,43,60,54.38,2
ALU0567,46,41,59,49,63,45,47,34,48.0,2
ALU0568,58,37,40,35,34,17,39,36,37.0,1
ALU0569,74,96,88,100,91,87,94,65,86.88,4
ALU0570,30,38,47,56,37,53,17,40,39.75,1
ALU0571,50,36,41,47,61,64,60,28,48.38,2
ALU0572,90,60,92,88,67,74,75,59,75.62,4
ALU0573,34,10,61,60,38,40,23,50,39.5,1
ALU0574,55,48,60,52,62,83,74,58,61.5,3
ALU0575,87,94,76,81,68,100,65,97,83.5,4
ALU0576,84,100,100,91,72,89,100,85,90.12,5
ALU0577,19,28,27,0,18,8,17,10,15.88,1
ALU0578,72,96,89,96,100,100,77,100,91.25,5
ALU0579,71,47,66,67,45,66,71,43,59.5,2
ALU0580,14,39,44,25,26,48,33,32,32.62,1
ALU0581,43,50,42,52,57,55,60,44,50.38,2
ALU0582,92,100,96,100,91,87,98,94,94.75,5
ALU0583,68,47,56,42,57,24,46,46,48.25,2
ALU0584,21,54,34,41,61,63,24,46,43.0,2
ALU0585,81,75,45,51,56,86,59,62,64.38,3
ALU0586,34,37,15,15,24,15,28,21,23.62,1
ALU0587,15,0,0,17,15,14,21,15,12.12,1
ALU0588,6,30,22,20,31,13,11,0,16.62,1
ALU0589,22,14,2,26,15,17,22,30,18.5,1
ALU0590,11,12,20,20,25,12,38,0,17.25,1
ALU0591,30,0,39,25,20,27,19,8,21.0,1
ALU0592,52,62,79,92,61,45,39,56,60.75,3
ALU0593,20,21,0,40,17,15,21,24,19.75,1
ALU0594,30,16,20,42,30,49,34,58,34.88,1
ALU0595,75,63,76,94,100,56,84,100,81.0,4
ALU0596,55,54,33,42,32,52,28,27,40.38,2
ALU0597,70,78,45,62,50,56,68,52,60.12,3
ALU0598,32,23,20,29,22,44,14,0,23.0,1
ALU0599,4,39,30,23,24,27,21,4,21.5,1
ALU0600,19,7,20,22,12,0,20,0,12.5,1
ALU0601,45,19,14,43,11,41,10,38,27.62,1
ALU0602,25,16,26,28,19,30,28,26,24.75,1
ALU0603,39,0,25,0,18,22,18,19,17.62,1
ALU0604,10,40,11,49,22,26,10,16,23.0,1
ALU0605,2,32,25,4,5,6,10,2,10.75,1
ALU0606,43,25,51,49,47,68,41,45,46.12,2
ALU0607,34,25,19,36,18,32,43,27,29.25,1
ALU0608,29,36,15,63,22,28,32,72,37.12,1
ALU0609,44,46,68,82,37,43,53,63,54.5,2
ALU0610,73,61,58,60,76,48,68,90,66.75,3
ALU0611,8,14,12,29,2,13,9,8,11.88,1
ALU0612,82,89,53,80,89,74,82,84,79.12,4
ALU0613,63,67,61,100,61,66,53,65,67.0,3
ALU0614,17,10,13,32,0,0,29,0,12.62,1
ALU0615,79,81,85,80,88,75,72,49,76.12,4
ALU0616,90,100,100,73,79,73,85,72,84.0,4
ALU0617,1,17,2,0,6,17,0,27,8.75,1
ALU0618,42,31,39,42,41,20,40,24,34.88,1
ALU0619,71,77,83,95,64,84,66,88,78.5,4
ALU0620,83,77,64,85,67,64,81,90,76.38,4
ALU0621,19,14,31,0,10,45,24,3,18.25,1
ALU0622,25,36,21,1,11,24,25,44,23.38,1
ALU0623,33,22,48,46,33,52,51,22,38.38,1
ALU0624,38,42,72,80,40,46,41,45,50.5,2
ALU0625,43,69,62,59,57,74,78,45,60.88,3
ALU0626,27,21,34,57,44,26,33,41,35.38,1
ALU0627,43,23,59,28,39,45,51,44,41.5,2
ALU0628,74,73,89,76,57,65,69,83,73.25,3
ALU0629,18,0,0,3,14,36,15,22,13.5,1
ALU0630,23,8,22,49,20,9,15,49,24.38,1
ALU0631,60,80,77,59,87,100,70,79,76.5,4
ALU0632,71,82,83,100,81,64,85,96,82.75,4
ALU0633,55,70,39,45,49,62,56,44,52.5,2
ALU0634,66,34,59,33,29,43,57,50,46.38,2
ALU0635,27,13,22,0,3,18,4,19,13.25,1
ALU0636,52,51,41,34,22,42,60,27,41.12,2
ALU0637,59,35,53,59,55,40,52,68,52.62,2
ALU0638,43,42,19,15,26,28,35,24,29.0,1
ALU0639,32,36,16,14,35,22,14,31,25.0,1
ALU0640,45,14,32,54,47,47,33,17,36.12,1
ALU0641,3,6,7,0,16,0,19,1,6.5,1
ALU0642,20,39,16,26,31,41,53,46,34.0,1
ALU0643,17,15,18,0,24,36,29,29,21.0,1
ALU0644,34,12,35,18,40,32,33,46,31.25,1
ALU0645,16,19,30,20,7,0,3,11,13.25,1
ALU0646,100,100,81,81,75,100,94,86,89.62,4
ALU0647,59,52,43,53,73,65,62,56,57.88,2
ALU0648,77,89,63,87,48,55,37,75,66.38,3
ALU0649,71,64,69,75,81,83,55,79,72.12,3
ALU0650,46,53,56,82,53,24,54,44,51.5,2
ALU0651,0,24,8,25,1,30,2,0,11.25,1
ALU0652,45,53,20,35,46,85,40,55,47.38,2
ALU0653,63,53,100,92,54,70,56,34,65.25,3
ALU0654,72,82,73,77,74,57,76,81,74.0,3
ALU0655,53,72,44,77,47,14,61,55,52.88,2
ALU0656,18,20,0,11,16,36,6,0,13.38,1
ALU0657,27,22,12,35,32,28,35,34,28.12,1
ALU0658,59,34,36,45,44,31,25,41,39.38,1
ALU0659,62,100,67,60,69,80,57,68,70.38,3
ALU0660,68,58,64,79,71,47,58,39,60.5,3
ALU0661,33,28,39,71,47,48,35,43,43.0,2
ALU0662,100,76,79,52,93,94,77,76,80.88,4
ALU0663,68,32,29,74,65,63,65,69,58.12,2
ALU0664,28,31,25,10,30,50,35,32,30.12,1
ALU0665,0,23,7,0,15,6,42,9,12.75,1
ALU0666,18,12,3,28,10,10,21,24,15.75,1
ALU0667,39,26,37,36,28,24,29,13,29.0,1
ALU0668,24,1,0,31,0,1,23,11,11.38,1
ALU0669,26,23,29,28,32,35,5,38,27.0,1
ALU0670,13,37,13,46,34,42,15,46,30.75,1
ALU0671,13,12,22,9,19,20,19,5,14.88,1
ALU0672,89,100,96,90,81,71,58,77,82.75,4
ALU0673,16,0,8,24,18,0,0,4,8.75,1
ALU0674,64,56,72,76,70,39,46,53,59.5,2
ALU0675,40,54,64,42,45,38,54,40,47.12,2
ALU0676,97,92,96,89,100,64,96,100,91.75,5
ALU0677,15,12,21,14,22,52,0,36,21.5,1
ALU0678,30,19,53,19,32,47,40,66,38.25,1
ALU0679,69,100,98,100,97,100,99,100,95.38,5
ALU0680,87,80,88,56,86,80,91,60,78.5,4
ALU0681,80,86,72,85,70,89,91,75,81.0,4
ALU0682,22,38,7,29,24,23,42,18,25.38,1
ALU0683,4,10,3,0,16,17,27,7,10.5,1
ALU0684,71,62,93,38,66,86,71,84,71.38,3
ALU0685,85,100,92,73,85,100,91,94,90.0,5
ALU0686,60,38,52,48,57,54,65,32,50.75,2
ALU0687,75,88,71,83,60,86,46,92,75.12,4
ALU0688,8,19,21,28,42,28,27,4,22.12,1
ALU0689,67,56,81,84,79,66,65,69,70.88,3
ALU0690,19,23,22,44,14,23,27,23,24.38,1
ALU0691,48,67,39,53,55,38,31,18,43.62,2
ALU0692,26,14,39,43,36,25,55,50,36.0,1
ALU0693,70,48,39,37,46,57,51,42,48.75,2
ALU0694,28,33,16,35,32,58,39,38,34.88,1
ALU0695,14,15,5,2,44,29,0,20,16.12,1
ALU0696,57,65,59,92,63,69,51,24,60.0,3
ALU0697,26,20,12,46,24,38,42,9,27.12,1
ALU0698,67,48,42,61,40,42,57,69,53.25,2
ALU0699,8,16,20,28,1,3,31,24,16.38,1
ALU0700,51,31,46,51,48,50,51,33,45.12,2
ALU0701,49,52,55,46,58,46,41,43,48.75,2
ALU0702,2,3,9,18,0,0,31,8,8.88,1
ALU0703,61,28,65,30,37,30,27,6,35.5,1
ALU0704,21,21,18,51,3,23,8,48,24.12,1
ALU0705,16,0,6,0,1,19,20,0,7.75,1
ALU0706,100,90,95,100,100,81,83,94,92.88,5
ALU0707,19,68,46,19,26,33,18,57,35.75,1
ALU0708,95,61,77,63,90,84,68,75,76.62,4
ALU0709,2,47,36,0,22,8,37,32,23.0,1
ALU0710,58,67,71,73,77,54,92,52,68.0,3
ALU0711,68,64,69,63,96,73,73,65,71.38,3
ALU0712,64,38,59,78,51,44,49,45,53.5,2
ALU0713,49,49,66,54,72,42,62,65,57.38,2
ALU0714,40,63,44,44,42,79,34,32,47.25,2
ALU0715,36,30,24,11,30,13,31,25,25.0,1
ALU0716,78,87,84,99,85,100,93,76,87.75,4
ALU0717,64,94,54,67,75,84,93,85,77.0,4
ALU0718,99,96,93,66,100,73,92,99,89.75,4
ALU0719,23,0,31,23,29,26,11,0,17.88,1
ALU0720,86,72,54,48,83,71,98,71,72.88,3
ALU0721,81,100,91,51,76,100,81,93,84.12,4
ALU0722,28,20,33,44,23,31,14,40,29.12,1
ALU0723,8,0,24,0,0,13,6,0,6.38,1
ALU0724,83,77,87,40,81,67,78,56,71.12,3
ALU0725,66,53,34,39,51,74,51,65,54.12,2
ALU0726,82,53,86,67,85,74,90,79,77.0,4
ALU0727,14,0,0,38,12,0,16,36,14.5,1
ALU0728,86,91,64,46,59,48,72,91,69.62,3
ALU0729,29,12,32,0,31,4,16,27,18.88,1
ALU0730,12,6,21,37,29,31,19,18,21.62,1
ALU0731,6,19,28,11,21,14,25,17,17.62,1
ALU0732,75,68,67,82,57,66,77,77,71.12,3
ALU0733,80,66,82,56,72,58,67,65,68.25,3
ALU0734,63,49,60,88,44,64,42,71,60.12,3
ALU0735,26,19,47,14,42,46,28,8,28.75,1
ALU0736,72,76,70,89,79,86,83,78,79.12,4
ALU0737,53,46,54,67,36,31,41,43,46.38,2
ALU0738,67,79,74,71,83,72,79,70,74.38,3
ALU0739,49,43,37,30,36,42,37,40,39.25,1
ALU0740,32,67,46,52,37,25,39,32,41.25,2
ALU0741,62,57,53,64,51,44,46,64,55.12,2
ALU0742,24,44,21,17,53,17,30,26,29.0,1
ALU0743,83,69,96,98,71,77,64,62,77.5,4
ALU0744,52,53,72,51,58,57,56,61,57.5,2
ALU0745,28,19,33,35,14,42,25,18,26.75,1
ALU0746,66,97,91,100,100,89,76,83,87.75,4
ALU0747,17,37,43,53,31,42,38,24,35.62,1
ALU0748,51,57,35,53,52,41,46,48,47.88,2
ALU0749,89,88,87,74,91,85,86,86,85.75,4
ALU0750,49,60,62,100,53,45,78,43,61.25,3
ALU0751,4,59,8,1,26,0,17,14,16.12,1
ALU0752,95,79,85,95,82,85,92,96,88.62,4
ALU0753,67,51,32,70,69,53,78,33,56.62,2
ALU0754,33,45,21,45,45,44,38,26,37.12,1
ALU0755,25,8,28,55,23,3,22,53,27.12,1
ALU0756,64,72,97,77,83,100,78,73,80.5,4
ALU0757,57,44,49,59,86,53,56,76,60.0,3
ALU0758,69,60,55,80,57,51,58,52,60.25,3
ALU0759,86,93,98,83,86,76,100,80,87.75,4
ALU0760,77,71,69,91,79,87,60,89,77.88,4
ALU0761,41,29,26,22,31,15,13,35,26.5,1
ALU0762,19,5,32,49,56,18,22,20,27.62,1
ALU0763,35,16,41,40,25,0,18,11,23.25,1
ALU0764,88,69,56,64,62,80,86,52,69.62,3
ALU0765,4,0,0,0,19,17,6,0,5.75,1
ALU0766,64,30,59,26,42,61,64,72,52.25,2
ALU0767,63,69,74,40,76,70,65,74,66.38,3
ALU0768,77,94,83,82,86,79,76,100,84.62,4
ALU0769,39,55,42,0,34,47,23,21,32.62,1
ALU0770,86,70,67,76,78,77,96,64,76.75,4
ALU0771,26,25,0,17,0,31,24,9,16.5,1
ALU0772,96,90,75,96,72,79,68,85,82.62,4
ALU0773,15,34,11,25,25,14,30,14,21.0,1
ALU0774,52,35,37,56,20,46,37,50,41.62,2
ALU0775,73,49,91,84,75,97,82,82,79.12,4
ALU0776,27,19,27,12,15,36,19,25,22.5,1
ALU0777,27,10,32,23,5,24,8,35,20.5,1
ALU0778,74,59,72,54,86,64,60,85,69.25,3
ALU0779,74,65,64,73,59,51,86,35,63.38,3
ALU0780,46,57,52,34,68,73,73,62,58.12,2
ALU0781,56,69,53,86,62,40,55,79,62.5,3
ALU0782,54,64,45,36,45,79,56,89,58.5,2
ALU0783,10,22,27,30,25,40,25,26,25.62,1
ALU0784,44,42,22,41,32,24,49,5,32.38,1
ALU0785,30,21,23,42,19,39,18,41,29.12,1
ALU0786,90,100,84,56,78,94,77,69,81.0,4
ALU0787,46,54,52,51,47,64,66,63,55.38,2
ALU0788,54,39,55,50,51,37,55,48,48.62,2
ALU0789,66,40,17,78,46,54,51,48,50.0,2
ALU0790,91,87,85,89,89,69,97,60,83.38,4
ALU0791,23,7,0,8,9,19,4,13,10.38,1
ALU0792,59,44,60,94,73,47,42,35,56.75,2
ALU0793,55,62,59,64,49,46,34,56,53.12,2
ALU0794,58,43,43,84,41,49,72,47,54.62,2
ALU0795,6,1,0,0,9,0,1,0,2.12,1
ALU0796,92,98,63,92,75,100,93,93,88.25,4
ALU0797,100,83,89,69,97,67,81,71,82.12,4
ALU0798,41,68,51,32,66,61,55,57,53.88,2
ALU0799,66,58,64,78,76,50,58,57,63.38,3
ALU0800,76,72,83,99,83,100,84,100,87.12,4
ALU0801,84,44,56,59,67,75,48,80,64.12,3
ALU0802,12,38,32,44,21,0,14,22,22.88,1
ALU0803,42,39,60,50,65,61,51,55,52.88,2
ALU0804,65,70,45,54,49,49,39,53,53.0,2
ALU0805,60,28,34,42,44,46,48,26,41.0,2
ALU0806,77,91,60,66,89,51,78,63,71.88,3
ALU0807,91,100,100,100,83,100,81,95,93.75,5
ALU0808,92,63,96,69,88,58,73,100,79.88,4
ALU0809,59,29,44,31,71,33,66,53,48.25,2
ALU0810,6,26,35,0,12,0,18,25,15.25,1
ALU0811,92,100,100,100,78,99,65,92,90.75,5
ALU0812,75,92,77,74,79,73,75,87,79.0,4
ALU0813,4,7,11,2,32,13,8,0,9.62,1
ALU0814,84,100,83,82,98,78,79,77,85.12,4
ALU0815,94,85,71,98,73,62,96,93,84.0,4
ALU0816,57,33,72,63,55,48,54,61,55.38,2
ALU0817,64,54,46,47,56,38,65,50,52.5,2
ALU0818,42,22,51,33,49,13,39,22,33.88,1
ALU0819,15,33,18,0,3,19,20,8,14.5,1
ALU0820,27,25,31,37,40,16,30,29,29.38,1
ALU0821,74,84,98,100,96,99,80,90,90.12,5
ALU0822,7,0,0,0,0,26,11,15,7.38,1
ALU0823,37,25,34,46,40,48,27,56,39.12,1
ALU0824,44,12,34,30,54,23,15,56,33.5,1
ALU0825,51,62,64,33,37,85,33,49,51.75,2
ALU0826,84,100,92,100,80,52,100,92,87.5,4
ALU0827,67,22,15,78,32,22,43,64,42.88,2
ALU0828,45,13,51,46,28,48,44,30,38.12,1
ALU0829,75,83,77,63,63,82,88,73,75.5,4
ALU0830,43,21,33,39,41,34,32,45,36.0,1
ALU0831,20,43,21,59,33,13,16,25,28.75,1
ALU0832,44,32,30,51,60,42,32,33,40.5,2
ALU0833,20,1,15,3,30,16,45,35,20.62,1
ALU0834,2,24,22,19,30,13,8,8,15.75,1
ALU0835,34,34,45,53,68,74,64,75,55.88,2
ALU0836,36,32,37,51,63,32,34,65,43.75,2
ALU0837,89,92,67,100,88,100,88,90,89.25,4
ALU0838,35,1,41,60,51,43,52,37,40.0,2
ALU0839,72,81,34,60,61,72,60,46,60.75,3
ALU0840,47,62,62,61,59,39,60,62,56.5,2
ALU0841,0,0,0,13,5,21,33,21,11.62,1
ALU0842,79,49,65,53,74,79,42,55,62.0,3
ALU0843,22,35,20,38,35,11,9,41,26.38,1
ALU0844,100,100,96,87,97,100,87,100,95.88,5
ALU0845,38,39,28,27,14,0,30,16,24.0,1
ALU0846,35,32,54,73,37,35,36,53,44.38,2
ALU0847,11,17,0,22,0,30,24,0,13.0,1
ALU0848,91,100,94,98,98,91,74,93,92.38,5
ALU0849,30,60,74,40,53,46,63,81,55.88,2
ALU0850,55,75,60,57,48,79,69,75,64.75,3
ALU0851,19,0,1,0,15,0,0,18,6.62,1
ALU0852,77,70,71,82,77,69,72,73,73.88,3
ALU0853,30,14,19,0,9,22,20,22,17.0,1
ALU0854,82,85,71,100,82,73,91,85,83.62,4
ALU0855,16,33,33,36,37,44,37,12,31.0,1
ALU0856,34,0,29,23,15,8,13,31,19.12,1
ALU0857,3,24,0,0,8,0,12,22,8.62,1
ALU0858,50,30,46,47,49,10,50,43,40.62,2
ALU0859,57,51,49,23,55,72,57,62,53.25,2
ALU0860,25,29,0,25,17,5,28,0,16.12,1
ALU0861,84,79,57,71,84,69,76,73,74.12,3
ALU0862,32,50,30,73,58,42,31,33,43.62,2
ALU0863,40,34,51,59,49,70,61,49,51.62,2
ALU0864,50,29,39,48,49,68,63,46,49.0,2
ALU0865,40,55,29,48,49,15,42,49,40.88,2
ALU0866,50,46,50,37,54,48,71,46,50.25,2
ALU0867,29,11,27,10,11,1,13,25,15.88,1
ALU0868,23,35,25,23,22,18,26,7,22.38,1
ALU0869,83,66,94,77,76,81,63,87,78.38,4
ALU0870,97,94,87,79,83,64,82,100,85.75,4
ALU0871,34,39,57,33,40,44,40,33,40.0,2
ALU0872,45,29,33,30,27,22,37,10,29.12,1
ALU0873,55,55,57,100,64,74,68,75,68.5,3
ALU0874,48,33,42,35,26,42,57,45,41.0,2
ALU0875,21,0,0,0,5,0,0,13,4.88,1
ALU0876,5,26,15,16,0,28,36,36,20.25,1
ALU0877,66,59,74,96,58,49,60,59,65.12,3
ALU0878,75,78,71,92,63,45,49,54,65.88,3
ALU0879,19,4,2,42,19,2,19,15,15.25,1
ALU0880,23,9,57,26,30,20,11,39,26.88,1
ALU0881,18,22,23,37,26,0,42,29,24.62,1
ALU0882,75,59,45,46,61,63,39,64,56.5,2
ALU0883,18,21,21,0,4,5,0,11,10.0,1
ALU0884,2,8,21,0,27,12,24,24,14.75,1
ALU0885,64,72,79,85,65,51,85,56,69.62,3
ALU0886,23,42,15,21,13,23,0,7,18.0,1
ALU0887,70,71,68,67,74,73,55,62,67.5,3
ALU0888,23,51,45,11,22,6,5,36,24.88,1
ALU0889,20,32,16,29,33,0,15,44,23.62,1
ALU0890,19,13,9,0,33,38,27,25,20.5,1
ALU0891,48,84,28,65,81,93,67,73,67.38,3
ALU0892,77,100,86,80,65,79,80,72,79.88,4
ALU0893,80,100,67,43,90,72,66,88,75.75,4
ALU0894,37,55,39,47,32,43,31,25,38.62,1
ALU0895,53,79,55,62,72,85,77,64,68.38,3
ALU0896,5,18,12,33,19,10,17,10,15.5,1
ALU0897,26,18,22,67,33,24,24,1,26.88,1
ALU0898,94,80,77,91,74,78,99,100,86.62,4
ALU0899,18,0,15,23,0,0,0,17,9.12,1
ALU0900,24,32,19,37,14,25,30,24,25.62,1
ALU0901,15,19,9,32,20,27,42,36,25.0,1
ALU0902,0,26,0,0,0,0,0,27,6.62,1
ALU0903,26,2,25,0,4,21,32,23,16.62,1
ALU0904,63,73,70,64,30,82,31,69,60.25,3
ALU0905,46,35,55,35,48,47,44,35,43.12,2
ALU0906,65,66,73,100,82,100,73,82,80.12,4
ALU0907,69,100,90,70,72,70,84,57,76.5,4
ALU0908,35,52,14,35,37,50,39,38,37.5,1
ALU0909,33,31,25,7,38,48,25,20,28.38,1
ALU0910,46,39,45,32,41,38,26,37,38.0,1
ALU0911,59,64,33,41,53,51,69,69,54.88,2
ALU0912,32,32,54,13,50,45,28,33,35.88,1
ALU0913,62,49,77,60,54,69,52,75,62.25,3
ALU0914,48,35,49,30,27,56,35,33,39.12,1
ALU0915,57,84,43,100,55,60,53,60,64.0,3
ALU0916,44,84,43,59,41,43,43,35,49.0,2
ALU0917,28,54,40,51,40,30,35,29,38.38,1
ALU0918,91,97,76,88,85,85,100,86,88.5,4
ALU0919,78,68,71,75,72,79,86,59,73.5,3
ALU0920,20,5,28,9,8,14,14,11,13.62,1
ALU0921,86,72,65,100,91,86,88,91,84.88,4
ALU0922,62,40,52,46,50,36,46,36,46.0,2
ALU0923,88,100,64,74,82,72,100,76,82.0,4
ALU0924,70,100,65,63,75,85,75,94,78.38,4
ALU0925,52,54,37,49,43,49,44,63,48.88,2
ALU0926,0,0,13,32,0,0,6,18,8.62,1
ALU0927,18,42,20,48,40,49,34,53,38.0,1
ALU0928,57,50,55,40,64,41,61,72,55.0,2
ALU0929,67,29,53,47,62,68,78,60,58.0,2
ALU0930,15,32,21,50,27,35,42,56,34.75,1
ALU0931,13,4,32,55,7,18,18,39,23.25,1
ALU0932,74,68,66,77,97,99,79,79,79.88,4
ALU0933,88,89,100,100,100,100,90,97,95.5,5
ALU0934,61,44,52,25,56,35,64,43,47.5,2
ALU0935,27,19,13,5,28,0,23,19,16.75,1
ALU0936,29,28,14,11,41,22,59,7,26.38,1
ALU0937,1,0,0,14,16,0,5,0,4.5,1
ALU0938,73,100,78,84,78,80,100,98,86.38,4
ALU0939,29,0,13,19,12,42,33,1,18.62,1
ALU0940,62,42,64,78,61,97,74,52,66.25,3
ALU0941,22,24,26,17,31,15,25,37,24.62,1
ALU0942,62,53,52,56,62,58,53,50,55.75,2
ALU0943,62,85,62,39,70,66,61,79,65.5,3
ALU0944,76,83,85,100,82,84,97,96,87.88,4
ALU0945,27,32,31,43,0,3,18,14,21.0,1
ALU0946,0,10,0,12,17,24,0,0,7.88,1
ALU0947,13,20,13,19,25,30,25,17,20.25,1
ALU0948,87,90,100,76,100,78,70,76,84.62,4
ALU0949,78,54,67,58,78,100,92,100,78.38,4
ALU0950,65,55,59,64,40,37,45,52,52.12,2
ALU0951,77,76,56,72,57,33,54,71,62.0,3
ALU0952,57,100,58,100,69,68,78,43,71.62,3
ALU0953,4,2,39,13,16,27,14,9,15.5,1
ALU0954,67,93,87,92,100,84,90,72,85.62,4
ALU0955,41,34,60,62,36,59,57,25,46.75,2
ALU0956,32,70,39,60,38,29,25,32,40.62,2
ALU0957,53,31,57,40,49,69,53,56,51.0,2
ALU0958,10,18,2,4,36,21,16,30,17.12,1
ALU0959,3,0,13,10,10,47,2,17,12.75,1
ALU0960,53,66,76,55,77,44,58,72,62.62,3
ALU0961,15,11,17,38,0,5,31,17,16.75,1
ALU0962,60,75,66,60,62,45,45,49,57.75,2
ALU0963,22,10,31,25,17,38,22,26,23.88,1
ALU0964,23,49,23,44,51,63,15,69,42.12,2
ALU0965,35,31,21,31,40,25,21,36,30.0,1
ALU0966,49,41,47,33,39,46,46,66,45.88,2
ALU0967,72,84,46,56,55,91,81,70,69.38,3
ALU0968,23,12,35,59,31,36,41,23,32.5,1
ALU0969,56,68,54,45,52,66,55,70,58.25,2
ALU0970,34,39,58,31,56,18,34,65,41.88,2
ALU0971,75,81,69,63,55,88,69,57,69.62,3
ALU0972,90,94,81,100,100,84,84,94,90.88,5
ALU0973,53,67,62,56,80,100,51,70,67.38,3
ALU0974,21,15,18,37,10,11,24,5,17.62,1
ALU0975,12,20,14,3,5,14,23,0,11.38,1
ALU0976,25,47,0,33,28,40,41,25,29.88,1
ALU0977,55,50,60,75,68,21,72,74,59.38,2
ALU0978,0,0,0,0,2,36,13,21,9.0,1
ALU0979,55,60,51,33,51,60,38,36,48.0,2
ALU0980,52,36,62,75,69,36,65,43,54.75,2
ALU0981,13,15,15,36,37,40,36,22,26.75,1
ALU0982,70,58,71,78,55,79,71,60,67.75,3
ALU0983,24,8,16,27,9,12,22,2,15.0,1
ALU0984,7,0,12,0,20,2,17,0,7.25,1
ALU0985,87,41,69,89,78,69,63,36,66.5,3
ALU0986,53,32,34,64,27,62,41,13,40.75,2
ALU0987,70,76,54,71,68,79,53,45,64.5,3
ALU0988,42,25,27,52,53,44,47,60,43.75,2
ALU0989,26,22,33,48,32,30,38,77,38.25,1
ALU0990,76,100,77,68,85,76,71,100,81.62,4
ALU0991,73,76,76,88,97,62,64,80,77.0,4
ALU0992,72,72,47,98,67,66,73,56,68.88,3
ALU0993,20,15,29,41,32,18,48,23,28.25,1
ALU0994,47,90,65,54,48,43,82,60,61.12,3
ALU0995,26,29,15,79,31,1,55,66,37.75,1
ALU0996,33,9,6,17,9,7,12,0,11.62,1
ALU0997,92,100,68,100,96,99,76,87,89.75,4
ALU0998,20,14,12,9,9,35,24,18,17.62,1
ALU0999,79,91,79,100,100,97,89,89,90.5,5
ALU1000,51,40,49,35,34,25,42,17,36.62,1
ALU1001,20,17,23,27,28,19,44,17,24.38,1
ALU1002,55,59,69,42,59,36,70,34,53.0,2
ALU1003,73,91,82,100,86,100,91,100,90.38,5
ALU1004,72,61,74,66,80,65,69,78,70.62,3
ALU1005,73,66,70,57,70,70,77,93,72.0,3
ALU1006,56,55,51,66,59,78,45,51,57.62,2
ALU1007,74,46,77,76,57,66,79,61,67.0,3
ALU1008,66,57,96,80,81,97,96,100,84.12,4
ALU1009,33,31,35,12,26,10,18,41,25.75,1
ALU1010,55,63,50,67,57,50,41,54,54.62,2
ALU1011,16,37,13,47,28,32,36,43,31.5,1
ALU1012,85,58,100,64,100,54,89,100,81.25,4
ALU1013,87,86,96,74,87,79,100,100,88.62,4
ALU1014,11,0,32,5,12,0,0,23,10.38,1
ALU1015,66,70,54,58,86,69,64,84,68.88,3
ALU1016,92,82,98,97,74,83,94,83,87.88,4
ALU1017,38,30,27,54,2,25,17,23,27.0,1
ALU1018,51,55,52,49,62,52,51,65,54.62,2
ALU1019,70,58,100,100,78,100,82,91,84.88,4
ALU1020,16,0,12,0,0,39,16,15,12.25,1
ALU1021,84,67,56,75,73,45,79,65,68.0,3
ALU1022,35,33,30,21,21,32,37,0,26.12,1
ALU1023,77,67,76,96,100,100,79,97,86.5,4
ALU1024,91,69,86,60,93,81,100,93,84.12,4
ALU1025,78,90,98,66,87,94,93,91,87.12,4
ALU1026,54,26,59,56,39,41,60,78,51.62,2
ALU1027,69,57,85,71,84,67,67,87,73.38,3
ALU1028,78,74,72,75,65,65,95,69,74.12,3
ALU1029,23,26,38,66,9,0,29,43,29.25,1
ALU1030,80,66,88,82,64,82,74,80,77.0,4
ALU1031,4,0,0,24,19,11,13,23,11.75,1
ALU1032,60,58,60,44,49,44,34,50,49.88,2
ALU1033,25,14,23,1,11,21,29,14,17.25,1
ALU1034,5,16,27,14,14,0,12,8,12.0,1
ALU1035,18,6,16,0,34,19,28,0,15.12,1
ALU1036,67,70,73,55,78,61,70,61,66.88,3
ALU1037,25,48,29,39,27,47,23,57,36.88,1
ALU1038,92,82,70,68,62,65,60,60,69.88,3
ALU1039,15,30,22,16,2,0,0,0,10.62,1
ALU1040,31,45,32,44,24,25,62,25,36.0,1
ALU1041,67,57,55,32,58,76,23,56,53.0,2
ALU1042,94,69,57,59,72,100,69,65,73.12,3
ALU1043,32,27,32,0,22,11,42,34,25.0,1
ALU1044,64,48,37,54,47,74,78,64,58.25,2
ALU1045,74,84,78,97,100,68,100,84,85.62,4
ALU1046,58,70,61,87,67,49,59,59,63.75,3
ALU1047,23,15,35,29,17,29,31,50,28.62,1
ALU1048,9,6,0,31,19,14,3,9,11.38,1
ALU1049,86,73,87,90,71,72,64,72,76.88,4
ALU1050,12,10,24,8,5,16,0,17,11.5,1
ALU1051,86,75,76,72,81,100,63,82,79.38,4
ALU1052,40,41,34,9,54,63,56,53,43.75,2
ALU1053,80,79,92,100,80,75,85,100,86.38,4
ALU1054,71,84,62,75,78,70,74,95,76.12,4
ALU1055,91,93,84,100,77,100,100,78,90.38,5
ALU1056,47,30,47,19,32,59,39,60,41.62,2
ALU1057,62,77,96,100,87,54,81,73,78.75,4
ALU1058,37,34,29,36,51,45,62,40,41.75,2
ALU1059,57,65,39,35,41,59,38,34,46.0,2
ALU1060,58,46,56,57,46,40,38,71,51.5,2
ALU1061,88,80,77,86,61,98,76,63,78.62,4
ALU1062,92,72,100,92,99,100,91,100,93.25,5
ALU1063,76,68,67,64,76,84,79,97,76.38,4
ALU1064,40,17,37,10,46,51,51,38,36.25,1
ALU1065,49,54,62,28,59,31,30,58,46.38,2
ALU1066,55,82,78,90,72,64,56,72,71.12,3
ALU1067,22,38,38,10,28,16,42,6,25.0,1
ALU1068,17,15,4,0,0,1,18,16,8.88,1
ALU1069,42,23,30,17,53,33,41,34,34.12,1
ALU1070,45,18,18,29,29,35,34,43,31.38,1
ALU1071,27,54,41,18,23,18,33,26,30.0,1
ALU1072,40,47,40,20,28,20,23,33,31.38,1
ALU1073,2,10,1,0,28,13,0,0,6.75,1
ALU1074,19,0,2,24,27,0,0,12,10.5,1
ALU1075,100,100,90,100,84,100,100,94,96.0,5
ALU1076,34,33,24,83,55,46,65,41,47.62,2
ALU1077,42,43,31,32,42,42,50,40,40.25,2
ALU1078,65,86,75,61,76,83,65,62,71.62,3
ALU1079,30,12,14,45,27,38,31,26,27.88,1
ALU1080,88,100,91,97,96,99,73,87,91.38,5
ALU1081,72,83,60,58,88,79,87,62,73.62,3
ALU1082,26,12,11,23,0,12,10,0,11.75,1
ALU1083,41,27,35,49,46,33,42,35,38.5,1
ALU1084,92,73,69,51,72,69,85,79,73.75,3
ALU1085,87,94,99,78,85,95,87,47,84.0,4
ALU1086,63,25,57,50,47,52,56,47,49.62,2
ALU1087,53,62,48,86,50,62,79,91,66.38,3
ALU1088,13,28,17,32,14,0,30,29,20.38,1
ALU1089,100,100,94,84,80,54,94,91,87.12,4
ALU1090,21,4,4,13,19,26,13,14,14.25,1
ALU1091,100,100,73,100,94,62,90,66,85.62,4
ALU1092,72,88,78,19,72,68,62,75,66.75,3
ALU1093,58,65,46,45,52,88,69,65,61.0,3
ALU1094,33,35,66,76,64,56,43,33,50.75,2
ALU1095,25,20,9,31,31,19,15,39,23.62,1
ALU1096,21,20,28,7,35,5,24,32,21.5,1
ALU1097,36,28,21,3,7,16,35,15,20.12,1
ALU1098,37,22,19,36,24,21,23,17,24.88,1
ALU1099,68,79,97,76,81,91,86,78,82.0,4
ALU1100,44,35,21,32,19,38,21,44,31.75,1
ALU1101,17,14,17,16,34,5,15,0,14.75,1
ALU1102,100,85,98,95,85,100,76,100,92.38,5
ALU1103,89,79,100,86,89,100,100,85,91.0,5
ALU1104,69,79,75,64,97,93,100,100,84.62,4
ALU1105,92,100,87,76,95,97,99,100,93.25,5
ALU1106,9,42,30,34,34,0,1,21,21.38,1
ALU1107,38,48,38,50,60,20,24,53,41.38,2
ALU1108,83,93,67,80,62,50,95,52,72.75,3
ALU1109,70,79,79,57,68,64,53,62,66.5,3
ALU1110,30,21,15,32,28,6,24,5,20.12,1
ALU1111,81,55,67,71,62,70,100,70,72.0,3
ALU1112,12,21,33,48,35,12,26,17,25.5,1
ALU1113,0,20,29,11,42,13,10,7,16.5,1
ALU1114,54,36,49,43,66,25,32,66,46.38,2
ALU1115,56,36,54,55,62,61,62,68,56.75,2
ALU1116,47,64,46,72,72,67,43,48,57.38,2
ALU1117,0,18,21,12,16,14,13,0,11.75,1
ALU1118,76,66,79,84,70,89,71,76,76.38,4
ALU1119,26,17,19,21,23,35,21,28,23.75,1
ALU1120,23,34,1,21,14,23,9,35,20.0,1
ALU1121,86,71,89,83,84,97,81,77,83.5,4
ALU1122,100,93,84,76,90,100,82,100,90.62,5
ALU1123,72,79,58,84,79,100,86,75,79.12,4
ALU1124,86,85,63,80,80,48,89,85,77.0,4
ALU1125,64,51,61,100,79,70,59,75,69.88,3
ALU1126,61,55,52,43,56,36,57,62,52.75,2
ALU1127,8,15,9,0,19,33,1,0,10.62,1
ALU1128,52,45,37,46,19,42,22,36,37.38,1
ALU1129,41,39,20,20,39,42,43,46,36.25,1
ALU1130,21,33,17,9,39,30,38,6,24.12,1
ALU1131,69,100,84,44,82,73,47,81,72.5,3
ALU1132,47,88,62,35,61,74,48,32,55.88,2
ALU1133,17,2,19,0,15,30,17,0,12.5,1
ALU1134,13,0,30,1,28,48,28,17,20.62,1
ALU1135,66,75,77,61,59,63,59,56,64.5,3
ALU1136,15,14,0,0,20,0,12,14,9.38,1
ALU1137,81,97,82,90,74,92,92,85,86.62,4
ALU1138,63,53,36,39,56,32,39,50,46.0,2
ALU1139,55,49,35,40,48,42,66,34,46.12,2
ALU1140,58,75,62,68,58,57,41,75,61.75,3
ALU1141,81,98,90,85,89,79,89,80,86.38,4
ALU1142,39,15,33,24,41,45,36,49,35.25,1
ALU1143,70,53,85,74,68,52,59,33,61.75,3
ALU1144,37,54,58,83,50,65,33,63,55.38,2
ALU1145,26,30,19,10,45,26,43,21,27.5,1
ALU1146,69,80,71,97,87,100,72,94,83.75,4
ALU1147,89,83,88,56,84,52,76,100,78.5,4
ALU1148,63,79,65,85,65,66,69,47,67.38,3
ALU1149,79,100,89,68,74,90,100,93,86.62,4
ALU1150,92,91,51,69,86,76,78,74,77.12,4
ALU1151,72,55,71,89,62,60,69,42,65.0,3
ALU1152,69,78,74,93,84,100,85,93,84.5,4
ALU1153,67,66,51,55,35,80,69,93,64.5,3
ALU1154,62,73,65,68,62,54,57,95,67.0,3
ALU1155,43,66,73,47,60,38,78,64,58.62,2
ALU1156,65,100,99,44,63,81,67,52,71.38,3
ALU1157,17,12,22,22,22,24,24,16,19.88,1
ALU1158,83,90,75,77,80,92,81,82,82.5,4
ALU1159,68,100,74,66,83,81,76,98,80.75,4
ALU1160,19,0,19,31,2,20,20,7,14.75,1
ALU1161,78,81,67,62,89,100,82,50,76.12,4
ALU1162,16,2,24,19,22,39,0,25,18.38,1
ALU1163,39,36,38,54,38,22,38,36,37.62,1
ALU1164,64,60,74,67,72,100,64,84,73.12,3
ALU1165,24,35,0,6,44,29,0,22,20.0,1
ALU1166,74,80,74,83,77,57,90,88,77.88,4
ALU1167,70,65,62,88,72,86,70,80,74.12,3
ALU1168,56,63,43,66,38,54,53,54,53.38,2
ALU1169,20,8,16,39,14,3,16,0,14.5,1
ALU1170,38,45,45,22,47,27,27,35,35.75,1
ALU1171,69,43,63,64,52,71,63,57,60.25,3
ALU1172,88,98,86,70,90,100,85,100,89.62,4
ALU1173,45,73,80,73,58,53,75,45,62.75,3
ALU1174,43,22,21,31,27,20,26,47,29.62,1
ALU1175,82,43,48,58,44,53,68,65,57.62,2
ALU1176,69,52,61,42,61,50,71,64,58.75,2
ALU1177,71,93,80,68,87,88,52,75,76.75,4
ALU1178,3,31,8,18,0,32,6,23,15.12,1
ALU1179,62,67,74,56,91,70,71,42,66.62,3
ALU1180,36,34,59,48,69,70,55,52,52.88,2
ALU1181,90,85,94,91,60,98,99,80,87.12,4
ALU1182,51,28,41,8,14,37,50,30,32.38,1
ALU1183,60,68,55,43,60,89,52,76,62.88,3
ALU1184,91,87,95,77,100,93,86,66,86.88,4
ALU1185,27,2,14,42,17,12,27,24,20.62,1
ALU1186,85,100,83,74,89,100,93,95,89.88,4
ALU1187,87,69,63,65,72,48,46,84,66.75,3
ALU1188,31,17,9,0,3,7,0,0,8.38,1
ALU1189,30,6,14,18,44,36,26,40,26.75,1
ALU1190,62,32,61,42,67,79,75,72,61.25,3
ALU1191,18,0,11,23,0,14,17,10,11.62,1
ALU1192,53,50,41,33,49,38,46,77,48.38,2
ALU1193,24,44,28,52,39,22,44,6,32.38,1
ALU1194,73,25,89,69,57,54,63,62,61.5,3
ALU1195,21,33,0,7,5,12,0,23,12.62,1
ALU1196,84,85,78,100,85,63,76,60,78.88,4
ALU1197,79,100,82,100,96,100,69,100,90.75,5
ALU1198,79,78,90,100,79,96,77,96,86.88,4
ALU1199,73,80,62,52,84,76,49,42,64.75,3
ALU1200,11,17,13,43,15,14,0,32,18.12,1
ALU1201,69,85,64,76,77,51,93,60,71.88,3
ALU1202,17,3,19,45,8,8,2,29,16.38,1
ALU1203,14,14,7,0,2,18,0,15,8.75,1
ALU1204,47,50,22,57,43,31,39,38,40.88,2
ALU1205,39,39,59,48,49,65,52,63,51.75,2
ALU1206,70,77,62,100,75,73,76,86,77.38,4
ALU1207,74,38,47,61,41,76,56,39,54.0,2
ALU1208,49,55,45,99,53,43,52,21,52.12,2
ALU1209,44,58,52,37,27,35,16,27,37.0,1
ALU1210,98,76,72,100,100,100,100,79,90.62,5
ALU1211,61,41,27,73,59,27,53,66,50.88,2
ALU1212,51,58,54,31,53,55,44,31,47.12,2
ALU1213,30,20,12,37,20,35,2,21,22.12,1
ALU1214,73,79,83,71,73,100,86,84,81.12,4
ALU1215,67,61,57,70,92,68,60,100,71.88,3
ALU1216,33,18,26,26,29,0,28,40,25.0,1
ALU1217,28,11,33,22,14,0,20,3,16.38,1
ALU1218,73,66,51,75,64,52,56,73,63.75,3
ALU1219,63,46,76,53,54,83,89,73,67.12,3
ALU1220,43,28,37,31,10,62,29,38,34.75,1
ALU1221,68,100,72,48,100,84,82,76,78.75,4
ALU1222,4,12,25,36,10,19,30,47,22.88,1
ALU1223,50,25,44,74,42,5,62,26,41.0,2
ALU1224,90,87,91,93,88,99,65,99,89.0,4
ALU1225,48,32,46,13,57,44,26,30,37.0,1
ALU1226,63,42,58,75,54,58,53,67,58.75,2
ALU1227,46,42,41,27,43,26,66,38,41.12,2
ALU1228,21,19,32,32,34,24,23,11,24.5,1
ALU1229,99,84,100,100,79,73,100,58,86.62,4
ALU1230,51,44,23,51,27,28,44,54,40.25,2
ALU1231,97,62,100,100,78,66,68,77,81.0,4
ALU1232,45,0,11,28,28,10,36,27,23.12,1
ALU1233,26,34,33,27,25,6,27,49,28.38,1
ALU1234,10,0,8,21,6,16,0,16,9.62,1
ALU1235,48,48,48,62,70,46,55,23,50.0,2
ALU1236,32,11,44,25,29,37,25,21,28.0,1
ALU1237,80,75,71,90,81,66,75,57,74.38,3
ALU1238,58,54,60,27,46,31,55,35,45.75,2
ALU1239,86,93,83,90,83,75,81,88,84.88,4
ALU1240,29,57,3,0,44,36,22,57,31.0,1
ALU1241,83,99,100,73,61,80,86,97,84.88,4
ALU1242,73,60,77,65,87,63,74,79,72.25,3
ALU1243,76,56,84,56,82,59,54,80,68.38,3
ALU1244,77,100,70,100,89,60,90,87,84.12,4
ALU1245,69,89,50,91,74,62,59,48,67.75,3
ALU1246,44,70,81,85,74,39,54,41,61.0,3
ALU1247,14,17,16,13,12,10,11,23,14.5,1
ALU1248,3,12,13,0,11,0,7,7,6.62,1
ALU1249,82,65,95,100,88,76,89,92,85.88,4
ALU1250,64,62,56,62,58,79,68,82,66.38,3
ALU1251,83,77,79,78,77,73,72,67,75.75,4
ALU1252,50,34,67,2,38,45,33,43,39.0,1
ALU1253,25,7,15,29,8,34,28,19,20.62,1
ALU1254,22,38,27,27,32,0,11,0,19.62,1
ALU1255,63,64,42,66,95,59,64,46,62.38,3
ALU1256,39,74,57,58,48,20,31,62,48.62,2
ALU1257,26,0,4,33,31,24,12,18,18.5,1
ALU1258,54,41,61,36,51,58,66,42,51.12,2
ALU1259,24,0,15,6,15,0,0,14,9.25,1
ALU1260,69,39,56,39,62,70,42,34,51.38,2
ALU1261,23,16,28,55,39,33,23,24,30.12,1
ALU1262,75,81,73,94,92,77,80,68,80.0,4
ALU1263,39,36,23,18,24,14,21,38,26.62,1
ALU1264,56,35,43,57,74,57,27,16,45.62,2
ALU1265,15,0,32,11,7,31,0,0,12.0,1
ALU1266,10,33,27,0,12,5,6,5,12.25,1
ALU1267,27,36,29,42,36,35,28,33,33.25,1
ALU1268,38,31,51,63,44,48,74,62,51.38,2
ALU1269,61,63,60,75,65,53,82,47,63.25,3
ALU1270,34,34,29,73,37,28,45,74,44.25,2
ALU1271,56,62,55,69,73,82,72,78,68.38,3
ALU1272,82,84,87,78,77,81,86,75,81.25,4
ALU1273,81,57,85,85,48,79,91,83,76.12,4
ALU1274,0,19,0,5,0,39,10,18,11.38,1
ALU1275,59,33,71,37,48,70,38,43,49.88,2
ALU1276,10,5,32,0,17,0,39,30,16.62,1
ALU1277,39,36,33,0,22,52,33,13,28.5,1
ALU1278,88,100,79,100,86,100,100,100,94.12,5
ALU1279,7,41,22,0,20,40,39,16,23.12,1
ALU1280,45,65,53,34,48,40,28,53,45.75,2
ALU1281,59,55,66,65,55,63,50,63,59.5,2
ALU1282,64,45,87,62,52,62,65,68,63.12,3
ALU1283,53,76,53,94,46,57,61,83,65.38,3
ALU1284,9,26,30,0,15,32,16,0,16.0,1
ALU1285,32,24,39,74,24,36,33,23,35.62,1
ALU1286,50,65,48,76,58,25,67,50,54.88,2
ALU1287,0,7,41,29,26,7,20,31,20.12,1
ALU1288,40,59,46,62,28,26,43,37,42.62,2
ALU1289,7,0,2,15,3,34,4,6,8.88,1
ALU1290,28,41,13,0,21,0,15,4,15.25,1
ALU1291,31,52,48,49,53,34,44,33,43.0,2
ALU1292,0,43,15,0,10,11,28,31,17.25,1
ALU1293,62,49,57,46,39,80,40,55,53.5,2
ALU1294,70,73,57,65,79,81,75,70,71.25,3
ALU1295,66,62,56,60,82,85,57,67,66.88,3
ALU1296,7,35,24,40,27,26,12,33,25.5,1
ALU1297,35,33,21,16,29,23,27,37,27.62,1
ALU1298,28,50,20,21,2,15,4,1,17.62,1
ALU1299,37,69,55,62,66,93,62,49,61.62,3
ALU1300,64,79,52,70,65,49,57,56,61.5,3
ALU1301,24,0,0,0,13,0,15,22,9.25,1
ALU1302,84,97,100,68,97,95,89,75,88.12,4
ALU1303,4,3,1,6,19,30,9,4,9.5,1
ALU1304,50,55,48,36,59,56,66,39,51.12,2
ALU1305,57,71,65,93,71,39,73,92,70.12,3
ALU1306,66,78,75,58,86,94,89,75,77.62,4
ALU1307,79,70,60,100,72,53,82,92,76.0,4
ALU1308,58,71,66,82,70,57,91,76,71.38,3
ALU1309,38,29,52,36,31,20,24,28,32.25,1
ALU1310,87,94,86,68,82,54,87,89,80.88,4
ALU1311,0,14,27,24,18,15,17,11,15.75,1
ALU1312,76,90,100,81,79,75,100,100,87.62,4
ALU1313,66,32,26,59,43,34,38,51,43.62,2
ALU1314,83,84,82,93,61,100,70,72,80.62,4
ALU1315,39,53,38,57,33,37,43,39,42.38,2
ALU1316,74,56,76,85,57,63,79,80,71.25,3
ALU1317,64,83,43,62,47,75,48,55,59.62,2
ALU1318,73,36,58,53,68,81,70,60,62.38,3
ALU1319,3,24,0,0,0,40,4,0,8.88,1
ALU1320,6,21,6,14,0,0,19,13,9.88,1
ALU1321,30,35,38,31,28,42,35,14,31.62,1
ALU1322,17,22,22,54,20,26,12,0,21.62,1
ALU1323,92,91,69,81,89,98,70,98,86.0,4
ALU1324,9,37,50,31,32,37,33,7,29.5,1
ALU1325,77,81,100,100,96,81,98,67,87.5,4
ALU1326,37,39,44,44,36,77,27,33,42.12,2
ALU1327,16,18,36,36,30,0,29,17,22.75,1
ALU1328,69,59,56,61,90,63,83,63,68.0,3
ALU1329,46,75,53,46,57,74,79,67,62.12,3
ALU1330,50,41,59,44,57,54,59,45,51.12,2
ALU1331,54,32,45,15,48,56,50,85,48.12,2
ALU1332,76,61,66,69,71,80,60,67,68.75,3
ALU1333,26,13,24,13,36,12,49,7,22.5,1
ALU1334,93,100,79,100,91,100,88,98,93.62,5
ALU1335,100,95,88,87,83,90,70,98,88.88,4
ALU1336,50,84,74,45,58,84,49,58,62.75,3
ALU1337,28,12,31,46,13,18,0,0,18.5,1
ALU1338,49,79,79,67,55,73,80,87,71.12,3
ALU1339,3,54,23,27,23,21,33,0,23.0,1
ALU1340,0,13,12,11,13,21,10,20,12.5,1
ALU1341,36,41,32,36,20,28,8,45,30.75,1
ALU1342,45,57,49,22,36,42,61,42,44.25,2
ALU1343,83,61,75,100,73,71,88,95,80.75,4
ALU1344,59,79,58,86,63,77,85,83,73.75,3
ALU1345,68,76,63,71,83,43,78,56,67.25,3
ALU1346,35,39,39,48,42,47,26,63,42.38,2
ALU1347,39,22,28,54,57,41,44,40,40.62,2
ALU1348,28,48,43,31,37,66,19,8,35.0,1
ALU1349,100,79,96,65,88,83,84,96,86.38,4
ALU1350,0,40,12,2,17,11,21,0,12.88,1
ALU1351,74,84,87,85,66,85,94,89,83.0,4
ALU1352,73,38,71,56,58,40,45,48,53.62,2
ALU1353,40,36,44,68,32,44,30,35,41.12,2
ALU1354,57,66,82,52,48,50,70,55,60.0,3
ALU1355,50,84,54,33,47,63,72,51,56.75,2
ALU1356,78,70,97,64,91,92,90,90,84.0,4
ALU1357,77,84,100,93,88,92,100,86,90.0,5
ALU1358,31,34,49,15,43,33,40,38,35.38,1
ALU1359,57,37,31,43,3,51,40,31,36.62,1
ALU1360,55,50,59,41,56,42,54,73,53.75,2
ALU1361,67,70,81,73,85,87,77,72,76.5,4
ALU1362,38,21,17,55,30,6,12,5,23.0,1
ALU1363,67,56,71,83,50,58,65,44,61.75,3
ALU1364,54,52,50,63,70,80,77,38,60.5,3
ALU1365,61,62,90,47,65,78,67,56,65.75,3
ALU1366,23,34,15,53,13,3,33,32,25.75,1
ALU1367,66,64,100,65,74,61,91,45,70.75,3
ALU1368,67,69,78,91,74,81,97,83,80.0,4
ALU1369,39,14,24,37,29,8,25,30,25.75,1
ALU1370,22,27,22,0,12,30,18,26,19.62,1
ALU1371,100,72,82,80,98,100,100,100,91.5,5
ALU1372,34,45,34,20,18,12,7,13,22.88,1
ALU1373,71,94,68,84,80,100,89,74,82.5,4
ALU1374,59,70,41,25,18,49,33,43,42.25,2
ALU1375,20,33,34,33,21,32,14,34,27.62,1
ALU1376,64,51,92,83,81,87,82,100,80.0,4
ALU1377,40,68,28,75,60,19,53,44,48.38,2
ALU1378,55,38,58,69,50,58,63,48,54.88,2
ALU1379,32,25,38,32,30,0,37,23,27.12,1
ALU1380,55,60,47,54,66,61,53,82,59.75,2
ALU1381,31,40,10,37,14,22,10,14,22.25,1
ALU1382,41,55,15,45,50,17,48,31,37.75,1
ALU1383,83,100,100,67,94,93,100,89,90.75,5
ALU1384,35,23,40,65,19,23,30,53,36.0,1
ALU1385,66,59,48,46,73,61,67,56,59.5,2
ALU1386,9,39,43,78,40,32,53,33,40.88,2
ALU1387,78,72,67,82,83,65,86,39,71.5,3
ALU1388,20,30,27,5,14,17,0,30,17.88,1
ALU1389,92,100,86,49,98,100,100,88,89.12,4
ALU1390,54,54,41,59,65,42,62,58,54.38,2
ALU1391,19,0,22,0,27,25,16,35,18.0,1
ALU1392,14,13,3,18,7,21,22,13,13.88,1
ALU1393,4,18,37,55,35,54,56,13,34.0,1
ALU1394,55,54,62,31,58,48,57,52,52.12,2
ALU1395,54,24,36,48,30,9,32,16,31.12,1
ALU1396,69,59,91,64,96,66,78,82,75.62,4
ALU1397,36,50,24,64,31,52,45,51,44.12,2
ALU1398,20,22,12,28,32,50,8,28,25.0,1
ALU1399,61,69,66,60,72,46,41,61,59.5,2
ALU1400,57,58,77,90,79,67,71,60,69.88,3
ALU1401,24,41,23,31,11,20,19,17,23.25,1
ALU1402,28,35,0,5,7,8,28,4,14.38,1
ALU1403,13,12,0,40,10,31,4,0,13.75,1
ALU1404,53,68,76,43,78,88,72,100,72.25,3
ALU1405,74,77,93,69,53,69,76,65,72.0,3
ALU1406,57,53,62,32,50,41,20,54,46.12,2
ALU1407,89,84,99,54,66,95,69,80,79.5,4
ALU1408,81,93,81,57,88,85,71,78,79.25,4
ALU1409,59,79,61,56,51,51,55,59,58.88,2
ALU1410,93,64,70,89,81,97,66,79,79.88,4
ALU1411,42,7,34,42,32,29,12,31,28.62,1
ALU1412,5,3,14,41,22,0,23,5,14.12,1
ALU1413,40,6,37,34,34,14,34,8,25.88,1
ALU1414,9,9,10,2,20,0,0,12,7.75,1
ALU1415,51,61,56,71,56,68,50,68,60.12,3
ALU1416,73,88,88,78,100,78,87,80,84.0,4
ALU1417,5,0,11,0,0,17,0,19,6.5,1
ALU1418,6,32,27,32,15,48,14,25,24.88,1
ALU1419,41,47,30,69,44,57,50,67,50.62,2
ALU1420,78,94,71,74,86,82,97,100,85.25,4
ALU1421,28,50,38,68,38,22,34,41,39.88,1
ALU1422,46,48,67,61,52,46,58,48,53.25,2
ALU1423,9,39,29,16,16,0,8,0,14.62,1
ALU1424,2,11,3,9,6,1,0,32,8.0,1
ALU1425,79,100,88,100,100,81,92,100,92.5,5
ALU1426,95,77,74,64,87,99,77,88,82.62,4
ALU1427,0,13,0,0,8,0,6,10,4.62,1
ALU1428,100,81,100,77,88,87,88,76,87.12,4
ALU1429,64,79,62,38,63,69,59,54,61.0,3
ALU1430,89,75,78,98,77,94,73,64,81.0,4
ALU1431,60,50,52,52,47,16,41,49,45.88,2
ALU1432,48,41,41,65,57,25,55,45,47.12,2
ALU1433,43,63,68,43,24,43,38,66,48.5,2
ALU1434,73,55,65,82,61,48,57,68,63.62,3
ALU1435,22,42,12,18,13,30,0,22,19.88,1
ALU1436,5,0,14,0,30,0,11,7,8.38,1
ALU1437,46,12,43,21,41,59,17,54,36.62,1
ALU1438,66,82,87,32,83,61,68,88,70.88,3
ALU1439,23,14,20,44,28,27,31,20,25.88,1
ALU1440,65,65,78,84,66,55,80,69,70.25,3
ALU1441,82,87,93,100,95,99,88,100,93.0,5
ALU1442,14,0,6,7,24,21,20,0,11.5,1
ALU1443,79,64,56,53,83,78,65,69,68.38,3
ALU1444,49,63,31,14,47,42,22,40,38.5,1
ALU1445,83,98,74,100,76,100,65,100,87.0,4
ALU1446,19,24,34,34,30,25,31,28,28.12,1
ALU1447,70,84,75,95,58,57,81,43,70.38,3
ALU1448,87,64,65,63,84,70,55,74,70.25,3
ALU1449,96,85,69,100,96,100,94,100,92.5,5
ALU1450,63,72,53,57,65,85,69,78,67.75,3
ALU1451,52,47,40,73,40,32,40,35,44.88,2
ALU1452,65,56,56,70,56,71,51,46,58.88,2
ALU1453,73,65,97,55,80,60,70,84,73.0,3
ALU1454,58,25,49,53,45,47,33,55,45.62,2
ALU1455,0,20,27,0,3,15,0,4,8.62,1
ALU1456,93,92,68,67,74,76,97,83,81.25,4
ALU1457,73,80,62,47,72,89,62,58,67.88,3
ALU1458,73,59,75,54,69,75,74,97,72.0,3
ALU1459,20,13,34,19,27,6,0,19,17.25,1
ALU1460,67,64,60,67,60,74,69,55,64.5,3
ALU1461,54,53,52,42,37,20,49,47,44.25,2
ALU1462,77,60,73,63,55,63,32,62,60.62,3
ALU1463,14,26,6,20,19,27,8,1,15.12,1
ALU1464,65,49,67,41,50,74,68,60,59.25,2
ALU1465,100,92,100,96,95,93,100,94,96.25,5
ALU1466,0,8,2,35,3,4,0,15,8.38,1
ALU1467,89,100,100,89,100,75,100,97,93.75,5
ALU1468,54,44,31,50,46,44,46,27,42.75,2
ALU1469,93,100,85,90,83,95,71,91,88.5,4
ALU1470,79,55,60,90,64,100,87,87,77.75,4
ALU1471,40,57,57,61,42,49,83,40,53.62,2
ALU1472,70,74,58,86,76,84,67,60,71.88,3
ALU1473,78,93,80,93,100,95,79,81,87.38,4
ALU1474,44,29,22,53,45,34,29,44,37.5,1
ALU1475,26,59,44,42,36,45,56,38,43.25,2
ALU1476,54,65,69,46,66,52,56,64,59.0,2
ALU1477,57,61,90,56,78,81,66,57,68.25,3
ALU1478,85,73,69,67,75,70,66,87,74.0,3
ALU1479,72,72,90,100,69,83,69,62,77.12,4
ALU1480,45,85,44,41,34,52,37,63,50.12,2
ALU1481,78,94,79,84,79,70,69,94,80.88,4
ALU1482,5,16,41,0,30,15,7,0,14.25,1
ALU1483,41,52,48,57,61,52,55,58,53.0,2
ALU1484,0,19,20,7,0,0,21,24,11.38,1
ALU1485,26,49,39,0,31,28,22,42,29.62,1
ALU1486,41,0,31,43,45,29,22,14,28.12,1
ALU1487,32,50,24,10,55,23,44,40,34.75,1
ALU1488,85,68,55,54,85,55,73,79,69.25,3
ALU1489,50,20,53,57,37,36,58,63,46.75,2
ALU1490,53,58,66,48,53,46,62,43,53.62,2
ALU1491,25,60,27,18,28,7,7,3,21.88,1
ALU1492,53,46,40,28,37,56,14,69,42.88,2
ALU1493,23,41,34,17,26,34,32,23,28.75,1
ALU1494,11,38,12,14,12,10,18,31,18.25,1
ALU1495,61,46,72,37,71,41,77,55,57.5,2
ALU1496,72,37,68,85,51,61,69,72,64.38,3
ALU1497,67,70,62,40,65,56,54,51,58.12,2
ALU1498,41,43,38,15,62,30,59,37,40.62,2
ALU1499,33,18,27,57,53,21,26,64,37.38,1
ALU1500,89,81,44,74,88,94,100,95,83.12,4
ALU1501,58,62,66,52,44,46,54,51,54.12,2
ALU1502,44,45,46,59,55,61,39,61,51.25,2
ALU1503,0,0,2,0,20,7,0,0,3.62,1
ALU1504,33,32,12,38,30,46,38,35,33.0,1
ALU1505,45,38,31,50,42,49,38,40,41.62,2
ALU1506,58,11,31,70,38,47,39,30,40.5,2
ALU1507,45,55,47,48,51,74,41,44,50.62,2
ALU1508,48,32,57,44,49,54,51,26,45.12,2
ALU1509,55,69,61,69,60,37,69,46,58.25,2
ALU1510,87,50,57,77,64,53,64,99,68.88,3
ALU1511,77,93,62,75,67,68,81,53,72.0,3
ALU1512,60,63,54,98,60,80,83,69,70.88,3
ALU1513,96,82,100,60,94,84,98,93,88.38,4
ALU1514,2,11,24,0,0,9,0,3,6.12,1
ALU1515,10,9,12,0,0,30,26,34,15.12,1
ALU1516,0,9,0,27,19,8,23,1,10.88,1
ALU1517,80,52,64,72,53,28,69,76,61.75,3
ALU1518,89,77,86,61,83,68,99,93,82.0,4
ALU1519,27,32,30,24,36,53,38,7,30.88,1
ALU1520,85,71,97,87,74,93,74,100,85.12,4
ALU1521,13,0,15,0,0,0,31,6,8.12,1
ALU1522,91,92,75,92,82,90,100,64,85.75,4
ALU1523,39,36,40,15,46,63,33,43,39.38,1
ALU1524,15,16,24,26,13,18,29,10,18.88,1
ALU1525,57,53,40,28,48,49,47,71,49.12,2
ALU1526,28,28,31,32,25,0,27,43,26.75,1
ALU1527,20,39,24,53,36,26,19,18,29.38,1
ALU1528,26,34,56,50,46,8,20,45,35.62,1
ALU1529,57,47,61,86,100,58,79,67,69.38,3
ALU1530,73,27,67,52,52,31,50,30,47.75,2
ALU1531,41,61,12,6,48,59,15,24,33.25,1
ALU1532,51,59,81,52,69,70,64,41,60.88,3
ALU1533,66,83,55,65,72,90,75,69,71.88,3
ALU1534,23,24,31,24,7,9,33,56,25.88,1
ALU1535,57,41,22,14,38,45,45,43,38.12,1
ALU1536,1,9,0,23,12,0,20,22,10.88,1
ALU1537,22,58,32,0,24,7,23,7,21.62,1
ALU1538,65,70,78,94,64,73,70,58,71.5,3
ALU1539,29,13,24,23,15,24,27,28,22.88,1
ALU1540,51,27,61,69,72,56,45,51,54.0,2
ALU1541,51,98,81,86,81,49,53,58,69.62,3
ALU1542,12,12,6,52,0,16,18,28,18.0,1
ALU1543,46,67,39,59,53,61,57,58,55.0,2
ALU1544,28,40,27,21,34,17,33,56,32.0,1
ALU1545,100,84,84,84,100,87,100,100,92.38,5
ALU1546,31,58,53,75,44,23,48,32,45.5,2
ALU1547,69,68,84,53,75,45,75,79,68.5,3
ALU1548,48,39,46,38,55,84,60,37,50.88,2
ALU1549,5,26,17,13,15,11,0,36,15.38,1
ALU1550,69,59,69,59,46,56,62,48,58.5,2
ALU1551,88,98,99,100,70,100,89,100,93.0,5
ALU1552,63,65,54,35,71,46,69,72,59.38,2
ALU1553,72,88,88,77,68,80,73,69,76.88,4
ALU1554,86,61,90,81,100,100,85,89,86.5,4
ALU1555,33,16,33,6,16,8,23,29,20.5,1
ALU1556,16,19,44,39,22,16,0,35,23.88,1
ALU1557,67,47,63,58,63,39,53,62,56.5,2
ALU1558,42,48,34,39,20,54,41,32,38.75,1
ALU1559,91,98,67,65,100,83,69,88,82.62,4
ALU1560,83,100,99,79,82,100,84,93,90.0,5
ALU1561,40,31,41,18,28,49,52,23,35.25,1
ALU1562,25,30,46,41,14,22,37,0,26.88,1
ALU1563,74,81,50,93,78,81,52,83,74.0,3
ALU1564,32,39,40,59,32,36,38,34,38.75,1
ALU1565,84,65,75,86,67,90,85,85,79.62,4
ALU1566,30,70,38,37,29,65,42,61,46.5,2
ALU1567,79,78,55,56,75,48,36,77,63.0,3
ALU1568,0,27,24,22,7,0,22,31,16.62,1
ALU1569,54,79,68,64,43,45,55,72,60.0,3
ALU1570,44,53,31,42,44,52,48,47,45.12,2
ALU1571,61,42,59,53,53,64,46,40,52.25,2
ALU1572,35,18,28,41,39,11,11,41,28.0,1
ALU1573,52,46,73,63,66,67,82,68,64.62,3
ALU1574,77,88,95,100,79,70,100,74,85.38,4
ALU1575,3,21,21,27,26,22,19,33,21.5,1
ALU1576,13,13,0,6,7,3,31,0,9.12,1
ALU1577,9,25,9,0,11,31,1,0,10.75,1
ALU1578,78,55,64,59,52,82,57,53,62.5,3
ALU1579,60,55,63,68,57,70,42,50,58.12,2
ALU1580,64,54,67,47,58,54,60,81,60.62,3
ALU1581,31,0,2,41,37,42,23,24,25.0,1
ALU1582,35,36,37,32,34,41,38,31,35.5,1
ALU1583,44,21,47,56,52,60,53,57,48.75,2
ALU1584,52,40,35,26,65,23,37,61,42.38,2
ALU1585,78,100,93,100,88,97,100,67,90.38,5
ALU1586,30,23,25,12,16,0,16,18,17.5,1
ALU1587,65,58,71,95,84,61,77,61,71.5,3
ALU1588,53,42,33,54,42,43,30,45,42.75,2
ALU1589,38,27,41,45,41,30,46,27,36.88,1
ALU1590,72,69,80,91,67,76,95,67,77.12,4
ALU1591,69,100,75,74,59,83,58,65,72.88,3
ALU1592,93,100,87,100,98,80,88,76,90.25,5
ALU1593,12,17,9,1,7,18,10,42,14.5,1
ALU1594,18,16,0,22,22,0,1,20,12.38,1
ALU1595,60,55,65,79,70,52,90,83,69.25,3
ALU1596,44,45,36,29,59,61,29,52,44.38,2
ALU1597,42,35,54,56,46,40,15,32,40.0,2
ALU1598,19,4,1,0,0,0,17,0,5.12,1
ALU1599,13,26,26,0,12,43,3,3,15.75,1
ALU1600,100,100,100,34,91,78,85,72,82.5,4
ALU1601,19,27,24,30,16,25,21,26,23.5,1
ALU1602,47,35,32,4,43,26,40,58,35.62,1
ALU1603,27,0,9,16,19,21,26,38,19.5,1
ALU1604,26,48,30,52,39,59,32,62,43.5,2
ALU1605,29,0,30,14,10,33,12,22,18.75,1
ALU1606,61,45,55,40,53,26,49,57,48.25,2
ALU1607,9,25,11,0,11,2,31,0,11.12,1
ALU1608,84,92,92,75,76,100,70,81,83.75,4
ALU1609,21,19,34,41,21,19,32,19,25.75,1
ALU1610,61,47,51,66,46,59,64,65,57.38,2
ALU1611,60,73,86,100,87,100,68,65,79.88,4
ALU1612,53,45,54,51,64,76,50,62,56.88,2
ALU1613,62,43,46,29,46,10,76,53,45.62,2
ALU1614,31,9,31,39,37,39,26,59,33.88,1
ALU1615,37,45,41,38,30,61,35,20,38.38,1
ALU1616,51,71,50,65,80,65,63,81,65.75,3
ALU1617,100,100,95,81,100,78,94,100,93.5,5
ALU1618,76,50,59,16,78,49,60,60,56.0,2
ALU1619,53,37,44,37,68,52,56,60,50.88,2
ALU1620,66,71,66,80,78,80,61,67,71.12,3
ALU1621,57,47,19,51,44,90,44,47,49.88,2
ALU1622,30,8,1,27,0,6,0,20,11.5,1
ALU1623,65,51,42,61,45,64,54,91,59.12,2
ALU1624,100,100,87,100,84,68,95,100,91.75,5
ALU1625,11,27,0,34,32,0,32,24,20.0,1
ALU1626,58,96,69,67,69,59,80,87,73.12,3
ALU1627,11,42,33,23,16,29,18,3,21.88,1
ALU1628,57,78,51,0,34,51,63,47,47.62,2
ALU1629,15,0,19,1,36,14,0,14,12.38,1
ALU1630,44,54,39,34,50,41,39,30,41.38,2
ALU1631,81,66,54,71,82,72,92,65,72.88,3
ALU1632,48,11,36,19,30,31,38,13,28.25,1
ALU1633,49,87,73,81,63,44,67,46,63.75,3
ALU1634,70,72,60,60,73,54,74,73,67.0,3
ALU1635,96,72,82,100,89,100,100,75,89.25,4
ALU1636,21,19,23,8,44,13,32,32,24.0,1
ALU1637,32,28,75,30,28,37,58,44,41.5,2
ALU1638,28,8,21,6,18,36,11,23,18.88,1
ALU1639,81,90,71,85,97,90,82,87,85.38,4
ALU1640,85,100,62,100,87,100,79,100,89.12,4
ALU1641,56,43,62,47,63,40,61,60,54.0,2
ALU1642,75,100,100,75,63,100,100,83,87.0,4
ALU1643,59,64,48,38,70,55,60,55,56.12,2
ALU1644,55,67,57,56,47,60,71,58,58.88,2
ALU1645,27,24,18,16,1,10,15,31,17.75,1
ALU1646,71,73,63,69,68,84,57,88,71.62,3
ALU1647,23,35,0,13,10,20,40,11,19.0,1
ALU1648,86,87,91,97,83,31,87,81,80.38,4
ALU1649,69,50,68,80,78,68,81,69,70.38,3
ALU1650,48,73,81,48,69,73,79,100,71.38,3
ALU1651,11,20,0,6,0,0,0,4,5.12,1
ALU1652,33,27,33,22,30,24,26,49,30.5,1
ALU1653,34,30,38,38,28,22,36,66,36.5,1
ALU1654,35,28,50,39,49,61,35,41,42.25,2
ALU1655,8,0,15,33,14,21,11,0,12.75,1
ALU1656,100,66,91,76,93,94,100,100,90.0,5
ALU1657,40,31,62,51,74,37,56,47,49.75,2
ALU1658,39,42,38,13,20,22,61,22,32.12,1
ALU1659,34,3,25,39,36,53,40,65,36.88,1
ALU1660,41,35,29,17,33,55,54,27,36.38,1
ALU1661,55,47,33,64,75,37,64,79,56.75,2
ALU1662,43,47,60,50,68,72,44,48,54.0,2
ALU1663,93,59,82,90,100,74,75,61,79.25,4
ALU1664,63,55,59,63,55,55,50,62,57.75,2
ALU1665,98,75,99,98,98,100,100,62,91.25,5
ALU1666,82,98,69,58,77,75,76,80,76.88,4
ALU1667,13,14,22,13,31,26,29,0,18.5,1
ALU1668,93,87,83,87,75,80,85,84,84.25,4
ALU1669,37,15,8,9,2,18,18,25,16.5,1
ALU1670,74,82,89,74,74,99,92,84,83.5,4
ALU1671,35,39,69,68,58,36,40,42,48.38,2
ALU1672,78,77,97,85,78,79,76,98,83.5,4
ALU1673,78,88,82,90,79,99,100,83,87.38,4
ALU1674,50,84,92,41,80,58,70,74,68.62,3
ALU1675,80,64,96,89,85,77,84,80,81.88,4
ALU1676,23,38,15,83,44,21,14,23,32.62,1
ALU1677,0,30,26,36,1,8,27,24,19.0,1
ALU1678,48,51,50,33,40,27,72,42,45.38,2
ALU1679,9,34,34,61,22,0,20,30,26.25,1
ALU1680,64,70,77,68,70,34,55,65,62.88,3
ALU1681,50,22,33,41,44,29,45,43,38.38,1
ALU1682,78,80,100,87,100,96,93,100,91.75,5
ALU1683,47,67,66,57,62,74,88,34,61.88,3
ALU1684,81,93,73,38,90,58,71,58,70.25,3
ALU1685,28,58,22,31,26,19,0,9,24.12,1
ALU1686,66,97,94,77,91,90,86,80,85.12,4
ALU1687,92,70,89,84,82,93,95,100,88.12,4
ALU1688,54,37,53,53,55,52,39,55,49.75,2
ALU1689,38,93,60,52,71,27,71,66,59.75,2
ALU1690,81,70,65,78,68,72,74,95,75.38,4
ALU1691,29,21,10,42,22,19,17,40,25.0,1
ALU1692,47,35,33,57,65,58,56,36,48.38,2
ALU1693,53,64,59,38,44,61,37,58,51.75,2
ALU1694,29,25,15,15,17,14,9,19,17.88,1
ALU1695,39,26,0,41,52,32,18,30,29.75,1
ALU1696,6,0,15,0,6,13,3,7,6.25,1
ALU1697,0,11,11,11,0,7,37,0,9.62,1
ALU1698,16,17,0,29,9,23,17,19,16.25,1
ALU1699,97,100,81,93,100,99,79,90,92.38,5
ALU1700,51,62,43,46,59,51,69,71,56.5,2
ALU1701,69,87,83,86,92,99,91,100,88.38,4
ALU1702,56,35,58,55,54,40,47,38,47.88,2
ALU1703,34,30,31,13,34,11,36,14,25.38,1
ALU1704,46,42,45,35,48,33,68,59,47.0,2
ALU1705,53,42,58,15,52,9,28,57,39.25,1
ALU1706,29,14,20,15,10,39,32,19,22.25,1
ALU1707,34,49,41,78,67,81,71,41,57.75,2
ALU1708,28,33,17,48,16,39,25,13,27.38,1
ALU1709,46,55,64,88,50,57,50,62,59.0,2
ALU1710,68,50,52,51,54,78,60,54,58.38,2
ALU1711,19,13,43,23,18,32,19,4,21.38,1
ALU1712,16,14,11,3,4,0,32,40,15.0,1
ALU1713,70,76,66,100,69,63,92,61,74.62,3
ALU1714,27,52,32,69,44,54,41,63,47.75,2
ALU1715,5,23,21,13,9,2,34,16,15.38,1
ALU1716,98,100,86,83,79,83,100,100,91.12,5
ALU1717,20,14,14,0,0,22,15,26,13.88,1
ALU1718,55,51,53,41,71,55,64,57,55.88,2
ALU1719,100,89,94,60,94,100,86,89,89.0,4
ALU1720,20,11,18,0,12,50,33,33,22.12,1
ALU1721,21,43,14,51,22,14,22,0,23.38,1
ALU1722,10,45,6,0,20,34,11,39,20.62,1
ALU1723,34,42,44,13,29,35,45,33,34.38,1
ALU1724,23,26,8,0,33,7,16,0,14.12,1
ALU1725,55,71,65,100,79,96,72,82,77.5,4
ALU1726,3,16,9,9,6,16,23,11,11.62,1
ALU1727,52,26,70,68,47,37,60,40,50.0,2
ALU1728,100,93,100,97,80,100,75,100,93.12,5
ALU1729,69,65,87,42,90,100,87,45,73.12,3
ALU1730,80,64,41,87,62,60,60,66,65.0,3
ALU1731,52,31,24,39,40,35,27,50,37.25,1
ALU1732,60,90,75,58,39,56,61,49,61.0,3
ALU1733,49,66,38,84,60,57,48,34,54.5,2
ALU1734,36,47,44,37,38,28,44,49,40.38,2
ALU1735,16,12,3,14,22,4,16,7,11.75,1
ALU1736,70,100,73,78,90,79,93,100,85.38,4
ALU1737,44,45,65,64,45,47,27,38,46.88,2
ALU1738,37,27,31,37,15,39,24,19,28.62,1
ALU1739,31,38,49,43,42,35,37,45,40.0,2
ALU1740,39,36,51,23,33,54,69,16,40.12,2
ALU1741,62,80,77,72,89,72,55,80,73.38,3
ALU1742,74,41,62,52,63,79,82,86,67.38,3
ALU1743,76,51,69,95,74,92,79,73,76.12,4
ALU1744,6,11,3,0,0,4,15,0,4.88,1
ALU1745,40,65,63,71,44,47,37,36,50.38,2
ALU1746,45,53,32,71,38,39,52,21,43.88,2
ALU1747,11,0,0,0,0,15,8,2,4.5,1
ALU1748,28,6,17,20,51,0,70,43,29.38,1
ALU1749,76,85,86,60,81,49,69,64,71.25,3
ALU1750,19,8,39,25,21,25,7,27,21.38,1
ALU1751,64,62,56,78,58,28,77,32,56.88,2
ALU1752,31,30,29,45,27,17,28,50,32.12,1
ALU1753,8,13,7,0,5,27,12,21,11.62,1
ALU1754,41,27,31,49,34,39,40,19,35.0,1
ALU1755,97,98,100,100,84,100,93,74,93.25,5
ALU1756,90,75,82,73,93,78,72,70,79.12,4
ALU1757,97,81,97,91,92,90,92,95,91.88,5
ALU1758,30,34,58,76,56,49,38,64,50.62,2
ALU1759,27,0,0,33,30,1,0,0,11.38,1
ALU1760,55,51,54,76,59,51,44,71,57.62,2
ALU1761,45,68,49,92,37,26,17,49,47.88,2
ALU1762,83,91,85,90,93,98,76,64,85.0,4
ALU1763,10,17,11,19,30,24,7,0,14.75,1
ALU1764,51,37,50,73,29,31,56,50,47.12,2
ALU1765,12,33,9,54,17,8,20,21,21.75,1
ALU1766,46,32,12,23,37,40,32,25,30.88,1
ALU1767,70,94,83,67,68,75,85,84,78.25,4
ALU1768,44,33,34,29,35,32,42,76,40.62,2
ALU1769,29,27,36,44,29,39,25,33,32.75,1
ALU1770,43,27,31,56,22,49,10,30,33.5,1
ALU1771,48,24,65,29,55,55,46,70,49.0,2
ALU1772,79,61,74,96,89,100,75,72,80.75,4
ALU1773,75,86,81,77,98,89,100,94,87.5,4
ALU1774,74,80,99,81,90,72,80,82,82.25,4
ALU1775,82,17,100,96,78,59,84,91,75.88,4
ALU1776,48,49,38,22,44,52,3,15,33.88,1
ALU1777,56,41,62,41,64,91,51,68,59.25,2
ALU1778,60,53,52,57,34,43,48,48,49.38,2
ALU1779,30,28,9,25,22,33,36,25,26.0,1
ALU1780,80,100,81,100,82,82,60,71,82.0,4
ALU1781,4,23,32,23,1,3,0,33,14.88,1
ALU1782,72,78,88,54,90,63,86,97,78.5,4
ALU1783,56,36,47,70,32,53,45,34,46.62,2
ALU1784,54,84,62,96,59,89,68,35,68.38,3
ALU1785,56,42,59,82,68,66,75,85,66.62,3
ALU1786,95,88,89,100,86,81,70,72,85.12,4
ALU1787,43,60,71,57,54,55,67,63,58.75,2
ALU1788,45,55,56,51,67,67,51,61,56.62,2
ALU1789,10,16,0,14,13,28,15,15,13.88,1
ALU1790,54,54,57,68,30,59,46,28,49.5,2
ALU1791,23,25,44,34,23,0,31,13,24.12,1
ALU1792,68,73,66,63,67,97,78,71,72.88,3
ALU1793,76,57,33,41,45,63,39,50,50.5,2
ALU1794,63,67,74,39,57,63,46,76,60.62,3
ALU1795,6,0,29,20,0,0,23,11,11.12,1
ALU1796,4,12,18,5,14,5,4,18,10.0,1
ALU1797,70,58,90,64,74,82,62,61,70.12,3
ALU1798,17,0,21,42,13,0,20,35,18.5,1
ALU1799,23,6,19,22,20,19,0,7,14.5,1
ALU1800,0,4,0,11,11,10,8,10,6.75,1
ALU1801,88,91,94,100,71,95,91,92,90.25,5
ALU1802,75,85,71,96,62,53,70,77,73.62,3
ALU1803,42,29,36,7,48,11,51,53,34.62,1
ALU1804,31,34,28,21,18,65,37,19,31.62,1
ALU1805,41,38,39,32,9,38,48,48,36.62,1
ALU1806,66,65,59,57,93,100,71,85,74.5,3
ALU1807,80,65,74,59,67,78,55,66,68.0,3
ALU1808,31,36,11,0,14,23,34,24,21.62,1
ALU1809,7,23,17,37,12,24,13,4,17.12,1
ALU1810,3,17,17,4,20,30,15,9,14.38,1
ALU1811,53,53,53,68,69,82,69,37,60.5,3
ALU1812,80,100,50,74,77,80,64,69,74.25,3
ALU1813,16,19,24,38,26,45,19,27,26.75,1
ALU1814,3,0,0,0,0,23,3,0,3.62,1
ALU1815,16,25,20,20,12,17,21,16,18.38,1
ALU1816,91,90,78,87,100,83,96,100,90.62,5
ALU1817,34,27,49,38,26,39,15,34,32.75,1
ALU1818,63,66,74,52,80,63,97,74,71.12,3
ALU1819,67,89,61,68,57,55,65,53,64.38,3
ALU1820,33,44,15,62,47,45,34,44,40.5,2
ALU1821,20,31,25,26,13,22,21,9,20.88,1
ALU1822,18,18,14,3,16,35,13,0,14.62,1
ALU1823,61,64,44,48,64,50,55,82,58.5,2
ALU1824,74,95,75,85,67,42,88,88,76.75,4
ALU1825,55,59,58,73,66,82,91,47,66.38,3
ALU1826,49,30,50,59,52,53,46,32,46.38,2
ALU1827,8,21,9,8,8,10,3,10,9.62,1
ALU1828,78,99,86,95,85,80,91,93,88.38,4
ALU1829,72,78,79,75,86,48,60,88,73.25,3
ALU1830,35,38,30,24,21,19,37,26,28.75,1
ALU1831,80,87,98,100,95,100,95,100,94.38,5
ALU1832,70,59,52,64,50,56,60,56,58.38,2
ALU1833,70,55,44,80,56,52,35,74,58.25,2
ALU1834,59,63,63,92,78,46,45,69,64.38,3
ALU1835,91,95,95,83,75,100,73,65,84.62,4
ALU1836,62,42,75,74,33,63,72,58,59.88,2
ALU1837,20,51,31,0,3,51,0,25,22.62,1
ALU1838,30,48,50,34,13,40,46,40,37.62,1
ALU1839,97,61,82,94,89,100,84,89,87.0,4
ALU1840,29,21,28,0,25,14,15,10,17.75,1
ALU1841,30,35,39,46,34,15,39,37,34.38,1
ALU1842,32,49,51,26,37,41,28,34,37.25,1
ALU1843,29,29,41,29,46,52,14,35,34.38,1
ALU1844,62,60,61,50,45,70,74,74,62.0,3
ALU1845,95,88,90,89,99,95,89,79,90.5,5
ALU1846,33,15,33,2,27,61,18,15,25.5,1
ALU1847,14,2,23,31,6,21,9,20,15.75,1
ALU1848,11,36,23,25,18,18,13,9,19.12,1
ALU1849,78,59,86,100,83,81,80,77,80.5,4
ALU1850,74,70,65,68,49,51,61,90,66.0,3
ALU1851,25,42,50,41,37,35,38,28,37.0,1
ALU1852,79,75,57,63,88,94,70,87,76.62,4
ALU1853,71,83,70,61,83,100,69,100,79.62,4
ALU1854,84,98,89,92,90,76,74,83,85.75,4
ALU1855,83,77,90,68,100,86,100,95,87.38,4
ALU1856,38,18,30,39,8,18,29,32,26.5,1
ALU1857,80,65,80,100,73,87,77,68,78.75,4
ALU1858,41,63,49,63,33,27,43,48,45.88,2
ALU1859,79,100,74,91,96,69,100,78,85.88,4
ALU1860,65,49,78,75,73,8,80,57,60.62,3
ALU1861,60,89,75,67,67,57,62,86,70.38,3
ALU1862,55,76,58,61,61,55,65,38,58.62,2
ALU1863,22,44,29,10,34,13,16,21,23.62,1
ALU1864,57,59,61,30,58,34,58,50,50.88,2
ALU1865,95,92,96,94,99,76,100,79,91.38,5
ALU1866,86,100,100,100,100,100,74,98,94.75,5
ALU1867,18,19,24,0,18,0,13,0,11.5,1
ALU1868,20,53,31,45,31,0,10,14,25.5,1
ALU1869,23,31,47,38,15,1,33,27,26.88,1
ALU1870,52,72,68,77,47,54,81,43,61.75,3
ALU1871,39,60,73,85,79,77,54,93,70.0,3
ALU1872,27,15,34,20,17,29,10,23,21.88,1
ALU1873,36,28,47,51,58,30,34,46,41.25,2
ALU1874,78,77,80,72,62,85,79,61,74.25,3
ALU1875,67,84,59,71,79,91,74,72,74.62,3
ALU1876,69,53,61,56,55,69,63,54,60.0,3
ALU1877,62,73,40,91,61,66,55,65,64.12,3
ALU1878,52,55,49,60,56,56,47,44,52.38,2
ALU1879,40,25,31,28,31,27,35,18,29.38,1
ALU1880,59,57,50,54,52,77,93,60,62.75,3
ALU1881,62,74,45,54,78,73,48,58,61.5,3
ALU1882,94,85,62,73,89,71,61,90,78.12,4
ALU1883,51,64,53,78,69,60,55,47,59.62,2
ALU1884,76,61,79,64,72,63,64,84,70.38,3
ALU1885,3,12,22,8,20,17,10,40,16.5,1
ALU1886,48,80,46,35,46,64,46,44,51.12,2
ALU1887,7,24,0,0,0,3,0,24,7.25,1
ALU1888,43,5,31,47,13,15,20,37,26.38,1
ALU1889,54,34,48,72,69,85,66,75,62.88,3
ALU1890,88,95,65,89,75,100,91,94,87.12,4
ALU1891,22,27,11,14,12,2,12,6,13.25,1
ALU1892,44,33,34,45,32,63,39,57,43.38,2
ALU1893,78,92,89,63,76,91,67,90,80.75,4
ALU1894,13,24,25,0,25,15,20,8,16.25,1
ALU1895,49,52,74,79,36,73,54,56,59.12,2
ALU1896,83,82,64,88,74,52,82,59,73.0,3
ALU1897,59,52,66,67,55,53,42,67,57.62,2
ALU1898,25,17,18,38,0,5,22,32,19.62,1
ALU1899,35,47,53,71,32,22,38,15,39.12,1
ALU1900,63,75,73,65,79,88,77,74,74.25,3
ALU1901,64,83,65,34,50,54,57,60,58.38,2
ALU1902,10,15,0,17,0,0,0,6,6.0,1
ALU1903,96,82,68,47,75,64,75,98,75.62,4
ALU1904,0,7,7,8,3,0,9,0,4.25,1
ALU1905,80,85,87,66,69,75,78,91,78.88,4
ALU1906,10,18,0,35,9,57,21,10,20.0,1
ALU1907,92,95,87,82,86,94,84,61,85.12,4
ALU1908,47,24,33,59,56,42,50,42,44.12,2
ALU1909,13,50,9,20,36,57,19,32,29.5,1
ALU1910,16,22,12,31,21,10,1,19,16.5,1
ALU1911,26,62,14,20,26,52,17,39,32.0,1
ALU1912,76,100,55,93,79,77,88,91,82.38,4
ALU1913,98,100,91,76,92,89,85,87,89.75,4
ALU1914,49,39,34,37,46,33,36,49,40.38,2
ALU1915,44,31,42,69,57,43,62,17,45.62,2
ALU1916,72,83,73,72,65,67,55,68,69.38,3
ALU1917,85,87,74,100,84,90,64,100,85.5,4
ALU1918,58,66,79,57,56,52,68,62,62.25,3
ALU1919,29,66,39,31,47,41,30,40,40.38,2
ALU1920,53,29,57,45,46,17,28,37,39.0,1
ALU1921,70,53,47,78,66,79,66,72,66.38,3
ALU1922,9,1,0,0,15,22,2,1,6.25,1
ALU1923,52,73,68,70,65,64,50,69,63.88,3
ALU1924,32,45,34,20,29,48,43,29,35.0,1
ALU1925,74,63,63,55,76,63,67,97,69.75,3
ALU1926,0,24,0,23,11,36,3,21,14.75,1
ALU1927,41,39,66,82,48,60,35,83,56.75,2
ALU1928,42,35,56,52,46,24,18,42,39.38,1
ALU1929,68,61,65,38,74,81,65,79,66.38,3
ALU1930,4,2,4,0,21,21,0,0,6.5,1
ALU1931,47,70,43,49,66,85,55,67,60.25,3
ALU1932,47,59,54,59,63,80,78,53,61.62,3
ALU1933,50,81,39,54,57,75,61,57,59.25,2
ALU1934,55,55,50,68,53,66,59,69,59.38,2
ALU1935,87,64,81,83,71,76,70,76,76.0,4
ALU1936,87,95,55,83,60,61,100,89,78.75,4
ALU1937,39,27,37,45,22,25,6,34,29.38,1
ALU1938,90,100,97,74,90,100,77,86,89.25,4
ALU1939,39,57,59,100,44,23,67,46,54.38,2
ALU1940,0,0,16,21,18,16,15,2,11.0,1
ALU1941,0,27,4,22,6,9,24,12,13.0,1
ALU1942,48,48,27,66,40,47,27,5,38.5,1
ALU1943,70,89,48,77,60,78,60,81,70.38,3
ALU1944,56,40,69,57,81,86,91,80,70.0,3
ALU1945,71,66,71,99,64,76,76,84,75.88,4
ALU1946,49,42,43,76,37,63,61,42,51.62,2
ALU1947,47,32,44,47,56,50,55,15,43.25,2
ALU1948,20,44,19,49,18,13,33,27,27.88,1
ALU1949,26,34,26,33,31,28,38,23,29.88,1
ALU1950,50,43,63,60,59,63,48,26,51.5,2
ALU1951,6,21,21,40,20,22,18,26,21.75,1
ALU1952,23,33,35,26,20,39,17,5,24.75,1
ALU1953,65,8,57,67,57,77,71,56,57.25,2
ALU1954,64,61,77,89,81,63,64,96,74.38,3
ALU1955,89,73,84,88,85,90,100,85,86.75,4
ALU1956,94,94,96,74,100,83,98,74,89.12,4
ALU1957,54,58,60,86,58,78,36,69,62.38,3
ALU1958,39,43,30,48,34,44,52,47,42.12,2
ALU1959,67,31,61,53,73,65,65,39,56.75,2
ALU1960,96,71,72,77,83,59,91,76,78.12,4
ALU1961,21,32,43,24,0,28,36,32,27.0,1
ALU1962,46,63,47,13,40,54,43,61,45.88,2
ALU1963,85,91,99,93,69,88,84,76,85.62,4
ALU1964,28,19,53,46,47,41,24,46,38.0,1
ALU1965,57,75,56,86,73,72,54,64,67.12,3
ALU1966,57,68,52,53,63,57,77,72,62.38,3
ALU1967,24,19,0,46,14,42,21,20,23.25,1
ALU1968,38,7,27,36,46,48,48,55,38.12,1
ALU1969,38,49,43,37,34,16,34,24,34.38,1
ALU1970,4,0,3,12,6,5,5,18,6.62,1
ALU1971,7,12,11,44,2,12,14,0,12.75,1
ALU1972,67,80,55,57,80,69,44,54,63.25,3
ALU1973,26,52,35,38,28,45,34,38,37.0,1
ALU1974,65,49,64,52,27,21,24,93,49.38,2
ALU1975,35,31,10,31,32,43,30,36,31.0,1
ALU1976,89,100,94,100,88,100,79,86,92.0,5
ALU1977,47,18,44,48,31,0,14,45,30.88,1
ALU1978,30,55,63,53,23,45,61,37,45.88,2
ALU1979,72,80,77,100,88,77,96,58,81.0,4
ALU1980,97,65,90,76,81,100,76,93,84.75,4
ALU1981,22,21,38,20,26,9,50,43,28.62,1
ALU1982,74,87,82,59,60,89,89,79,77.38,4
ALU1983,34,66,61,81,33,61,44,50,53.75,2
ALU1984,52,70,48,45,29,42,25,39,43.75,2
ALU1985,22,12,21,11,18,36,15,14,18.62,1
ALU1986,1,0,4,23,8,6,4,15,7.62,1
ALU1987,69,65,68,90,69,90,64,71,73.25,3
ALU1988,46,31,54,37,35,88,54,50,49.38,2
ALU1989,46,41,35,65,32,58,36,0,39.12,1
ALU1990,59,65,67,65,45,79,86,72,67.25,3
ALU1991,86,84,83,99,60,66,67,55,75.0,4
ALU1992,28,0,43,9,12,47,7,25,21.38,1
ALU1993,56,48,35,73,53,73,67,74,59.88,2
ALU1994,15,6,40,17,16,10,16,25,18.12,1
ALU1995,71,90,69,52,80,95,82,56,74.38,3
ALU1996,56,47,75,38,57,65,66,52,57.0,2
ALU1997,86,94,100,77,95,100,74,90,89.5,4
ALU1998,8,9,29,29,18,5,14,23,16.88,1
ALU1999,26,25,1,0,21,0,0,24,12.12,1
ALU2000,39,39,27,36,35,17,32,35,32.5,1
ALU2001,37,30,27,32,29,22,21,15,26.62,1
ALU2002,30,18,22,0,16,34,24,43,23.38,1
ALU2003,75,58,100,72,89,82,87,86,81.12,4
ALU2004,27,31,26,13,23,15,36,21,24.0,1
ALU2005,39,37,10,30,43,15,22,22,27.25,1
ALU2006,60,49,65,99,74,92,39,52,66.25,3
ALU2007,51,26,26,64,43,43,33,60,43.25,2
ALU2008,98,78,72,68,89,45,76,73,74.88,3
ALU2009,21,15,18,0,6,10,25,1,12.0,1
ALU2010,63,34,41,20,48,42,52,57,44.62,2
ALU2011,10,0,3,1,28,11,19,19,11.38,1
ALU2012,20,0,7,0,13,2,12,0,6.75,1
ALU2013,79,100,88,85,97,100,89,100,92.25,5
ALU2014,25,0,23,17,32,15,14,48,21.75,1
ALU2015,59,61,62,44,47,49,65,54,55.12,2
ALU2016,44,41,69,33,51,37,61,45,47.62,2
ALU2017,49,55,37,23,32,43,24,69,41.5,2
ALU2018,80,74,94,76,100,91,88,70,84.12,4
ALU2019,5,7,0,32,21,1,0,0,8.25,1
ALU2020,65,39,60,74,72,65,84,72,66.38,3
ALU2021,81,62,88,100,100,87,93,100,88.88,4
ALU2022,57,64,43,73,48,68,55,55,57.88,2
ALU2023,72,62,82,100,100,69,75,77,79.62,4
ALU2024,20,6,8,35,0,4,6,27,13.25,1
ALU2025,43,57,36,53,46,39,41,42,44.62,2
ALU2026,23,39,59,32,21,49,15,28,33.25,1
ALU2027,62,60,76,60,79,88,72,83,72.5,3
ALU2028,90,69,100,78,100,99,83,100,89.88,4
ALU2029,34,35,45,43,32,13,33,31,33.25,1
ALU2030,69,84,56,61,67,64,52,70,65.38,3
ALU2031,15,12,23,0,21,51,24,37,22.88,1
ALU2032,47,43,50,18,56,53,53,52,46.5,2
ALU2033,53,38,44,85,43,48,50,39,50.0,2
ALU2034,85,100,80,74,100,95,94,87,89.38,4
ALU2035,60,78,54,47,67,47,60,46,57.38,2
ALU2036,37,17,40,58,32,24,27,21,32.0,1
ALU2037,18,0,19,0,15,3,21,46,15.25,1
ALU2038,27,53,21,28,47,14,22,6,27.25,1
ALU2039,12,22,24,58,28,31,32,29,29.5,1
ALU2040,8,31,37,65,42,30,27,26,33.25,1
ALU2041,75,71,78,73,75,89,79,96,79.5,4
ALU2042,73,62,72,55,60,87,43,57,63.62,3
ALU2043,72,66,29,44,45,91,44,71,57.75,2
ALU2044,33,19,23,15,9,16,9,13,17.12,1
ALU2045,80,100,88,100,90,96,93,85,91.5,5
ALU2046,52,65,61,44,61,79,55,80,62.12,3
ALU2047,0,7,6,22,0,27,0,13,9.38,1
ALU2048,62,72,74,65,75,84,67,76,71.88,3
ALU2049,51,60,64,78,49,45,44,57,56.0,2
ALU2050,25,15,0,36,9,42,7,0,16.75,1
ALU2051,54,26,53,38,28,69,40,56,45.5,2
ALU2052,50,53,43,46,35,63,41,65,49.5,2
ALU2053,11,14,33,35,22,30,10,18,21.62,1
ALU2054,80,81,68,100,87,96,78,87,84.62,4
ALU2055,84,81,100,36,90,84,77,85,79.62,4
ALU2056,72,50,54,81,56,77,47,92,66.12,3
ALU2057,50,29,63,76,44,50,53,42,50.88,2
ALU2058,31,2,41,46,42,47,31,50,36.25,1
ALU2059,70,89,53,80,61,63,69,61,68.25,3
ALU2060,58,62,57,77,60,52,46,62,59.25,2
ALU2061,0,8,22,14,0,39,23,0,13.25,1
ALU2062,43,41,32,65,56,54,51,76,52.25,2
ALU2063,84,34,85,77,88,73,64,82,73.38,3
ALU2064,43,35,46,45,38,50,76,42,46.88,2
ALU2065,25,20,16,0,13,0,4,6,10.5,1
ALU2066,80,89,75,78,79,91,69,79,80.0,4
ALU2067,18,32,16,57,29,25,17,51,30.62,1
ALU2068,28,30,14,12,28,25,33,49,27.38,1
ALU2069,20,39,27,30,34,15,2,16,22.88,1
ALU2070,27,29,42,40,55,12,36,36,34.62,1
ALU2071,63,89,81,99,79,100,52,75,79.75,4
ALU2072,58,45,56,81,54,56,50,24,53.0,2
ALU2073,31,10,34,6,23,52,36,20,26.5,1
ALU2074,90,68,100,73,70,82,77,86,80.75,4
ALU2075,99,68,61,74,69,93,94,71,78.62,4
ALU2076,77,93,55,74,71,96,63,100,78.62,4
ALU2077,43,15,47,19,29,35,19,10,27.12,1
ALU2078,36,30,29,51,43,40,30,31,36.25,1
ALU2079,83,100,80,78,100,69,100,100,88.75,4
ALU2080,56,79,71,61,49,100,69,78,70.38,3
ALU2081,2,21,0,0,7,0,0,1,3.88,1
ALU2082,5,18,6,19,15,50,7,24,18.0,1
ALU2083,52,35,35,45,55,39,46,50,44.62,2
ALU2084,89,87,84,82,88,100,82,100,89.0,4
ALU2085,41,55,56,38,57,64,39,28,47.25,2
ALU2086,45,36,45,20,51,61,65,42,45.62,2
ALU2087,10,0,9,43,18,7,27,37,18.88,1
ALU2088,46,53,67,58,63,60,68,70,60.62,3
ALU2089,69,100,91,100,100,75,82,77,86.75,4
ALU2090,31,33,58,53,45,43,41,33,42.12,2
ALU2091,89,93,72,100,76,73,69,79,81.38,4
ALU2092,93,84,100,100,84,85,85,75,88.25,4
ALU2093,29,36,33,26,19,11,42,3,24.88,1
ALU2094,37,65,37,41,67,41,59,59,50.75,2
ALU2095,42,45,15,13,5,38,14,42,26.75,1
ALU2096,89,82,69,96,76,65,70,89,79.5,4
ALU2097,36,77,74,61,56,40,62,50,57.0,2
ALU2098,55,67,56,73,67,64,66,55,62.88,3
ALU2099,81,100,54,91,79,44,83,76,76.0,4
ALU2100,47,16,37,47,55,40,22,26,36.25,1
ALU2101,80,92,63,78,88,88,91,96,84.5,4
ALU2102,49,57,40,71,52,61,66,48,55.5,2
ALU2103,13,5,12,15,28,24,1,18,14.5,1
ALU2104,68,76,69,69,82,48,88,65,70.62,3
ALU2105,88,54,88,89,83,73,80,83,79.75,4
ALU2106,25,23,41,32,43,43,34,37,34.75,1
ALU2107,92,52,67,49,79,88,70,100,74.62,3
ALU2108,78,100,82,100,87,74,78,81,85.0,4
ALU2109,21,26,30,52,44,36,25,55,36.12,1
ALU2110,100,100,90,60,98,100,76,68,86.5,4
ALU2111,26,29,14,0,15,3,13,24,15.5,1
ALU2112,31,29,2,59,23,0,12,0,19.5,1
ALU2113,8,12,7,25,31,48,29,7,20.88,1
ALU2114,80,69,80,85,96,90,48,71,77.38,4
ALU2115,72,71,26,56,55,57,60,49,55.75,2
ALU2116,19,17,26,0,22,11,7,10,14.0,1
ALU2117,33,24,28,41,44,46,44,75,41.88,2
ALU2118,64,37,68,77,59,75,88,48,64.5,3
ALU2119,5,0,19,12,25,0,32,0,11.62,1
ALU2120,100,100,77,95,82,78,78,91,87.62,4
ALU2121,92,100,89,100,71,100,75,80,88.38,4
ALU2122,56,53,59,40,42,62,40,81,54.12,2
ALU2123,100,94,88,97,90,100,90,91,93.75,5
ALU2124,43,37,37,60,35,48,51,10,40.12,2
ALU2125,100,79,100,76,84,98,77,87,87.62,4
ALU2126,79,85,67,68,56,58,83,58,69.25,3
ALU2127,64,90,74,95,53,53,73,44,68.25,3
ALU2128,17,6,0,13,12,32,30,12,15.25,1
ALU2129,67,83,85,100,88,76,88,82,83.62,4
ALU2130,42,36,24,40,23,47,32,42,35.75,1
ALU2131,27,13,19,51,12,21,31,0,21.75,1
ALU2132,15,23,14,0,5,39,2,14,14.0,1
ALU2133,60,35,76,56,66,52,35,78,57.25,2
ALU2134,47,59,41,25,50,69,53,56,50.0,2
ALU2135,49,80,63,57,68,80,55,85,67.12,3
ALU2136,80,82,83,72,84,83,77,87,81.0,4
ALU2137,9,25,0,7,0,0,20,0,7.62,1
ALU2138,67,73,82,49,77,70,69,74,70.12,3
ALU2139,28,40,21,20,28,35,21,14,25.88,1
ALU2140,100,59,83,90,90,63,96,66,80.88,4
ALU2141,79,73,86,51,100,91,51,77,76.0,4
ALU2142,51,52,52,42,40,73,67,65,55.25,2
ALU2143,66,28,59,100,54,70,70,64,63.88,3
ALU2144,34,17,32,39,40,46,32,60,37.5,1
ALU2145,39,35,37,14,44,49,46,60,40.5,2
ALU2146,80,93,80,53,69,87,86,71,77.38,4
ALU2147,50,35,58,50,43,68,58,38,50.0,2
ALU2148,39,24,23,39,31,13,34,67,33.75,1
ALU2149,54,61,31,38,66,38,47,44,47.38,2
ALU2150,83,55,80,100,100,98,86,84,85.75,4
ALU2151,17,4,25,82,18,56,9,41,31.5,1
ALU2152,27,15,21,15,5,0,19,0,12.75,1
ALU2153,62,47,72,84,61,92,75,45,67.25,3
ALU2154,68,58,53,95,72,40,73,91,68.75,3
ALU2155,3,22,22,33,6,23,4,0,14.12,1
ALU2156,30,39,12,15,24,29,24,26,24.88,1
ALU2157,15,29,17,52,13,6,10,0,17.75,1
ALU2158,19,52,28,35,22,26,33,31,30.75,1
ALU2159,50,64,38,53,35,36,39,48,45.38,2
ALU2160,57,40,92,72,87,69,91,43,68.88,3
ALU2161,65,70,67,61,60,93,49,64,66.12,3
ALU2162,63,52,71,65,56,73,70,62,64.0,3
ALU2163,45,25,38,15,21,58,29,30,32.62,1
ALU2164,98,89,88,45,76,75,84,65,77.5,4
ALU2165,33,21,52,43,57,50,55,42,44.12,2
ALU2166,92,66,96,77,99,77,100,87,86.75,4
ALU2167,59,71,75,71,70,57,66,89,69.75,3
ALU2168,20,23,18,24,4,8,11,14,15.25,1
ALU2169,68,67,93,66,53,73,66,59,68.12,3
ALU2170,30,21,45,60,45,23,57,32,39.12,1
ALU2171,62,77,53,66,75,54,68,72,65.88,3
ALU2172,0,21,9,0,8,17,0,16,8.88,1
ALU2173,30,22,25,16,29,19,16,27,23.0,1
ALU2174,86,64,82,100,69,71,77,90,79.88,4
ALU2175,34,19,33,0,13,12,34,5,18.75,1
ALU2176,77,92,89,78,64,69,65,87,77.62,4
ALU2177,23,50,13,40,33,42,24,32,32.12,1
ALU2178,52,57,78,100,65,69,65,54,67.5,3
ALU2179,71,63,61,89,62,56,64,68,66.75,3
ALU2180,40,48,43,53,43,40,52,49,46.0,2
ALU2181,50,36,25,41,56,15,34,32,36.12,1
ALU2182,11,15,33,0,21,18,26,26,18.75,1
ALU2183,10,0,4,0,21,9,0,0,5.5,1
ALU2184,48,50,24,44,30,19,41,36,36.5,1
ALU2185,69,90,58,66,58,96,57,72,70.75,3
ALU2186,91,80,67,94,100,98,89,92,88.88,4
ALU2187,73,67,73,84,91,82,68,73,76.38,4
ALU2188,60,71,59,73,73,75,74,61,68.25,3
ALU2189,83,73,72,77,87,55,78,78,75.38,4
ALU2190,79,79,72,45,90,46,65,76,69.0,3
ALU2191,24,29,35,24,21,48,19,46,30.75,1
ALU2192,75,74,100,64,91,100,100,97,87.62,4
ALU2193,40,45,77,54,61,32,72,72,56.62,2
ALU2194,45,68,49,76,46,62,53,19,52.25,2
ALU2195,13,23,15,11,5,35,13,6,15.12,1
ALU2196,61,61,44,55,61,40,36,49,50.88,2
ALU2197,53,31,20,48,28,69,38,36,40.38,2
ALU2198,85,100,68,75,87,94,100,69,84.75,4
ALU2199,50,28,52,36,45,60,49,39,44.88,2
ALU2200,33,49,37,32,56,35,72,63,47.12,2
ALU2201,100,64,99,96,90,94,78,74,86.88,4
ALU2202,16,3,20,25,11,8,19,11,14.12,1
ALU2203,22,66,21,45,58,47,45,32,42.0,2
ALU2204,2,21,15,20,17,12,9,0,12.0,1
ALU2205,63,63,73,44,77,65,52,77,64.25,3
ALU2206,82,79,95,100,95,58,71,99,84.88,4
ALU2207,35,31,43,9,19,27,32,13,26.12,1
ALU2208,81,89,80,99,89,66,69,82,81.88,4
ALU2209,30,50,46,40,29,14,45,29,35.38,1
ALU2210,100,80,76,53,90,76,84,80,79.88,4
ALU2211,65,48,61,86,77,85,75,59,69.5,3
ALU2212,96,79,82,95,66,60,76,92,80.75,4
ALU2213,0,0,2,29,12,0,5,0,6.0,1
ALU2214,92,72,94,77,89,100,100,73,87.12,4
ALU2215,67,74,94,73,58,58,83,85,74.0,3
ALU2216,33,29,37,44,30,15,34,35,32.12,1
ALU2217,84,84,82,92,79,91,87,63,82.75,4
ALU2218,34,16,19,37,36,28,44,29,30.38,1
ALU2219,76,90,63,75,59,84,76,74,74.62,3
ALU2220,3,0,14,32,19,11,0,35,14.25,1
ALU2221,93,55,81,86,63,74,74,64,73.75,3
ALU2222,48,50,49,50,61,63,68,61,56.25,2
ALU2223,20,39,18,0,13,11,0,13,14.25,1
ALU2224,10,38,43,13,23,4,19,46,24.5,1
ALU2225,3,22,22,30,4,10,3,8,12.75,1
ALU2226,45,68,52,64,50,42,35,63,52.38,2
ALU2227,36,86,34,31,41,44,30,39,42.62,2
ALU2228,31,59,40,55,49,45,45,51,46.88,2
ALU2229,33,53,24,0,28,27,27,31,27.88,1
ALU2230,20,47,28,30,46,9,40,29,31.12,1
ALU2231,75,86,61,50,68,83,47,63,66.62,3
ALU2232,0,35,12,12,13,27,0,0,12.38,1
ALU2233,77,79,100,100,73,78,100,100,88.38,4
ALU2234,78,74,99,64,64,78,71,52,72.5,3
ALU2235,54,69,68,69,54,52,33,83,60.25,3
ALU2236,53,55,67,76,51,47,60,39,56.0,2
ALU2237,73,90,76,89,95,95,84,92,86.75,4
ALU2238,3,45,39,12,33,14,23,13,22.75,1
ALU2239,22,4,0,12,0,19,12,0,8.62,1
ALU2240,13,21,37,43,21,26,41,42,30.5,1
ALU2241,74,79,82,81,83,87,68,42,74.5,3
ALU2242,15,4,0,8,7,2,6,19,7.62,1
ALU2243,51,28,54,78,72,73,52,59,58.38,2
ALU2244,86,85,80,100,100,100,100,100,93.88,5
ALU2245,84,92,68,60,79,56,91,90,77.5,4
ALU2246,63,73,32,63,50,50,56,60,55.88,2
ALU2247,0,0,19,27,10,9,36,23,15.5,1
ALU2248,78,62,94,57,71,69,86,91,76.0,4
ALU2249,41,59,32,18,68,65,73,65,52.62,2
ALU2250,11,0,37,0,22,32,4,10,14.5,1
ALU2251,13,6,13,11,17,0,5,10,9.38,1
ALU2252,78,60,90,100,89,56,100,88,82.62,4
ALU2253,60,85,47,49,55,90,48,61,61.88,3
ALU2254,65,68,95,89,84,76,88,100,83.12,4
ALU2255,84,100,86,32,85,85,99,82,81.62,4
ALU2256,67,73,70,59,76,40,70,40,61.88,3
ALU2257,40,41,66,44,38,52,32,49,45.25,2
ALU2258,37,27,59,81,36,64,39,31,46.75,2
ALU2259,38,30,25,0,17,40,40,60,31.25,1
ALU2260,56,42,41,43,41,47,53,45,46.0,2
ALU2261,59,79,67,40,57,48,74,83,63.38,3
ALU2262,57,47,69,49,71,70,50,66,59.88,2
ALU2263,88,96,89,54,96,85,82,98,86.0,4
ALU2264,43,48,57,86,43,35,37,48,49.62,2
ALU2265,34,54,72,53,49,69,44,54,53.62,2
ALU2266,66,51,41,58,46,49,58,62,53.88,2
ALU2267,73,55,74,57,51,66,80,41,62.12,3
ALU2268,69,55,79,47,74,86,64,66,67.5,3
ALU2269,16,27,21,45,18,28,8,51,26.75,1
ALU2270,45,52,55,62,70,44,46,61,54.38,2
ALU2271,32,18,12,30,29,5,35,12,21.62,1
ALU2272,48,66,46,17,39,45,20,67,43.5,2
ALU2273,55,46,44,69,44,42,48,40,48.5,2
ALU2274,67,78,69,82,58,99,72,68,74.12,3
ALU2275,83,93,91,86,100,69,76,86,85.5,4
ALU2276,57,55,53,75,52,57,61,56,58.25,2
ALU2277,71,70,74,76,81,76,60,77,73.12,3
ALU2278,56,49,83,21,50,52,35,58,50.5,2
ALU2279,77,66,53,58,69,53,69,59,63.0,3
ALU2280,22,0,8,2,3,29,33,0,12.12,1
ALU2281,13,5,19,29,24,37,23,53,25.38,1
ALU2282,39,47,30,55,37,48,44,38,42.25,2
ALU2283,54,60,57,17,41,37,53,33,44.0,2
ALU2284,15,20,17,1,21,3,11,0,11.0,1
ALU2285,11,19,17,2,9,24,9,45,17.0,1
ALU2286,59,41,42,15,24,13,17,64,34.38,1
ALU2287,79,100,100,77,100,100,82,97,91.88,5
ALU2288,23,46,32,36,46,33,32,26,34.25,1
ALU2289,50,35,29,57,64,64,43,53,49.38,2
ALU2290,43,6,32,28,3,16,8,18,19.25,1
ALU2291,51,54,62,63,61,87,57,68,62.88,3
ALU2292,27,30,30,41,31,36,22,35,31.5,1
ALU2293,34,20,18,66,18,31,30,23,30.0,1
ALU2294,51,23,60,53,54,41,46,50,47.25,2
ALU2295,2,31,9,23,2,9,15,2,11.62,1
ALU2296,11,1,2,23,7,0,8,18,8.75,1
ALU2297,27,27,10,56,58,1,18,22,27.38,1
ALU2298,18,26,21,18,11,5,6,37,17.75,1
ALU2299,27,0,21,0,18,32,13,44,19.38,1
ALU2300,38,27,38,40,43,34,37,30,35.88,1
ALU2301,80,71,45,81,79,72,81,72,72.62,3
ALU2302,58,51,56,71,45,51,51,55,54.75,2
ALU2303,56,48,48,35,34,84,48,42,49.38,2
ALU2304,31,53,23,54,31,40,32,43,38.38,1
ALU2305,88,98,97,88,86,65,53,100,84.38,4
ALU2306,52,55,49,55,21,32,47,58,46.12,2
ALU2307,27,13,18,18,29,6,1,9,15.12,1
ALU2308,45,39,72,62,61,49,57,57,55.25,2
ALU2309,15,0,2,19,29,16,7,0,11.0,1
ALU2310,29,13,30,48,13,27,45,26,28.88,1
ALU2311,47,56,51,85,65,42,62,37,55.62,2
ALU2312,87,84,76,47,78,85,82,68,75.88,4
ALU2313,56,46,58,59,62,26,48,42,49.62,2
ALU2314,67,62,61,68,70,35,67,63,61.62,3
ALU2315,75,100,100,91,98,100,94,94,94.0,5
ALU2316,7,4,5,0,21,29,28,35,16.12,1
ALU2317,38,43,55,40,25,35,65,46,43.38,2
ALU2318,13,40,64,38,34,45,38,24,37.0,1
ALU2319,54,42,41,27,39,40,49,48,42.5,2
ALU2320,47,59,55,42,27,87,31,30,47.25,2
ALU2321,99,100,81,81,81,89,77,88,87.0,4
ALU2322,67,65,81,37,62,100,57,87,69.5,3
ALU2323,39,71,57,61,44,90,75,52,61.12,3
ALU2324,37,38,17,43,37,39,41,19,33.88,1
ALU2325,91,79,36,69,79,75,74,79,72.75,3
ALU2326,100,94,87,95,93,91,93,100,94.12,5
ALU2327,72,68,82,80,85,72,88,100,80.88,4
ALU2328,6,0,21,23,2,12,19,0,10.38,1
ALU2329,56,53,62,60,52,72,67,64,60.75,3
ALU2330,1,23,21,24,12,0,10,13,13.0,1
ALU2331,37,26,22,22,0,67,44,8,28.25,1
ALU2332,0,0,6,45,9,0,0,0,7.5,1
ALU2333,50,48,71,51,66,19,36,63,50.5,2
ALU2334,55,18,37,54,77,65,81,61,56.0,2
ALU2335,0,7,15,13,10,0,9,0,6.75,1
ALU2336,41,40,34,26,17,38,55,49,37.5,1
ALU2337,57,44,62,23,19,47,69,46,45.88,2
ALU2338,36,67,31,51,44,44,60,38,46.38,2
ALU2339,0,24,22,0,12,30,0,0,11.0,1
ALU2340,51,50,53,29,62,27,52,18,42.75,2
ALU2341,89,47,54,48,58,67,66,64,61.62,3
ALU2342,4,5,9,13,14,21,3,12,10.12,1
ALU2343,7,4,7,0,28,2,16,2,8.25,1
ALU2344,42,25,48,46,38,8,29,21,32.12,1
ALU2345,100,77,97,100,73,99,98,84,91.0,5
ALU2346,59,38,62,35,92,56,81,65,61.0,3
ALU2347,52,46,53,69,81,56,63,85,63.12,3
ALU2348,43,50,50,46,35,39,41,39,42.88,2
ALU2349,66,56,57,75,66,58,52,37,58.38,2
ALU2350,5,0,0,0,14,20,11,0,6.25,1
ALU2351,56,62,43,33,68,43,79,27,51.38,2
ALU2352,97,100,92,100,73,100,92,91,93.12,5
ALU2353,65,60,44,45,63,38,58,45,52.25,2
ALU2354,75,91,100,74,98,77,99,90,88.0,4
ALU2355,70,57,58,81,75,57,65,86,68.62,3
ALU2356,2,6,15,0,19,16,11,24,11.62,1
ALU2357,93,91,88,81,80,86,78,83,85.0,4
ALU2358,8,39,2,27,1,13,0,36,15.75,1
ALU2359,48,74,26,27,37,56,42,46,44.5,2
ALU2360,17,26,20,8,25,37,18,5,19.5,1
ALU2361,6,8,0,0,3,8,8,10,5.38,1
ALU2362,51,63,44,29,29,63,31,53,45.38,2
ALU2363,37,43,30,52,41,5,25,0,29.12,1
ALU2364,47,14,51,74,42,15,26,64,41.62,2
ALU2365,64,41,75,61,48,58,83,34,58.0,2
ALU2366,12,14,2,18,3,13,26,0,11.0,1
ALU2367,11,0,10,25,14,8,7,11,10.75,1
ALU2368,54,41,35,43,59,55,56,40,47.88,2
ALU2369,34,25,33,40,27,52,25,41,34.62,1
ALU2370,75,66,75,47,80,80,82,75,72.5,3
ALU2371,60,59,57,46,68,58,71,68,60.88,3
ALU2372,77,76,86,79,75,84,65,98,80.0,4
ALU2373,87,79,65,48,65,78,55,62,67.38,3
ALU2374,53,39,28,20,39,25,42,48,36.75,1
ALU2375,57,59,69,52,66,53,82,42,60.0,3
ALU2376,35,9,27,50,44,43,25,43,34.5,1
ALU2377,33,47,34,60,28,6,48,25,35.12,1
ALU2378,79,65,69,75,77,59,79,72,71.88,3
ALU2379,46,28,37,55,38,26,35,40,38.12,1
ALU2380,88,80,78,66,82,90,71,75,78.75,4
ALU2381,82,67,76,41,81,62,86,73,71.0,3
ALU2382,81,74,100,66,95,94,92,51,81.62,4
ALU2383,97,91,97,81,79,82,98,100,90.62,5
ALU2384,46,38,50,46,50,70,46,34,47.5,2
ALU2385,34,68,31,31,46,35,39,28,39.0,1
ALU2386,60,56,33,52,53,73,84,54,58.12,2
ALU2387,37,47,28,28,37,45,67,45,41.75,2
ALU2388,59,29,51,65,61,52,59,52,53.5,2
ALU2389,62,55,65,43,66,68,47,83,61.12,3
ALU2390,59,50,66,81,68,67,68,93,69.0,3
ALU2391,28,24,46,28,45,31,40,61,37.88,1
ALU2392,6,26,23,57,18,33,4,23,23.75,1
ALU2393,34,59,57,38,42,81,45,35,48.88,2
ALU2394,16,23,14,9,20,19,5,9,14.38,1
ALU2395,86,81,88,74,81,95,89,79,84.12,4
ALU2396,33,26,40,27,32,44,43,24,33.62,1
ALU2397,0,35,21,29,9,0,25,24,17.88,1
ALU2398,23,38,22,6,6,14,19,4,16.5,1
ALU2399,73,65,72,80,67,69,68,62,69.5,3
ALU2400,66,76,46,70,59,43,71,58,61.12,3
ALU2401,54,40,34,36,27,8,51,41,36.38,1
ALU2402,1,22,11,18,10,17,6,15,12.5,1
ALU2403,60,24,67,63,45,66,40,36,50.12,2
ALU2404,23,25,29,44,34,27,28,30,30.0,1
ALU2405,68,71,54,70,88,60,56,63,66.25,3
ALU2406,46,77,64,67,52,94,55,68,65.38,3
ALU2407,37,25,43,17,36,51,47,26,35.25,1
ALU2408,28,0,23,70,32,6,33,18,26.25,1
ALU2409,92,86,91,100,86,83,73,67,84.75,4
ALU2410,52,61,57,57,65,78,66,30,58.25,2
ALU2411,67,43,56,66,66,56,77,63,61.75,3
ALU2412,12,0,13,0,23,9,20,11,11.0,1
ALU2413,43,51,42,43,48,58,32,21,42.25,2
ALU2414,15,5,20,8,17,3,0,14,10.25,1
ALU2415,43,59,53,35,39,57,68,38,49.0,2
ALU2416,100,73,78,76,100,96,100,69,86.5,4
ALU2417,51,34,28,33,41,37,53,44,40.12,2
ALU2418,0,26,30,22,15,26,6,20,18.12,1
ALU2419,19,0,20,30,0,0,23,0,11.5,1
ALU2420,60,62,50,42,43,41,23,49,46.25,2
ALU2421,21,3,19,9,9,10,4,16,11.38,1
ALU2422,13,19,25,0,18,31,19,3,16.0,1
ALU2423,83,67,59,74,60,70,62,57,66.5,3
ALU2424,43,29,55,50,47,75,45,44,48.5,2
ALU2425,32,23,25,38,27,24,9,29,25.88,1
ALU2426,72,94,83,78,70,87,51,100,79.38,4
ALU2427,16,15,24,24,6,31,3,22,17.62,1
ALU2428,96,100,89,99,95,76,86,90,91.38,5
ALU2429,38,54,28,26,24,55,22,49,37.0,1
ALU2430,95,67,79,54,78,85,92,97,80.88,4
ALU2431,51,40,35,43,62,65,71,38,50.62,2
ALU2432,74,59,88,100,88,87,86,88,83.75,4
ALU2433,100,80,81,63,100,92,79,94,86.12,4
ALU2434,29,47,53,54,30,18,37,21,36.12,1
ALU2435,93,99,88,60,93,92,76,77,84.75,4
ALU2436,39,31,55,26,41,9,62,37,37.5,1
ALU2437,31,39,17,32,29,20,40,39,30.88,1
ALU2438,51,56,44,67,38,33,25,51,45.62,2
ALU2439,48,82,65,54,43,76,54,22,55.5,2
ALU2440,7,22,34,15,25,41,20,1,20.62,1
ALU2441,50,14,36,37,56,69,63,57,47.75,2
ALU2442,33,58,45,63,32,30,31,51,42.88,2
ALU2443,67,87,80,64,83,78,65,75,74.88,3
ALU2444,70,83,81,75,74,67,85,73,76.0,4
ALU2445,50,55,48,38,38,43,53,48,46.62,2
ALU2446,25,37,27,45,41,46,71,9,37.62,1
ALU2447,37,9,46,42,26,38,44,57,37.38,1
ALU2448,36,9,53,6,28,41,14,28,26.88,1
ALU2449,18,5,11,0,3,0,31,16,10.5,1
ALU2450,33,51,41,22,43,20,42,20,34.0,1
ALU2451,30,17,29,32,31,51,45,21,32.0,1
ALU2452,76,98,100,100,96,100,97,99,95.75,5
ALU2453,53,59,65,58,53,54,72,50,58.0,2
ALU2454,27,60,23,0,52,35,49,40,35.75,1
ALU2455,64,56,49,70,75,74,63,46,62.12,3
ALU2456,43,0,5,0,0,25,12,0,10.62,1
ALU2457,49,54,77,32,54,54,39,60,52.38,2
ALU2458,41,93,68,64,50,47,49,48,57.5,2
ALU2459,45,59,41,47,54,66,48,61,52.62,2
ALU2460,42,29,33,56,23,38,54,29,38.0,1
ALU2461,95,78,100,83,98,73,100,92,89.88,4
ALU2462,76,69,95,66,75,72,74,78,75.62,4
ALU2463,63,91,70,55,56,52,72,58,64.62,3
ALU2464,43,51,51,73,51,78,42,66,56.88,2
ALU2465,51,50,64,72,53,50,64,83,60.88,3
ALU2466,29,20,24,24,16,28,39,20,25.0,1
ALU2467,30,35,29,64,36,8,26,42,33.75,1
ALU2468,13,32,0,29,7,22,10,4,14.62,1
ALU2469,34,32,52,61,51,35,39,49,44.12,2
ALU2470,71,71,56,32,72,59,73,43,59.62,2
ALU2471,17,27,32,39,16,31,52,10,28.0,1
ALU2472,89,100,100,88,93,100,98,96,95.5,5
ALU2473,90,100,100,79,94,91,97,89,92.5,5
ALU2474,64,71,60,57,62,98,86,85,72.88,3
ALU2475,54,48,60,49,30,56,62,53,51.5,2
ALU2476,89,84,92,72,64,100,73,82,82.0,4
ALU2477,26,15,13,19,0,26,11,24,16.75,1
ALU2478,84,51,77,73,91,80,70,89,76.88,4
ALU2479,14,39,12,20,22,29,0,14,18.75,1
ALU2480,75,80,100,86,84,79,88,40,79.0,4
ALU2481,53,12,31,24,39,36,14,15,28.0,1
ALU2482,93,52,89,70,78,89,93,98,82.75,4
ALU2483,80,55,86,53,100,93,81,100,81.0,4
ALU2484,19,29,12,32,21,50,15,37,26.88,1
ALU2485,43,37,31,48,45,80,53,40,47.12,2
ALU2486,91,86,100,90,100,98,100,88,94.12,5
ALU2487,36,55,57,69,55,67,58,58,56.88,2
ALU2488,78,74,79,59,96,100,81,91,82.25,4
ALU2489,76,66,47,58,71,74,57,23,59.0,2
ALU2490,44,40,40,21,35,46,24,39,36.12,1
ALU2491,5,29,24,42,32,40,38,29,29.88,1
ALU2492,35,0,20,0,14,31,22,7,16.12,1
ALU2493,84,61,58,88,57,62,62,65,67.12,3
ALU2494,36,48,42,53,48,38,49,43,44.62,2
ALU2495,58,40,53,34,60,33,68,47,49.12,2
ALU2496,40,67,62,50,29,57,47,62,51.75,2
ALU2497,52,92,55,40,49,63,50,81,60.25,3
ALU2498,97,92,78,90,83,93,75,96,88.0,4
ALU2499,90,100,74,100,94,81,98,99,92.0,5
ALU2500,22,52,54,23,62,56,27,39,41.88,2
ALU2501,78,71,90,56,73,86,80,90,78.0,4
ALU2502,73,76,74,93,72,100,68,65,77.62,4
ALU2503,68,86,40,91,63,68,62,48,65.75,3
ALU2504,91,83,76,99,87,82,98,73,86.12,4
ALU2505,18,7,16,33,17,2,9,1,12.88,1
ALU2506,25,0,26,8,8,18,22,32,17.38,1
ALU2507,83,78,85,85,84,66,87,85,81.62,4
ALU2508,37,29,26,50,42,33,42,51,38.75,1
ALU2509,92,100,86,77,88,66,76,79,83.0,4
ALU2510,87,88,75,100,88,76,80,100,86.75,4
ALU2511,10,25,4,13,0,32,8,35,15.88,1
ALU2512,86,80,96,90,66,70,73,84,80.62,4
ALU2513,34,28,54,42,40,38,37,44,39.62,1
ALU2514,45,31,64,49,60,29,53,47,47.25,2
ALU2515,61,47,61,83,54,35,54,45,55.0,2
ALU2516,86,93,98,91,92,84,98,82,90.5,5
ALU2517,19,14,0,9,12,9,5,2,8.75,1
ALU2518,50,56,44,51,53,30,42,16,42.75,2
ALU2519,75,44,62,60,61,44,70,34,56.25,2
ALU2520,70,70,70,44,58,41,65,69,60.88,3
ALU2521,77,51,51,95,54,69,57,78,66.5,3
ALU2522,21,23,14,36,46,31,13,6,23.75,1
ALU2523,32,39,49,54,36,10,7,56,35.38,1
ALU2524,37,19,24,17,55,27,13,33,28.12,1
ALU2525,67,91,61,100,69,93,66,65,76.5,4
ALU2526,35,65,15,65,42,26,15,10,34.12,1
ALU2527,23,36,55,42,19,22,31,25,31.62,1
ALU2528,86,88,96,100,90,96,100,63,89.88,4
ALU2529,16,1,2,20,2,0,9,0,6.25,1
ALU2530,82,91,95,79,86,83,72,95,85.38,4
ALU2531,61,54,68,75,57,70,48,46,59.88,2
ALU2532,89,83,71,61,79,58,83,72,74.5,3
ALU2533,34,14,25,20,25,7,29,31,23.12,1
ALU2534,5,0,4,11,7,0,0,0,3.38,1
ALU2535,73,74,62,74,63,82,61,80,71.12,3
ALU2536,81,80,75,88,87,97,67,93,83.5,4
ALU2537,56,63,75,39,67,64,89,57,63.75,3
ALU2538,14,0,5,15,34,30,26,15,17.38,1
ALU2539,88,77,100,82,72,93,69,71,81.5,4
ALU2540,67,59,83,87,73,74,76,79,74.75,3
ALU2541,61,62,49,78,80,73,66,60,66.12,3
ALU2542,68,100,44,78,68,100,74,63,74.38,3
ALU2543,80,90,72,74,77,70,100,66,78.62,4
ALU2544,54,39,68,69,53,56,77,71,60.88,3
ALU2545,17,0,18,7,15,36,31,4,16.0,1
ALU2546,50,51,47,65,41,34,52,38,47.25,2
ALU2547,19,0,4,19,19,14,7,26,13.5,1
ALU2548,31,11,30,40,41,32,26,43,31.75,1
ALU2549,38,49,36,27,50,62,29,27,39.75,1
ALU2550,8,15,0,31,18,0,23,8,12.88,1
ALU2551,40,43,31,46,31,35,21,22,33.62,1
ALU2552,7,18,30,52,7,0,12,0,15.75,1
ALU2553,86,76,68,87,74,55,61,70,72.12,3
ALU2554,100,80,97,100,90,61,89,87,88.0,4
ALU2555,1,19,20,0,14,9,0,2,8.12,1
ALU2556,86,100,78,96,95,98,98,98,93.62,5
ALU2557,46,44,41,46,51,52,49,61,48.75,2
ALU2558,58,16,44,46,25,35,22,22,33.5,1
ALU2559,7,0,0,17,6,5,0,9,5.5,1
ALU2560,66,37,49,67,55,64,51,43,54.0,2
ALU2561,63,79,100,100,70,87,77,62,79.75,4
ALU2562,58,36,80,54,74,70,62,70,63.0,3
ALU2563,2,16,10,26,15,12,5,0,10.75,1
ALU2564,3,21,21,23,26,4,5,0,12.88,1
ALU2565,38,14,40,76,36,70,15,24,39.12,1
ALU2566,24,16,43,44,28,43,31,18,30.88,1
ALU2567,17,27,1,36,2,24,7,10,15.5,1
ALU2568,41,28,28,45,20,27,19,7,26.88,1
ALU2569,89,85,52,93,67,71,81,73,76.38,4
ALU2570,98,86,90,100,93,84,85,83,89.88,4
ALU2571,46,60,38,26,59,45,59,41,46.75,2
ALU2572,87,81,100,79,92,60,76,89,83.0,4
ALU2573,28,19,42,65,43,30,29,39,36.88,1
ALU2574,38,31,41,12,40,45,49,36,36.5,1
ALU2575,28,36,20,23,13,25,24,26,24.38,1
ALU2576,50,63,67,65,60,65,75,58,62.88,3
ALU2577,83,100,86,89,86,93,100,91,91.0,5
ALU2578,70,68,58,87,50,65,75,52,65.62,3
ALU2579,56,6,53,45,39,35,17,25,34.5,1
ALU2580,67,46,53,56,51,78,72,59,60.25,3
ALU2581,27,0,10,4,24,25,4,9,12.88,1
ALU2582,82,72,81,90,80,100,90,89,85.5,4
ALU2583,36,43,88,71,49,60,47,63,57.12,2
ALU2584,51,60,52,47,46,34,37,32,44.88,2
ALU2585,63,75,71,55,53,55,71,50,61.62,3
ALU2586,61,56,70,48,73,53,41,93,61.88,3
ALU2587,9,7,21,18,0,11,33,0,12.38,1
ALU2588,76,55,72,72,79,82,74,43,69.12,3
ALU2589,16,28,31,13,23,21,28,41,25.12,1
ALU2590,61,72,51,87,78,60,67,96,71.5,3
ALU2591,68,91,83,100,81,86,74,99,85.25,4
ALU2592,78,89,76,78,85,65,82,81,79.25,4
ALU2593,43,20,61,60,53,41,38,48,45.5,2
ALU2594,44,49,50,31,54,57,14,47,43.25,2
ALU2595,10,38,27,31,28,0,18,23,21.88,1
ALU2596,72,68,86,83,75,67,65,87,75.38,4
ALU2597,14,46,0,23,42,42,18,36,27.62,1
ALU2598,50,45,44,36,53,22,30,21,37.62,1
ALU2599,43,33,8,63,23,4,45,14,29.12,1
ALU2600,18,0,19,23,13,0,38,20,16.38,1
ALU2601,77,45,58,45,70,20,61,42,52.25,2
ALU2602,23,20,26,25,0,38,8,0,17.5,1
ALU2603,80,85,74,76,80,74,77,84,78.75,4
ALU2604,34,33,27,34,29,23,37,37,31.75,1
ALU2605,5,0,16,22,0,0,0,26,8.62,1
ALU2606,58,51,47,3,53,84,65,64,53.12,2
ALU2607,5,28,3,0,2,19,22,0,9.88,1
ALU2608,11,55,34,54,24,27,38,33,34.5,1
ALU2609,73,63,87,66,62,86,89,57,72.88,3
ALU2610,0,0,20,2,11,16,19,0,8.5,1
ALU2611,70,93,87,56,76,73,72,97,78.0,4
ALU2612,5,1,38,8,9,0,6,2,8.62,1
ALU2613,26,41,18,32,37,18,38,46,32.0,1
ALU2614,57,75,62,97,77,56,59,73,69.5,3
ALU2615,35,20,35,40,51,50,30,37,37.25,1
ALU2616,23,15,32,8,34,6,0,22,17.5,1
ALU2617,26,57,26,44,34,57,61,34,42.38,2
ALU2618,42,27,50,49,17,16,34,26,32.62,1
ALU2619,65,65,63,96,77,71,88,84,76.12,4
ALU2620,54,9,31,44,34,26,15,50,32.88,1
ALU2621,71,64,78,80,98,62,89,83,78.12,4
ALU2622,86,79,74,74,81,76,89,85,80.5,4
ALU2623,25,56,36,25,46,52,22,38,37.5,1
ALU2624,86,70,96,65,80,100,92,85,84.25,4
ALU2625,41,62,56,46,35,43,27,26,42.0,2
ALU2626,90,71,66,100,79,73,92,78,81.12,4
ALU2627,7,48,15,32,0,4,22,9,17.12,1
ALU2628,57,92,65,76,80,58,69,66,70.38,3
ALU2629,60,51,50,68,60,74,27,59,56.12,2
ALU2630,40,15,36,37,36,54,43,24,35.62,1
ALU2631,77,61,46,75,72,80,72,62,68.12,3
ALU2632,63,62,86,50,55,57,65,74,64.0,3
ALU2633,1,0,19,4,3,0,11,0,4.75,1
ALU2634,28,24,18,0,21,28,26,13,19.75,1
ALU2635,52,56,63,69,81,62,44,79,63.25,3
ALU2636,52,54,57,87,66,69,79,64,66.0,3
ALU2637,100,88,60,93,97,98,85,63,85.5,4
ALU2638,61,64,77,86,68,67,64,84,71.38,3
ALU2639,72,100,99,95,93,100,82,91,91.5,5
ALU2640,86,60,69,57,80,46,82,45,65.62,3
ALU2641,17,38,30,28,15,33,49,19,28.62,1
ALU2642,16,16,16,35,25,24,20,12,20.5,1
ALU2643,76,80,65,88,73,100,69,79,78.75,4
ALU2644,34,69,56,51,48,64,97,77,62.0,3
ALU2645,6,22,7,0,6,28,9,0,9.75,1
ALU2646,41,41,45,41,50,55,29,31,41.62,2
ALU2647,94,94,100,80,86,100,100,100,94.25,5
ALU2648,59,50,47,46,53,54,48,64,52.62,2
ALU2649,40,41,31,17,27,74,69,39,42.25,2
ALU2650,53,32,46,64,27,58,36,38,44.25,2
ALU2651,16,22,47,22,13,0,21,30,21.38,1
ALU2652,24,41,26,39,48,38,56,9,35.12,1
ALU2653,25,44,48,23,37,24,44,38,35.38,1
ALU2654,0,12,25,4,20,32,6,9,13.5,1
ALU2655,84,70,69,76,85,76,63,67,73.75,3
ALU2656,27,41,34,31,34,22,28,49,33.25,1
ALU2657,81,70,85,75,94,92,63,94,81.75,4
ALU2658,78,86,85,100,76,100,93,67,85.62,4
ALU2659,23,20,32,0,34,18,33,13,21.62,1
ALU2660,77,66,89,67,73,57,70,73,71.5,3
ALU2661,43,62,49,33,48,50,34,27,43.25,2
ALU2662,90,73,69,100,84,57,80,76,78.62,4
ALU2663,24,33,25,21,27,35,28,54,30.88,1
ALU2664,64,66,68,47,67,91,81,68,69.0,3
ALU2665,82,90,74,55,55,49,64,55,65.5,3
ALU2666,17,28,29,37,26,59,33,7,29.5,1
ALU2667,30,27,12,67,13,32,6,0,23.38,1
ALU2668,70,63,47,25,75,62,74,78,61.75,3
ALU2669,66,50,78,49,55,80,68,55,62.62,3
ALU2670,49,25,73,56,28,57,16,34,42.25,2
ALU2671,44,76,60,35,59,65,52,80,58.88,2
ALU2672,35,34,45,40,38,46,48,33,39.88,1
ALU2673,57,35,62,60,72,61,77,62,60.75,3
ALU2674,27,22,7,11,9,21,0,32,16.12,1
ALU2675,73,68,90,82,95,95,84,100,85.88,4
ALU2676,35,32,31,24,39,28,15,42,30.75,1
ALU2677,36,61,9,57,44,30,42,58,42.12,2
ALU2678,5,21,29,34,8,27,17,0,17.62,1
ALU2679,18,38,20,22,7,22,2,20,18.62,1
ALU2680,48,43,52,47,48,44,51,69,50.25,2
ALU2681,18,26,24,33,29,55,39,35,32.38,1
ALU2682,100,64,85,94,86,100,92,78,87.38,4
ALU2683,1,0,11,24,5,21,0,0,7.75,1
ALU2684,16,25,43,45,42,21,52,28,34.0,1
ALU2685,26,15,48,62,31,41,38,56,39.62,1
ALU2686,0,27,22,0,9,15,0,6,9.88,1
ALU2687,24,0,40,36,13,0,15,7,16.88,1
ALU2688,45,62,32,54,44,60,51,20,46.0,2
ALU2689,53,68,42,38,31,52,58,55,49.62,2
ALU2690,37,48,45,45,46,58,52,30,45.12,2
ALU2691,49,36,43,58,58,48,44,52,48.5,2
ALU2692,54,34,51,56,63,65,61,82,58.25,2
ALU2693,5,0,11,3,0,13,3,17,6.5,1
ALU2694,55,56,57,19,39,49,49,65,48.62,2
ALU2695,95,91,100,79,83,99,85,93,90.62,5
ALU2696,56,36,49,47,55,49,70,61,52.88,2
ALU2697,70,83,71,55,72,48,65,84,68.5,3
ALU2698,41,58,35,17,26,2,31,21,28.88,1
ALU2699,77,71,74,93,87,65,79,74,77.5,4
ALU2700,78,76,64,72,87,86,87,64,76.75,4
ALU2701,63,29,40,90,53,36,52,43,50.75,2
ALU2702,86,86,100,96,96,100,89,90,92.88,5
ALU2703,7,23,6,35,0,37,26,2,17.0,1
ALU2704,0,11,0,2,1,13,27,1,6.88,1
ALU2705,76,66,73,62,61,71,91,83,72.88,3
ALU2706,59,73,95,82,68,93,65,76,76.38,4
ALU2707,20,9,0,39,20,33,25,4,18.75,1
ALU2708,27,24,25,27,36,25,28,39,28.88,1
ALU2709,17,12,14,14,14,7,21,0,12.38,1
ALU2710,24,1,9,36,33,19,53,15,23.75,1
ALU2711,72,73,72,72,79,78,46,91,72.88,3
ALU2712,62,56,37,50,35,20,51,63,46.75,2
ALU2713,50,27,24,18,23,31,30,31,29.25,1
ALU2714,31,31,33,38,36,25,29,64,35.88,1
ALU2715,6,0,0,16,11,3,0,0,4.5,1
ALU2716,34,24,17,37,27,20,26,41,28.25,1
ALU2717,66,63,62,66,49,34,59,41,55.0,2
ALU2718,90,94,100,100,85,82,88,78,89.62,4
ALU2719,94,49,90,84,71,74,56,95,76.62,4
ALU2720,0,16,19,7,0,23,8,27,12.5,1
ALU2721,81,81,95,99,100,76,98,83,89.12,4
ALU2722,79,100,67,77,87,62,68,100,80.0,4
ALU2723,79,57,78,70,55,57,55,93,68.0,3
ALU2724,59,33,59,54,26,63,47,36,47.12,2
ALU2725,52,37,50,40,32,37,53,35,42.0,2
ALU2726,29,38,34,27,17,36,34,12,28.38,1
ALU2727,23,0,17,13,34,0,2,4,11.62,1
ALU2728,18,13,55,28,17,0,12,28,21.38,1
ALU2729,36,36,37,7,30,13,35,27,27.62,1
ALU2730,66,34,44,54,43,72,45,48,50.75,2
ALU2731,84,92,71,100,60,55,66,86,76.75,4
ALU2732,48,40,34,30,58,38,40,49,42.12,2
ALU2733,6,0,38,1,16,10,12,19,12.75,1
ALU2734,75,100,100,100,90,81,92,97,91.88,5
ALU2735,92,100,90,75,100,97,90,93,92.12,5
ALU2736,64,81,100,98,78,63,64,88,79.5,4
ALU2737,86,100,100,90,89,77,81,100,90.38,5
ALU2738,42,79,48,55,73,94,46,38,59.38,2
ALU2739,87,77,100,89,95,77,95,100,90.0,5
ALU2740,11,25,16,19,28,23,18,13,19.12,1
ALU2741,40,15,47,9,37,23,55,24,31.25,1
ALU2742,19,31,8,28,0,2,15,24,15.88,1
ALU2743,33,21,12,15,7,21,31,26,20.75,1
ALU2744,15,36,35,0,28,0,0,25,17.38,1
ALU2745,53,78,81,81,55,55,65,74,67.75,3
ALU2746,77,83,92,37,77,63,57,86,71.5,3
ALU2747,76,61,83,95,68,75,42,82,72.75,3
ALU2748,21,25,25,29,20,0,27,19,20.75,1
ALU2749,74,78,84,53,69,88,79,75,75.0,4
ALU2750,46,61,51,86,62,66,58,41,58.88,2
ALU2751,37,61,32,26,41,36,23,53,38.62,1
ALU2752,68,89,41,52,61,54,70,74,63.62,3
ALU2753,24,26,24,0,14,30,29,20,20.88,1
ALU2754,19,39,11,20,32,39,44,39,30.38,1
ALU2755,79,88,100,74,86,93,66,87,84.12,4
ALU2756,45,6,35,45,16,27,38,33,30.62,1
ALU2757,61,42,22,68,38,30,40,43,43.0,2
ALU2758,76,100,82,62,77,98,88,86,83.62,4
ALU2759,75,57,92,73,50,68,67,47,66.12,3
ALU2760,0,42,9,0,11,1,0,4,8.38,1
ALU2761,32,35,6,23,20,3,13,22,19.25,1
ALU2762,8,11,0,44,0,19,0,0,10.25,1
ALU2763,71,70,40,29,48,82,55,67,57.75,2
ALU2764,28,31,51,27,49,53,34,74,43.38,2
ALU2765,23,13,11,30,22,26,21,0,18.25,1
ALU2766,91,100,87,100,92,100,80,65,89.38,4
ALU2767,61,43,47,35,53,47,59,69,51.75,2
ALU2768,35,42,25,53,32,58,65,56,45.75,2
ALU2769,50,29,35,35,49,34,46,55,41.62,2
ALU2770,60,48,69,96,56,62,47,66,63.0,3
ALU2771,19,40,0,20,11,0,37,2,16.12,1
ALU2772,29,29,20,52,25,30,33,37,31.88,1
ALU2773,68,69,89,84,76,100,76,77,79.88,4
ALU2774,37,66,50,58,55,42,41,58,50.88,2
ALU2775,39,72,62,66,42,60,41,30,51.5,2
ALU2776,38,57,69,64,45,0,39,48,45.0,2
ALU2777,19,0,8,8,0,15,0,0,6.25,1
ALU2778,21,15,20,3,10,34,10,33,18.25,1
ALU2779,39,49,41,43,60,46,52,29,44.88,2
ALU2780,31,34,18,11,28,7,35,32,24.5,1
ALU2781,1,1,0,0,11,0,6,1,2.5,1
ALU2782,81,83,81,100,64,72,86,74,80.12,4
ALU2783,91,97,97,100,90,75,100,100,93.75,5
ALU2784,84,95,81,86,55,100,66,65,79.0,4
ALU2785,66,93,82,100,82,88,62,60,79.12,4
ALU2786,18,4,37,37,14,48,36,27,27.62,1
ALU2787,75,88,91,100,97,87,82,82,87.75,4
ALU2788,20,8,17,0,24,11,16,3,12.38,1
ALU2789,100,99,79,72,78,80,92,95,86.88,4
ALU2790,89,100,75,81,98,87,100,98,91.0,5
ALU2791,63,70,86,44,89,61,70,70,69.12,3
ALU2792,100,89,84,95,91,100,67,100,90.75,5
ALU2793,66,57,45,59,65,69,60,28,56.12,2
ALU2794,27,31,23,63,7,32,31,17,28.88,1
ALU2795,51,34,40,60,49,19,34,48,41.88,2
ALU2796,47,40,78,49,52,62,37,72,54.62,2
ALU2797,25,0,7,20,8,6,6,14,10.75,1
ALU2798,82,80,92,28,66,82,33,77,67.5,3
ALU2799,98,100,94,95,90,100,71,83,91.38,5
ALU2800,1,27,46,23,5,24,5,13,18.0,1
ALU2801,70,95,87,60,91,44,61,71,72.38,3
ALU2802,92,67,91,83,72,84,97,85,83.88,4
ALU2803,85,63,100,77,81,80,88,65,79.88,4
ALU2804,100,97,100,74,92,97,95,91,93.25,5
ALU2805,57,56,59,64,53,34,54,51,53.5,2
ALU2806,85,66,100,100,97,96,74,84,87.75,4
ALU2807,73,78,67,82,74,39,66,62,67.62,3
ALU2808,10,13,7,11,31,0,16,23,13.88,1
ALU2809,46,35,39,35,52,34,46,56,42.88,2
ALU2810,64,64,90,62,57,61,75,71,68.0,3
ALU2811,39,0,44,23,1,33,38,29,25.88,1
ALU2812,83,53,56,46,64,37,67,62,58.5,2
ALU2813,50,54,36,83,79,55,86,65,63.5,3
ALU2814,0,27,17,16,7,10,24,29,16.25,1
ALU2815,53,53,43,69,45,66,49,78,57.0,2
ALU2816,59,84,68,49,77,71,89,95,74.0,3
ALU2817,50,11,37,37,54,35,35,34,36.62,1
ALU2818,13,0,0,21,17,0,12,0,7.88,1
ALU2819,20,14,28,21,22,0,4,13,15.25,1
ALU2820,39,32,28,15,39,12,26,37,28.5,1
ALU2821,86,100,100,93,79,100,90,87,91.88,5
ALU2822,5,0,22,31,16,25,22,30,18.88,1
ALU2823,62,73,48,49,56,48,39,58,54.12,2
ALU2824,25,15,31,31,35,9,27,2,21.88,1
ALU2825,40,22,29,5,28,15,21,17,22.12,1
ALU2826,74,96,78,64,90,86,82,66,79.5,4
ALU2827,66,88,72,81,55,45,69,79,69.38,3
ALU2828,0,29,3,14,16,10,18,39,16.12,1
ALU2829,20,74,24,45,36,52,16,37,38.0,1
ALU2830,0,26,7,4,12,0,0,44,11.62,1
ALU2831,32,36,59,57,45,33,49,21,41.5,2
ALU2832,67,66,53,75,72,77,99,57,70.75,3
ALU2833,10,10,17,29,11,0,17,18,14.0,1
ALU2834,25,61,49,33,30,26,25,0,31.12,1
ALU2835,30,57,39,33,48,42,51,62,45.25,2
ALU2836,55,84,88,77,86,78,80,78,78.25,4
ALU2837,100,100,95,75,94,76,99,94,91.62,5
ALU2838,0,0,0,1,16,0,9,15,5.12,1
ALU2839,69,77,61,62,72,78,86,51,69.5,3
ALU2840,23,24,26,67,22,27,46,72,38.38,1
ALU2841,50,14,44,21,34,47,34,42,35.75,1
ALU2842,74,84,81,91,53,69,54,68,71.75,3
ALU2843,79,100,97,82,85,78,74,72,83.38,4
ALU2844,86,97,86,86,95,79,94,93,89.5,4
ALU2845,73,54,70,64,58,60,56,34,58.62,2
ALU2846,36,18,40,11,51,54,37,39,35.75,1
ALU2847,74,58,76,61,88,77,78,95,75.88,4
ALU2848,18,13,0,5,30,13,17,43,17.38,1
ALU2849,36,52,45,48,31,72,54,47,48.12,2
ALU2850,35,53,19,20,43,23,37,33,32.88,1
ALU2851,67,80,71,87,56,90,46,71,71.0,3
ALU2852,37,1,27,16,35,24,19,43,25.25,1
ALU2853,0,11,9,0,25,9,26,43,15.38,1
ALU2854,76,76,91,81,94,96,96,100,88.75,4
ALU2855,8,0,0,28,19,9,4,1,8.62,1
ALU2856,50,59,38,79,74,57,56,61,59.25,2
ALU2857,23,21,16,20,30,26,17,5,19.75,1
ALU2858,7,6,14,0,0,0,0,2,3.62,1
ALU2859,12,28,25,7,18,7,31,0,16.0,1
ALU2860,11,22,13,28,16,28,15,4,17.12,1
ALU2861,92,76,98,62,96,84,65,86,82.38,4
ALU2862,34,39,30,26,45,49,25,20,33.5,1
ALU2863,87,100,93,89,96,95,87,94,92.62,5
ALU2864,73,61,56,58,44,53,68,40,56.62,2
ALU2865,59,54,41,41,39,47,39,51,46.38,2
ALU2866,66,55,62,40,70,49,61,51,56.75,2
ALU2867,21,50,60,57,71,56,64,47,53.25,2
ALU2868,89,74,62,72,73,78,66,55,71.12,3
ALU2869,38,19,28,29,27,11,33,44,28.62,1
ALU2870,56,28,56,17,24,48,36,38,37.88,1
ALU2871,97,100,87,96,73,100,88,93,91.75,5
ALU2872,100,100,93,73,92,98,91,72,89.88,4
ALU2873,94,100,99,100,92,54,87,94,90.0,5
ALU2874,56,22,36,21,27,36,39,43,35.0,1
ALU2875,95,53,74,88,83,56,75,68,74.0,3
ALU2876,50,30,57,13,61,43,44,67,45.62,2
ALU2877,34,51,64,9,56,60,77,55,50.75,2
ALU2878,20,0,0,13,39,12,30,29,17.88,1
ALU2879,62,49,49,17,61,86,58,30,51.5,2
ALU2880,22,42,9,34,25,0,17,36,23.12,1
ALU2881,22,49,33,34,38,31,46,41,36.75,1
ALU2882,65,74,70,100,95,87,72,99,82.75,4
ALU2883,16,17,31,20,29,5,8,15,17.62,1
ALU2884,19,19,13,15,6,0,0,1,9.12,1
ALU2885,27,25,21,6,15,22,26,33,21.88,1
ALU2886,98,81,100,73,94,100,100,100,93.25,5
ALU2887,61,47,58,43,48,81,52,30,52.5,2
ALU2888,41,33,37,20,52,36,35,42,37.0,1
ALU2889,60,58,79,84,78,98,71,92,77.5,4
ALU2890,75,76,74,74,87,79,100,82,80.88,4
ALU2891,32,30,18,33,39,48,33,27,32.5,1
ALU2892,62,48,78,100,60,64,71,58,67.62,3
ALU2893,74,84,73,67,64,57,69,75,70.38,3
ALU2894,68,71,45,69,56,87,65,78,67.38,3
ALU2895,27,29,25,17,17,46,23,4,23.5,1
ALU2896,81,72,81,100,99,77,100,53,82.88,4
ALU2897,34,23,28,57,53,67,52,47,45.12,2
ALU2898,25,37,13,25,34,28,36,36,29.25,1
ALU2899,43,33,34,84,52,75,38,52,51.38,2
ALU2900,20,0,10,0,4,0,10,0,5.5,1
ALU2901,10,0,25,13,12,13,20,20,14.12,1
ALU2902,79,69,82,90,84,52,71,64,73.88,3
ALU2903,7,28,12,0,10,0,7,15,9.88,1
ALU2904,42,34,42,56,36,40,33,40,40.38,2
ALU2905,61,35,72,43,47,45,58,63,53.0,2
ALU2906,3,19,18,27,10,0,10,10,12.12,1
ALU2907,86,95,95,100,95,100,85,99,94.38,5
ALU2908,25,0,32,23,37,44,23,19,25.38,1
ALU2909,25,42,27,14,37,40,48,22,31.88,1
ALU2910,37,64,31,25,22,4,31,28,30.25,1
ALU2911,18,0,0,25,17,30,30,34,19.25,1
ALU2912,7,0,0,21,8,10,10,40,12.0,1
ALU2913,69,27,91,76,72,58,77,88,69.75,3
ALU2914,94,90,93,100,83,97,78,100,91.88,5
ALU2915,20,40,26,31,35,17,12,23,25.5,1
ALU2916,61,66,76,79,42,52,55,57,61.0,3
ALU2917,72,92,76,68,75,54,79,40,69.5,3
ALU2918,83,93,71,84,65,93,84,72,80.62,4
ALU2919,42,68,43,43,51,62,45,23,47.12,2
ALU2920,49,49,18,24,29,30,30,43,34.0,1
ALU2921,24,28,36,52,41,49,18,31,34.88,1
ALU2922,68,70,59,86,65,92,61,50,68.88,3
ALU2923,62,65,89,100,91,80,81,86,81.75,4
ALU2924,25,17,15,7,2,20,19,25,16.25,1
ALU2925,27,39,28,44,47,45,40,22,36.5,1
ALU2926,83,84,84,100,80,73,67,100,83.88,4
ALU2927,73,97,81,100,81,85,77,67,82.62,4
ALU2928,96,88,79,66,97,95,68,100,86.12,4
ALU2929,67,58,66,72,58,53,57,71,62.75,3
ALU2930,34,27,41,36,50,20,28,63,37.38,1
ALU2931,72,67,74,86,62,43,36,71,63.88,3
ALU2932,67,43,34,24,65,72,54,49,51.0,2
ALU2933,6,9,19,0,15,7,15,37,13.5,1
ALU2934,51,73,49,79,55,53,67,36,57.88,2
ALU2935,85,73,62,60,77,89,62,54,70.25,3
ALU2936,17,18,11,0,15,26,12,42,17.62,1
ALU2937,68,74,70,100,83,65,73,74,75.88,4
ALU2938,50,42,64,31,63,42,54,61,50.88,2
ALU2939,85,77,84,100,88,95,78,96,87.88,4
ALU2940,2,5,28,0,27,0,15,0,9.62,1
ALU2941,16,32,36,2,33,47,25,55,30.75,1
ALU2942,47,73,61,62,61,62,51,89,63.25,3
ALU2943,23,33,29,16,37,33,24,5,25.0,1
ALU2944,75,89,83,74,68,54,97,62,75.25,4
ALU2945,69,97,89,100,85,82,82,82,85.75,4
ALU2946,12,26,0,11,14,31,10,12,14.5,1
ALU2947,63,69,42,80,59,49,22,43,53.38,2
ALU2948,63,35,58,56,40,64,30,58,50.5,2
ALU2949,35,20,49,55,20,32,39,47,37.12,1
ALU2950,82,96,85,46,92,88,85,100,84.25,4
ALU2951,70,59,70,90,75,100,65,55,73.0,3
ALU2952,74,63,68,76,65,62,66,53,65.88,3
ALU2953,67,80,87,62,45,77,60,58,67.0,3
ALU2954,42,67,47,80,63,40,38,80,57.12,2
ALU2955,79,84,72,79,88,92,85,100,84.88,4
ALU2956,59,57,68,38,80,77,55,71,63.12,3
ALU2957,73,75,80,84,56,57,53,69,68.38,3
ALU2958,69,66,81,56,83,71,66,88,72.5,3
ALU2959,39,27,44,31,33,38,24,46,35.25,1
ALU2960,72,77,88,100,78,80,58,74,78.38,4
ALU2961,21,22,21,31,24,40,48,26,29.12,1
ALU2962,22,37,36,31,22,40,47,31,33.25,1
ALU2963,35,22,13,28,38,63,43,15,32.12,1
ALU2964,89,82,100,100,84,100,82,68,88.12,4
ALU2965,81,70,78,60,75,100,71,72,75.88,4
ALU2966,82,43,63,82,68,93,51,62,68.0,3
ALU2967,72,75,63,100,66,60,92,76,75.5,4
ALU2968,47,69,61,65,52,77,71,59,62.62,3
ALU2969,83,100,76,85,100,100,98,70,89.0,4
ALU2970,55,45,37,46,48,62,48,49,48.75,2
ALU2971,52,27,38,30,35,57,34,31,38.0,1
ALU2972,22,30,12,7,18,15,25,16,18.12,1
ALU2973,82,85,79,77,64,80,94,76,79.62,4
ALU2974,77,74,64,83,72,64,78,89,75.12,4
ALU2975,53,65,58,68,46,74,26,33,52.88,2
ALU2976,0,6,15,0,10,0,0,30,7.62,1
ALU2977,87,76,88,36,80,61,86,62,72.0,3
ALU2978,15,0,0,35,12,0,0,0,7.75,1
ALU2979,54,44,97,69,62,67,62,66,65.12,3
ALU2980,83,100,87,94,92,91,100,75,90.25,5
ALU2981,35,42,35,53,58,57,40,25,43.12,2
ALU2982,18,33,34,22,23,26,7,27,23.75,1
ALU2983,63,96,70,100,74,61,100,49,76.62,4
ALU2984,80,72,68,87,84,85,91,65,79.0,4
ALU2985,62,19,80,46,46,71,53,53,53.75,2
ALU2986,100,99,100,85,98,95,91,100,96.0,5
ALU2987,1,12,9,7,3,22,0,6,7.5,1
ALU2988,41,39,79,36,54,51,45,52,49.62,2
ALU2989,82,75,79,100,63,65,60,53,72.12,3
ALU2990,89,94,82,84,85,93,83,67,84.62,4
ALU2991,21,6,48,0,22,24,40,0,20.12,1
ALU2992,81,72,84,84,78,92,82,63,79.5,4
ALU2993,54,76,62,80,57,77,79,65,68.75,3
ALU2994,45,29,36,59,35,38,23,32,37.12,1
ALU2995,13,17,17,3,5,26,0,18,12.38,1
ALU2996,85,43,77,62,83,98,97,86,78.88,4
ALU2997,4,0,36,44,30,25,20,29,23.5,1
ALU2998,26,35,13,3,38,40,38,56,31.12,1
ALU2999,24,49,47,37,35,33,30,39,36.75,1
ALU3000,79,62,72,73,78,87,85,80,77.0,4
ALU3001,56,66,64,89,67,73,73,76,70.5,3
ALU3002,71,71,73,57,68,67,79,80,70.75,3
ALU3003,12,41,21,13,23,2,20,0,16.5,1
ALU3004,66,42,69,72,64,59,89,44,63.12,3
ALU3005,55,62,56,70,38,53,57,53,55.5,2
ALU3006,62,70,71,100,97,100,77,71,81.0,4
ALU3007,78,89,88,95,73,90,82,84,84.88,4
ALU3008,9,7,0,12,24,14,10,0,9.5,1
ALU3009,60,61,59,84,57,59,62,77,64.88,3
ALU3010,2,16,0,0,1,0,0,8,3.38,1
ALU3011,53,55,48,38,50,41,51,71,50.88,2
ALU3012,34,28,36,7,26,11,17,31,23.75,1
ALU3013,18,27,33,0,26,43,35,35,27.12,1
ALU3014,42,37,58,51,33,41,36,22,40.0,2
ALU3015,52,64,92,86,61,83,52,44,66.75,3
ALU3016,34,20,29,45,26,43,46,36,34.88,1
ALU3017,70,65,60,77,79,74,70,70,70.62,3
ALU3018,36,25,54,42,55,11,36,18,34.62,1
ALU3019,0,10,15,12,0,39,6,24,13.25,1
ALU3020,72,66,89,100,94,76,70,76,80.38,4
ALU3021,46,42,35,58,38,0,36,23,34.75,1
ALU3022,30,54,41,33,46,47,34,31,39.5,1
ALU3023,83,52,64,86,60,54,67,77,67.88,3
ALU3024,32,34,40,57,36,22,28,25,34.25,1
ALU3025,10,19,7,21,19,14,2,13,13.12,1
ALU3026,27,36,53,45,64,29,44,36,41.75,2
ALU3027,82,79,74,96,100,100,78,82,86.38,4
ALU3028,57,46,77,36,47,61,69,44,54.62,2
ALU3029,54,78,42,37,63,71,69,83,62.12,3
ALU3030,59,75,63,76,62,70,77,47,66.12,3
ALU3031,18,19,18,3,36,26,1,10,16.38,1
ALU3032,61,54,24,17,41,45,54,61,44.62,2
ALU3033,60,28,47,35,65,74,68,71,56.0,2
ALU3034,15,34,0,5,14,36,0,18,15.25,1
ALU3035,32,27,30,36,26,42,22,51,33.25,1
ALU3036,19,31,22,38,39,19,36,50,31.75,1
ALU3037,50,39,31,59,67,27,42,36,43.88,2
ALU3038,89,100,100,86,100,81,100,100,94.5,5
ALU3039,0,0,0,13,20,17,7,0,7.12,1
ALU3040,58,73,59,66,64,35,51,27,54.12,2
ALU3041,9,27,10,29,25,11,18,21,18.75,1
ALU3042,81,100,78,81,88,72,80,91,83.88,4
ALU3043,22,10,7,20,12,29,14,24,17.25,1
ALU3044,37,21,48,5,52,51,38,48,37.5,1
ALU3045,80,85,54,71,74,84,72,81,75.12,4
ALU3046,80,73,71,57,58,61,69,90,69.88,3
ALU3047,36,63,31,70,56,16,43,70,48.12,2
ALU3048,44,33,26,18,28,23,37,48,32.12,1
ALU3049,33,34,45,42,29,20,53,40,37.0,1
ALU3050,51,49,54,21,20,8,17,25,30.62,1
ALU3051,16,52,12,13,26,40,14,23,24.5,1
ALU3052,58,48,57,55,58,44,65,40,53.12,2
ALU3053,37,17,25,21,31,33,44,42,31.25,1
ALU3054,34,43,25,64,25,47,33,45,39.5,1
ALU3055,57,60,76,28,56,48,88,55,58.5,2
ALU3056,90,100,82,100,99,100,98,89,94.75,5
ALU3057,37,55,45,57,58,37,81,34,50.5,2
ALU3058,14,35,17,11,15,15,29,10,18.25,1
ALU3059,15,1,30,17,10,27,31,12,17.88,1
ALU3060,91,97,99,100,93,73,76,75,88.0,4
ALU3061,2,24,14,36,35,44,39,24,27.25,1
ALU3062,0,9,5,31,37,16,12,0,13.75,1
ALU3063,51,52,70,59,62,52,42,36,53.0,2
ALU3064,64,72,80,42,57,43,77,81,64.5,3
ALU3065,66,77,66,61,65,66,77,41,64.88,3
ALU3066,27,37,22,49,19,36,27,30,30.88,1
ALU3067,12,4,26,0,0,1,0,20,7.88,1
ALU3068,81,93,90,72,100,77,92,100,88.12,4
ALU3069,33,41,20,38,30,39,5,12,27.25,1
ALU3070,70,79,56,71,77,83,49,83,71.0,3
ALU3071,72,28,54,54,52,82,65,70,59.62,2
ALU3072,58,55,93,55,50,83,67,67,66.0,3
ALU3073,51,29,50,29,36,23,30,57,38.12,1
ALU3074,34,39,21,29,21,8,22,37,26.38,1
ALU3075,49,57,79,70,44,64,48,45,57.0,2
ALU3076,85,93,89,75,72,76,100,54,80.5,4
ALU3077,97,74,95,100,86,100,77,99,91.0,5
ALU3078,8,18,5,4,18,0,0,20,9.12,1
ALU3079,29,32,12,48,36,4,12,7,22.5,1
ALU3080,93,67,89,100,79,91,96,92,88.38,4
ALU3081,47,100,47,55,61,73,72,52,63.38,3
ALU3082,87,100,78,62,69,94,75,89,81.75,4
ALU3083,19,23,23,40,28,21,25,4,22.88,1
ALU3084,63,45,73,62,59,29,71,74,59.5,2
ALU3085,77,65,60,78,58,100,70,97,75.62,4
ALU3086,68,67,75,54,57,66,68,70,65.62,3
ALU3087,58,48,17,39,40,85,43,47,47.12,2
ALU3088,4,28,20,0,5,4,0,14,9.38,1
ALU3089,63,50,46,62,47,41,62,61,54.0,2
ALU3090,35,36,29,5,29,23,40,12,26.12,1
ALU3091,44,26,50,43,31,62,61,65,47.75,2
ALU3092,98,84,93,68,91,100,96,97,90.88,5
ALU3093,34,46,39,31,39,45,41,48,40.38,2
ALU3094,76,90,65,78,84,79,100,94,83.25,4
ALU3095,8,10,11,31,34,23,23,35,21.88,1
ALU3096,67,58,77,76,61,63,59,82,67.88,3
ALU3097,96,100,85,100,92,100,84,99,94.5,5
ALU3098,25,31,12,0,0,27,4,2,12.62,1
ALU3099,13,8,0,28,25,0,0,11,10.62,1
ALU3100,41,10,54,32,25,21,67,43,36.62,1
ALU3101,1,51,0,3,12,0,4,1,9.0,1
ALU3102,76,72,83,77,46,67,90,92,75.38,4
ALU3103,98,82,74,81,79,90,84,85,84.12,4
ALU3104,51,36,56,50,61,43,56,47,50.0,2
ALU3105,39,33,28,38,39,37,15,18,30.88,1
ALU3106,41,49,37,30,53,43,43,43,42.38,2
ALU3107,65,84,89,66,68,94,50,83,74.88,3
ALU3108,0,0,4,3,22,13,6,34,10.25,1
ALU3109,57,53,53,75,60,58,67,37,57.5,2
ALU3110,59,90,71,51,67,37,71,60,63.25,3
ALU3111,64,65,44,53,88,67,62,18,57.62,2
ALU3112,25,24,0,8,37,34,22,20,21.25,1
ALU3113,67,55,83,52,68,58,70,70,65.38,3
ALU3114,5,20,3,0,18,0,6,15,8.38,1
ALU3115,32,38,33,10,36,39,16,45,31.12,1
ALU3116,84,97,84,100,90,69,79,80,85.38,4
ALU3117,69,67,57,83,79,73,74,93,74.38,3
ALU3118,0,11,13,29,19,6,23,9,13.75,1
ALU3119,14,52,22,10,52,34,42,20,30.75,1
ALU3120,37,40,11,0,14,9,20,26,19.62,1
ALU3121,34,17,16,35,36,27,19,31,26.88,1
ALU3122,11,0,6,60,31,12,18,30,21.0,1
ALU3123,18,15,15,1,6,11,0,0,8.25,1
ALU3124,55,58,35,48,39,53,55,36,47.38,2
ALU3125,72,54,70,42,87,84,54,86,68.62,3
ALU3126,75,59,57,60,49,82,32,74,61.0,3
ALU3127,67,61,54,63,51,61,74,53,60.5,3
ALU3128,0,13,0,0,6,8,20,10,7.12,1
ALU3129,94,82,100,71,72,100,77,95,86.38,4
ALU3130,82,99,79,60,72,89,84,91,82.0,4
ALU3131,71,79,99,49,66,96,61,80,75.12,4
ALU3132,84,65,93,66,79,100,77,95,82.38,4
ALU3133,72,100,85,98,100,76,93,87,88.88,4
ALU3134,63,35,56,42,48,66,62,75,55.88,2
ALU3135,14,42,24,43,31,14,27,58,31.62,1
ALU3136,50,75,82,53,68,83,37,61,63.62,3
ALU3137,70,92,81,77,49,54,75,77,71.88,3
ALU3138,75,69,61,80,65,85,97,58,73.75,3
ALU3139,53,44,56,79,48,43,56,49,53.5,2
ALU3140,3,12,20,0,14,19,0,13,10.12,1
ALU3141,33,37,24,46,44,57,29,48,39.75,1
ALU3142,76,78,93,70,91,78,81,85,81.5,4
ALU3143,55,49,73,88,48,35,29,68,55.62,2
ALU3144,64,47,43,34,47,49,54,48,48.25,2
ALU3145,29,11,20,36,14,23,24,43,25.0,1
ALU3146,46,48,52,66,38,18,34,43,43.12,2
ALU3147,100,84,81,64,81,55,84,90,79.88,4
ALU3148,59,60,53,75,70,83,56,58,64.25,3
ALU3149,73,59,86,57,82,98,86,74,76.88,4
ALU3150,67,28,52,87,42,36,48,40,50.0,2
ALU3151,76,90,62,27,64,57,55,73,63.0,3
ALU3152,10,17,40,0,25,39,32,8,21.38,1
ALU3153,72,77,82,48,57,80,72,58,68.25,3
ALU3154,43,45,42,23,35,70,32,60,43.75,2
ALU3155,53,3,68,54,22,54,42,47,42.88,2
ALU3156,55,90,82,95,59,48,61,80,71.25,3
ALU3157,80,99,65,100,83,100,82,100,88.62,4
ALU3158,3,0,0,14,0,0,0,23,5.0,1
ALU3159,73,78,52,79,87,78,71,85,75.38,4
ALU3160,39,14,27,20,36,48,46,22,31.5,1
ALU3161,33,72,30,51,50,31,37,46,43.75,2
ALU3162,0,0,0,3,13,5,17,0,4.75,1
ALU3163,14,24,45,35,32,13,31,29,27.88,1
ALU3164,60,39,29,36,50,35,52,42,42.88,2
ALU3165,22,11,11,0,18,1,0,0,7.88,1
ALU3166,45,69,50,49,55,73,63,55,57.38,2
ALU3167,85,100,87,88,98,88,100,93,92.38,5
ALU3168,19,8,16,3,14,54,6,32,19.0,1
ALU3169,88,79,47,60,63,88,89,56,71.25,3
ALU3170,45,43,32,51,44,56,26,57,44.25,2
ALU3171,56,49,82,72,58,47,63,31,57.25,2
ALU3172,12,64,14,62,34,26,14,26,31.5,1
ALU3173,8,39,39,44,22,2,23,47,28.0,1
ALU3174,20,22,2,0,19,14,16,19,14.0,1
ALU3175,4,35,0,7,7,4,10,1,8.5,1
ALU3176,23,39,10,0,31,21,37,20,22.62,1
ALU3177,59,66,78,31,74,77,79,76,67.5,3
ALU3178,73,89,77,100,78,80,82,80,82.38,4
ALU3179,66,100,82,100,65,90,91,83,84.62,4
ALU3180,82,52,67,55,68,44,80,71,64.88,3
ALU3181,23,40,14,37,26,21,28,22,26.38,1
ALU3182,48,27,46,56,18,24,32,45,37.0,1
ALU3183,38,55,42,0,37,36,36,60,38.0,1
ALU3184,23,27,13,42,19,40,24,28,27.0,1
ALU3185,64,56,48,42,41,29,79,55,51.75,2
ALU3186,52,52,74,60,62,75,57,36,58.5,2
ALU3187,39,29,40,91,43,34,36,50,45.25,2
ALU3188,36,32,18,65,35,64,42,55,43.38,2
ALU3189,50,100,62,77,87,80,82,89,78.38,4
ALU3190,92,41,86,100,82,95,100,56,81.5,4
ALU3191,37,14,41,0,17,33,32,27,25.12,1
ALU3192,90,76,76,96,88,91,96,87,87.5,4
ALU3193,90,74,99,100,100,92,89,78,90.25,5
ALU3194,36,57,53,47,39,31,14,64,42.62,2
ALU3195,30,55,54,27,10,33,36,42,35.88,1
ALU3196,56,59,69,57,39,53,60,63,57.0,2
ALU3197,76,80,96,100,99,97,91,100,92.38,5
ALU3198,85,100,81,42,78,87,69,85,78.38,4
ALU3199,19,0,9,8,25,22,33,0,14.5,1
ALU3200,38,72,40,24,60,17,26,51,41.0,2
ALU3201,58,44,44,66,52,68,45,82,57.38,2
ALU3202,40,46,45,75,44,39,36,44,46.12,2
ALU3203,12,16,37,11,12,0,10,14,14.0,1
ALU3204,84,66,62,62,89,100,82,94,79.88,4
ALU3205,72,94,47,68,59,87,73,78,72.25,3
ALU3206,61,92,90,59,76,80,73,96,78.38,4
ALU3207,87,100,78,78,71,98,89,80,85.12,4
ALU3208,66,53,49,66,68,67,81,70,65.0,3
ALU3209,42,47,43,54,37,37,40,7,38.38,1
ALU3210,46,67,57,65,40,51,41,60,53.38,2
ALU3211,10,23,14,22,11,9,37,11,17.12,1
ALU3212,75,48,73,95,73,61,57,34,64.5,3
ALU3213,21,37,5,25,34,10,0,47,22.38,1
ALU3214,63,69,67,59,66,24,62,70,60.0,3
ALU3215,24,11,23,20,26,22,32,0,19.75,1
ALU3216,20,0,16,1,18,1,24,20,12.5,1
ALU3217,24,28,0,1,39,24,6,45,20.88,1
ALU3218,4,41,0,0,0,1,0,22,8.5,1
ALU3219,80,54,69,90,57,79,73,83,73.12,3
ALU3220,80,73,77,57,70,71,77,53,69.75,3
ALU3221,55,68,73,57,55,32,64,43,55.88,2
ALU3222,20,0,29,14,19,0,31,7,15.0,1
ALU3223,19,5,18,11,0,0,14,12,9.88,1
ALU3224,9,0,21,27,15,0,0,17,11.12,1
ALU3225,30,34,16,23,18,9,14,26,21.25,1
ALU3226,94,100,100,68,90,98,82,72,88.0,4
ALU3227,16,29,40,16,42,29,15,24,26.38,1
ALU3228,26,24,31,52,22,8,49,51,32.88,1
ALU3229,7,7,37,23,0,1,26,21,15.25,1
ALU3230,34,15,30,41,30,24,8,30,26.5,1
ALU3231,35,37,78,47,31,36,47,39,43.75,2
ALU3232,63,58,63,34,55,60,84,61,59.75,2
ALU3233,30,35,20,36,21,14,41,11,26.0,1
ALU3234,21,17,0,14,13,8,12,0,10.62,1
ALU3235,41,40,35,45,33,31,53,19,37.12,1
ALU3236,12,26,19,1,30,27,45,50,26.25,1
ALU3237,15,23,40,13,14,46,25,49,28.12,1
ALU3238,79,71,91,74,78,100,75,77,80.62,4
ALU3239,55,62,41,67,60,44,70,49,56.0,2
ALU3240,53,46,57,62,56,92,66,50,60.25,3
ALU3241,30,22,43,41,45,60,30,59,41.25,2
ALU3242,58,49,37,61,58,33,46,52,49.25,2
ALU3243,40,44,56,80,66,40,44,73,55.38,2
ALU3244,81,71,67,74,72,72,47,91,71.88,3
ALU3245,80,80,75,80,76,78,70,74,76.62,4
ALU3246,29,6,27,10,23,46,37,24,25.25,1
ALU3247,43,51,54,36,61,57,53,69,53.0,2
ALU3248,45,14,26,60,45,32,44,57,40.38,2
ALU3249,70,100,100,67,77,75,67,98,81.75,4
ALU3250,70,41,43,74,54,71,69,68,61.25,3
ALU3251,52,45,51,83,64,32,46,67,55.0,2
ALU3252,11,35,2,27,13,37,6,11,17.75,1
ALU3253,47,55,64,58,78,51,70,51,59.25,2
ALU3254,0,0,17,0,4,29,0,10,7.5,1
ALU3255,24,46,33,38,47,53,32,67,42.5,2
ALU3256,28,28,36,36,13,63,4,3,26.38,1
ALU3257,63,57,80,64,71,62,63,80,67.5,3
ALU3258,21,15,19,41,10,19,0,51,22.0,1
ALU3259,46,33,49,46,21,35,46,45,40.12,2
ALU3260,100,82,100,90,100,88,90,81,91.38,5
ALU3261,36,0,36,17,19,13,49,31,25.12,1
ALU3262,40,47,49,24,60,68,53,43,48.0,2
ALU3263,23,69,23,35,36,57,31,29,37.88,1
ALU3264,30,0,10,0,16,2,18,25,12.62,1
ALU3265,99,67,84,86,72,65,87,94,81.75,4
ALU3266,13,0,1,10,0,4,26,6,7.5,1
ALU3267,34,56,47,67,54,40,24,40,45.25,2
ALU3268,65,73,54,60,64,62,47,58,60.38,3
ALU3269,60,79,78,52,67,64,50,60,63.75,3
ALU3270,65,48,89,52,65,79,85,55,67.25,3
ALU3271,36,35,41,16,10,50,37,6,28.88,1
ALU3272,9,27,4,8,0,10,19,0,9.62,1
ALU3273,58,77,83,63,63,79,57,53,66.62,3
ALU3274,49,60,60,33,50,90,54,38,54.25,2
ALU3275,86,73,79,98,91,88,60,83,82.25,4
ALU3276,84,82,100,81,77,71,65,67,78.38,4
ALU3277,83,99,72,85,59,79,82,70,78.62,4
ALU3278,57,53,55,33,22,23,51,31,40.62,2
ALU3279,31,16,45,16,28,43,39,17,29.38,1
ALU3280,78,69,72,73,71,67,68,58,69.5,3
ALU3281,11,63,52,9,49,32,50,44,38.75,1
ALU3282,17,26,32,35,6,8,21,36,22.62,1
ALU3283,89,83,84,69,68,99,100,100,86.5,4
ALU3284,80,76,90,79,88,80,79,85,82.12,4
ALU3285,42,64,48,54,60,58,24,61,51.38,2
ALU3286,1,36,21,7,0,17,19,0,12.62,1
ALU3287,49,58,37,18,32,42,43,47,40.75,2
ALU3288,82,98,73,100,88,71,66,65,80.38,4
ALU3289,94,80,86,58,95,93,82,92,85.0,4
ALU3290,6,15,37,0,14,16,25,11,15.5,1
ALU3291,9,8,0,26,22,13,6,0,10.5,1
ALU3292,81,84,73,57,84,100,70,83,79.0,4
ALU3293,37,61,67,62,46,59,37,62,53.88,2
ALU3294,47,71,57,60,46,47,64,65,57.12,2
ALU3295,88,100,87,97,95,97,87,81,91.5,5
ALU3296,19,0,20,0,0,19,13,0,8.88,1
ALU3297,44,38,53,48,57,66,61,51,52.25,2
ALU3298,29,15,0,4,8,23,0,20,12.38,1
ALU3299,43,51,43,23,40,50,37,41,41.0,2
ALU3300,76,76,68,99,100,100,72,86,84.62,4
ALU3301,53,72,45,30,69,76,53,36,54.25,2
ALU3302,80,78,98,100,90,92,100,99,92.12,5
ALU3303,48,37,57,73,70,80,65,59,61.12,3
ALU3304,32,23,13,18,22,40,25,51,28.0,1
ALU3305,38,14,25,31,28,22,10,46,26.75,1
ALU3306,36,44,41,20,29,45,18,49,35.25,1
ALU3307,43,32,21,35,34,35,40,56,37.0,1
ALU3308,5,0,0,2,37,10,2,10,8.25,1
ALU3309,43,51,25,25,34,21,24,28,31.38,1
ALU3310,63,20,55,49,40,47,70,46,48.75,2
ALU3311,80,53,46,48,60,84,75,68,64.25,3
ALU3312,63,39,74,80,56,74,68,61,64.38,3
ALU3313,75,71,73,49,54,74,72,68,67.0,3
ALU3314,11,8,2,0,7,31,25,3,10.88,1
ALU3315,29,53,6,20,26,56,22,18,28.75,1
ALU3316,75,78,54,57,67,72,71,62,67.0,3
ALU3317,59,70,57,54,48,72,59,59,59.75,2
ALU3318,4,9,20,7,0,10,27,0,9.62,1
ALU3319,83,62,65,48,70,78,77,96,72.38,3
ALU3320,70,76,88,92,76,88,89,89,83.5,4
ALU3321,45,63,62,49,53,53,32,55,51.5,2
ALU3322,8,21,10,15,4,0,36,0,11.75,1
ALU3323,73,66,65,100,71,70,79,43,70.88,3
ALU3324,40,64,50,80,72,34,66,59,58.12,2
ALU3325,83,61,97,79,95,69,59,84,78.38,4
ALU3326,44,57,74,47,70,64,56,97,63.62,3
ALU3327,100,60,93,52,69,69,69,71,72.88,3
ALU3328,66,51,54,72,51,35,51,44,53.0,2
ALU3329,15,0,12,10,28,0,14,0,9.88,1
ALU3330,65,59,72,62,64,55,60,73,63.75,3
ALU3331,63,74,86,40,64,55,58,60,62.5,3
ALU3332,65,56,64,79,65,67,43,65,63.0,3
ALU3333,22,12,31,40,8,24,25,20,22.75,1
ALU3334,21,23,24,49,30,33,20,21,27.62,1
ALU3335,84,88,67,77,87,69,96,98,83.25,4
ALU3336,74,65,54,84,79,59,66,66,68.38,3
ALU3337,73,98,81,85,69,100,82,86,84.25,4
ALU3338,73,82,77,89,91,84,75,85,82.0,4
ALU3339,60,75,69,58,61,47,66,55,61.38,3
ALU3340,65,62,45,49,45,45,77,53,55.12,2
ALU3341,82,77,92,100,94,77,84,67,84.12,4
ALU3342,68,46,55,58,53,53,62,42,54.62,2
ALU3343,58,66,61,55,62,72,62,52,61.0,3
ALU3344,21,13,26,22,14,0,15,32,17.88,1
ALU3345,60,39,68,34,46,33,24,37,42.62,2
ALU3346,68,62,73,76,69,96,71,66,72.62,3
ALU3347,31,19,13,25,12,29,18,14,20.12,1
ALU3348,22,26,20,8,31,24,33,23,23.38,1
ALU3349,45,12,43,76,34,24,22,37,36.62,1
ALU3350,24,31,37,8,31,38,19,31,27.38,1
ALU3351,37,34,32,30,32,0,14,48,28.38,1
ALU3352,42,34,37,44,44,36,49,43,41.12,2
ALU3353,78,100,70,68,90,55,83,90,79.25,4
ALU3354,57,50,57,44,35,50,57,42,49.0,2
ALU3355,18,0,7,0,13,15,0,52,13.12,1
ALU3356,18,7,20,49,12,0,35,23,20.5,1
ALU3357,40,68,75,62,69,82,55,80,66.38,3
ALU3358,39,46,33,36,43,49,48,54,43.5,2
ALU3359,74,75,77,100,93,94,84,89,85.75,4
ALU3360,53,49,66,49,63,41,72,80,59.12,2
ALU3361,71,60,69,99,80,61,66,74,72.5,3
ALU3362,23,19,12,40,30,47,25,61,32.12,1
ALU3363,66,58,66,31,64,79,72,45,60.12,3
ALU3364,15,11,29,22,26,49,28,24,25.5,1
ALU3365,92,78,100,97,81,85,78,100,88.88,4
ALU3366,75,72,52,62,61,60,69,59,63.75,3
ALU3367,37,58,47,34,32,43,61,43,44.38,2
ALU3368,37,40,15,18,27,8,24,22,23.88,1
ALU3369,33,41,6,9,4,25,28,28,21.75,1
ALU3370,79,82,63,61,66,100,70,62,72.88,3
ALU3371,43,37,13,59,15,19,20,41,30.88,1
ALU3372,53,53,42,42,57,34,68,62,51.38,2
ALU3373,21,30,52,20,17,34,38,4,27.0,1
ALU3374,72,58,59,65,65,51,57,53,60.0,3
ALU3375,85,75,100,52,75,76,95,64,77.75,4
ALU3376,82,76,63,82,68,91,75,94,78.88,4
ALU3377,92,84,52,50,76,81,86,56,72.12,3
ALU3378,22,28,37,2,25,14,26,18,21.5,1
ALU3379,17,10,4,0,12,25,13,42,15.38,1
ALU3380,58,68,69,38,73,42,67,85,62.5,3
ALU3381,59,44,21,60,34,41,46,26,41.38,2
ALU3382,40,53,43,53,47,38,30,31,41.88,2
ALU3383,4,0,0,24,7,0,12,0,5.88,1
ALU3384,24,12,27,43,18,10,44,31,26.12,1
ALU3385,1,24,2,5,0,7,14,1,6.75,1
ALU3386,76,83,86,83,95,95,63,87,83.5,4
ALU3387,21,20,34,45,42,27,10,31,28.75,1
ALU3388,41,51,58,84,62,50,55,55,57.0,2
ALU3389,0,4,13,0,2,20,0,10,6.12,1
ALU3390,84,73,63,100,79,69,75,66,76.12,4
ALU3391,41,17,28,10,40,49,28,23,29.5,1
ALU3392,95,86,91,77,89,94,92,65,86.12,4
ALU3393,96,88,83,86,100,74,100,85,89.0,4
ALU3394,52,40,33,37,25,44,34,23,36.0,1
ALU3395,68,89,90,100,93,100,73,99,89.0,4
ALU3396,82,100,82,100,86,100,99,77,90.75,5
ALU3397,71,70,96,86,73,71,82,74,77.88,4
ALU3398,76,66,78,99,100,75,84,83,82.62,4
ALU3399,24,64,28,33,32,40,43,45,38.62,1
ALU3400,52,52,56,44,75,69,42,51,55.12,2
ALU3401,13,8,18,19,16,3,23,13,14.12,1
ALU3402,13,23,17,14,17,3,6,22,14.38,1
ALU3403,87,100,94,79,88,88,100,100,92.0,5
ALU3404,12,26,51,57,44,35,8,39,34.0,1
ALU3405,62,57,33,71,72,59,99,97,68.75,3
ALU3406,72,58,92,57,78,83,74,72,73.25,3
ALU3407,79,100,93,64,79,56,67,100,79.75,4
ALU3408,83,79,72,100,93,82,100,100,88.62,4
ALU3409,21,26,37,45,26,29,32,30,30.75,1
ALU3410,0,0,21,17,9,0,14,13,9.25,1
ALU3411,40,20,48,50,41,35,53,55,42.75,2
ALU3412,5,12,0,2,1,14,17,6,7.12,1
ALU3413,0,0,15,8,12,38,3,9,10.62,1
ALU3414,24,27,49,31,36,17,23,34,30.12,1
ALU3415,74,100,68,72,42,79,74,97,75.75,4
ALU3416,47,62,61,53,40,40,49,46,49.75,2
ALU3417,42,47,28,21,28,17,33,61,34.62,1
ALU3418,67,76,74,77,76,50,65,57,67.75,3
ALU3419,25,24,22,7,31,23,46,6,23.0,1
ALU3420,0,0,0,0,0,27,0,0,3.38,1
ALU3421,77,77,73,59,71,91,72,61,72.62,3
ALU3422,68,63,45,77,72,54,55,84,64.75,3
ALU3423,75,65,71,79,67,69,56,54,67.0,3
ALU3424,24,10,12,0,0,17,43,13,14.88,1
ALU3425,84,69,90,91,89,81,69,100,84.12,4
ALU3426,69,58,63,59,71,51,65,99,66.88,3
ALU3427,57,50,38,48,49,65,76,54,54.62,2
ALU3428,67,42,77,56,66,85,46,62,62.62,3
ALU3429,74,47,100,58,82,98,93,66,77.25,4
ALU3430,53,43,59,60,51,78,39,52,54.38,2
ALU3431,60,84,48,34,68,55,47,87,60.38,3
ALU3432,97,89,87,87,87,77,100,100,90.5,5
ALU3433,78,84,70,66,80,43,69,90,72.5,3
ALU3434,55,12,48,58,45,13,62,53,43.25,2
ALU3435,54,53,65,69,66,65,70,83,65.62,3
ALU3436,30,19,29,52,34,47,46,67,40.5,2
ALU3437,27,22,37,4,15,38,17,19,22.38,1
ALU3438,51,95,61,56,56,62,46,69,62.0,3
ALU3439,100,95,75,98,83,77,74,78,85.0,4
ALU3440,93,100,92,100,89,98,77,60,88.62,4
ALU3441,34,31,37,15,23,17,27,39,27.88,1
ALU3442,47,72,43,37,50,35,66,54,50.5,2
ALU3443,19,55,38,33,28,33,28,22,32.0,1
ALU3444,94,92,96,100,87,76,79,85,88.62,4
ALU3445,94,85,90,98,100,81,88,95,91.38,5
ALU3446,58,43,62,43,71,48,63,69,57.12,2
ALU3447,74,72,82,57,65,79,100,100,78.62,4
ALU3448,82,70,68,71,61,78,69,76,71.88,3
ALU3449,72,88,57,64,44,67,63,66,65.12,3
ALU3450,12,0,22,5,14,1,0,0,6.75,1
ALU3451,32,46,28,26,47,43,54,32,38.5,1
ALU3452,71,38,50,85,49,76,82,51,62.75,3
ALU3453,81,59,75,59,59,58,64,61,64.5,3
ALU3454,52,43,67,48,41,24,45,39,44.88,2
ALU3455,97,97,100,57,90,80,96,92,88.62,4
ALU3456,34,28,42,41,32,10,20,8,26.88,1
ALU3457,50,55,44,37,38,50,65,18,44.62,2
ALU3458,73,75,59,91,67,66,57,61,68.62,3
ALU3459,60,68,73,78,57,65,57,80,67.25,3
ALU3460,66,47,74,37,64,51,63,58,57.5,2
ALU3461,43,2,14,34,27,15,25,28,23.5,1
ALU3462,13,10,16,48,21,28,0,0,17.0,1
ALU3463,53,60,61,51,58,67,53,63,58.25,2
ALU3464,59,77,50,88,66,52,33,64,61.12,3
ALU3465,18,19,14,28,13,20,17,13,17.75,1
ALU3466,74,65,78,92,58,86,77,81,76.38,4
ALU3467,41,51,51,48,48,44,46,62,48.88,2
ALU3468,82,61,74,62,83,65,66,94,73.38,3
ALU3469,67,92,84,100,65,100,78,67,81.62,4
ALU3470,32,49,9,33,8,36,22,24,26.62,1
ALU3471,0,39,11,2,9,0,40,0,12.62,1
ALU3472,57,76,63,82,86,91,70,83,76.0,4
ALU3473,62,64,56,49,62,57,59,66,59.38,2
ALU3474,65,91,55,69,61,52,57,40,61.25,3
ALU3475,69,78,73,100,84,99,57,84,80.5,4
ALU3476,60,87,78,74,82,66,80,74,75.12,4
ALU3477,91,74,85,75,84,83,100,74,83.25,4
ALU3478,62,48,42,35,61,47,81,49,53.12,2
ALU3479,54,66,62,50,48,79,46,77,60.25,3
ALU3480,41,30,39,26,23,26,38,49,34.0,1
ALU3481,23,16,12,0,17,9,30,7,14.25,1
ALU3482,56,32,43,34,50,51,77,51,49.25,2
ALU3483,15,60,7,51,42,37,15,2,28.62,1
ALU3484,73,100,85,85,74,86,95,72,83.75,4
ALU3485,55,60,40,58,52,47,79,81,59.0,2
ALU3486,56,65,66,40,60,67,55,71,60.0,3
ALU3487,45,42,37,26,61,57,23,43,41.75,2
ALU3488,17,30,28,0,29,0,19,15,17.25,1
ALU3489,13,0,10,2,7,0,0,27,7.38,1
ALU3490,40,54,34,13,46,50,57,47,42.62,2
ALU3491,0,28,0,32,18,0,36,8,15.25,1
ALU3492,63,77,69,59,49,57,53,58,60.62,3
ALU3493,89,50,68,87,84,100,100,80,82.25,4
ALU3494,60,75,79,100,98,93,92,80,84.62,4
ALU3495,55,49,84,79,65,72,80,88,71.5,3
ALU3496,17,26,31,13,43,35,16,9,23.75,1
ALU3497,83,52,87,93,78,87,90,75,80.62,4
ALU3498,76,54,96,95,83,79,87,59,78.62,4
ALU3499,22,55,33,28,21,37,13,36,30.62,1
ALU3500,69,80,90,90,58,64,67,76,74.25,3
ALU3501,29,32,23,45,41,28,37,55,36.25,1
ALU3502,70,82,72,90,73,52,63,68,71.25,3
ALU3503,88,96,83,100,97,87,80,83,89.25,4
ALU3504,0,22,7,8,1,8,0,0,5.75,1
ALU3505,89,76,84,86,100,86,76,92,86.12,4
ALU3506,66,63,39,75,73,74,64,56,63.75,3
ALU3507,84,96,84,89,93,86,86,96,89.25,4
ALU3508,62,31,64,55,34,40,62,40,48.5,2
ALU3509,78,100,84,71,88,73,63,100,82.12,4
ALU3510,25,3,19,0,21,14,16,28,15.75,1
ALU3511,28,50,33,45,25,58,30,36,38.12,1
ALU3512,0,12,0,0,9,0,9,25,6.88,1
ALU3513,96,100,91,80,93,85,100,90,91.88,5
ALU3514,81,62,91,93,89,73,46,77,76.5,4
ALU3515,82,65,67,96,80,49,56,51,68.25,3
ALU3516,82,75,98,100,99,87,88,96,90.62,5
ALU3517,12,14,0,0,4,7,9,12,7.25,1
ALU3518,34,62,39,45,29,33,22,52,39.5,1
ALU3519,8,35,17,6,29,0,35,21,18.88,1
ALU3520,32,0,20,41,10,22,10,13,18.5,1
ALU3521,27,29,55,52,18,8,19,22,28.75,1
ALU3522,53,0,41,23,55,34,61,40,38.38,1
ALU3523,26,41,22,29,23,26,21,43,28.88,1
ALU3524,10,30,16,29,8,29,3,36,20.12,1
ALU3525,8,19,11,13,18,26,24,31,18.75,1
ALU3526,14,19,0,49,0,27,9,46,20.5,1
ALU3527,59,93,79,85,100,100,97,99,89.0,4
ALU3528,67,61,82,67,75,79,79,59,71.12,3
ALU3529,91,98,88,72,83,76,96,72,84.5,4
ALU3530,50,41,65,47,27,36,58,31,44.38,2
ALU3531,27,44,24,0,16,17,25,23,22.0,1
ALU3532,80,75,85,72,60,74,70,67,72.88,3
ALU3533,12,21,40,57,36,28,33,35,32.75,1
ALU3534,31,8,26,6,34,17,0,29,18.88,1
ALU3535,9,0,15,0,32,39,28,26,18.62,1
ALU3536,4,36,0,36,23,31,12,50,24.0,1
ALU3537,26,21,34,50,34,30,32,40,33.38,1
ALU3538,49,42,51,12,52,21,26,40,36.62,1
ALU3539,69,92,46,96,77,67,81,80,76.0,4
ALU3540,10,2,6,18,20,1,8,0,8.12,1
ALU3541,23,14,15,42,26,43,33,12,26.0,1
ALU3542,70,75,84,63,85,59,71,90,74.62,3
ALU3543,12,18,14,45,14,28,23,18,21.5,1
ALU3544,40,64,51,31,33,45,17,37,39.75,1
ALU3545,68,100,78,77,100,96,56,66,80.12,4
ALU3546,24,28,4,27,13,21,16,12,18.12,1
ALU3547,8,34,6,5,6,7,12,6,10.5,1
ALU3548,56,45,44,21,44,84,47,41,47.75,2
ALU3549,41,36,38,34,26,19,28,62,35.5,1
ALU3550,38,51,51,49,51,66,50,85,55.12,2
ALU3551,71,57,82,63,79,77,85,93,75.88,4
ALU3552,8,35,7,39,20,22,38,18,23.38,1
ALU3553,39,65,53,100,66,62,88,49,65.25,3
ALU3554,40,50,41,33,72,34,63,36,46.12,2
ALU3555,42,17,7,21,14,0,0,22,15.38,1
ALU3556,67,38,76,53,60,42,73,78,60.88,3
ALU3557,48,14,21,70,11,22,42,40,33.5,1
ALU3558,57,53,44,57,35,52,47,50,49.38,2
ALU3559,4,4,24,29,10,2,23,21,14.62,1
ALU3560,42,43,55,67,50,24,50,46,47.12,2
ALU3561,38,31,52,34,37,46,32,28,37.25,1
ALU3562,83,68,84,75,85,55,82,64,74.5,3
ALU3563,4,0,2,37,22,17,3,5,11.25,1
ALU3564,27,18,67,56,59,31,20,46,40.5,2
ALU3565,79,44,53,31,43,64,23,40,47.12,2
ALU3566,68,79,68,57,62,62,81,54,66.38,3
ALU3567,53,32,57,49,63,30,44,58,48.25,2
ALU3568,66,64,67,85,74,64,46,69,66.88,3
ALU3569,72,79,72,100,76,62,56,69,73.25,3
ALU3570,83,67,66,100,80,94,76,82,81.0,4
ALU3571,46,54,52,20,28,38,51,0,36.12,1
ALU3572,52,47,53,55,52,43,51,63,52.0,2
ALU3573,68,79,82,73,87,65,63,84,75.12,4
ALU3574,92,91,100,90,87,77,100,100,92.12,5
ALU3575,80,58,76,100,77,76,88,82,79.62,4
ALU3576,52,53,46,37,44,58,34,48,46.5,2
ALU3577,34,8,13,46,14,20,28,39,25.25,1
ALU3578,50,45,52,39,50,63,49,49,49.62,2
ALU3579,58,80,74,85,72,49,63,76,69.62,3
ALU3580,37,71,58,41,49,20,42,51,46.12,2
ALU3581,48,32,62,15,42,34,33,26,36.5,1
ALU3582,83,73,73,62,97,90,74,85,79.62,4
ALU3583,33,58,54,39,41,33,48,24,41.25,2
ALU3584,77,89,100,100,77,95,93,70,87.62,4
ALU3585,35,51,38,33,44,60,39,48,43.5,2
ALU3586,34,18,34,31,52,20,32,52,34.12,1
ALU3587,22,40,39,54,46,58,33,56,43.5,2
ALU3588,62,71,69,62,88,94,78,81,75.62,4
ALU3589,10,3,1,7,4,31,0,21,9.62,1
ALU3590,34,0,32,23,14,0,32,34,21.12,1
ALU3591,82,82,66,82,69,62,95,100,79.75,4
ALU3592,22,41,12,0,40,14,17,12,19.75,1
ALU3593,58,56,55,44,39,49,61,48,51.25,2
ALU3594,70,77,72,68,58,69,53,67,66.75,3
ALU3595,61,51,42,60,66,34,51,25,48.75,2
ALU3596,62,51,68,87,72,69,65,61,66.88,3
ALU3597,20,44,24,48,29,9,39,29,30.25,1
ALU3598,48,57,66,38,67,59,60,47,55.25,2
ALU3599,36,52,43,25,31,31,51,11,35.0,1
ALU3600,60,48,74,51,69,69,69,83,65.38,3
ALU3601,23,33,11,14,16,12,17,9,16.88,1
ALU3602,60,72,44,45,55,23,62,48,51.12,2
ALU3603,27,26,26,18,23,29,25,40,26.75,1
ALU3604,42,17,24,14,41,47,25,0,26.25,1
ALU3605,43,23,25,38,40,12,7,45,29.12,1
ALU3606,22,30,25,4,18,33,15,52,24.88,1
ALU3607,90,82,94,61,68,70,72,66,75.38,4
ALU3608,27,39,40,40,22,10,37,23,29.75,1
ALU3609,100,100,80,100,100,79,87,95,92.62,5
ALU3610,100,82,78,88,100,89,82,95,89.25,4
ALU3611,66,39,76,72,45,36,54,70,57.25,2
ALU3612,18,17,0,32,34,38,14,24,22.12,1
ALU3613,32,33,33,72,31,15,27,50,36.62,1
ALU3614,62,88,84,89,83,68,94,100,83.5,4
ALU3615,37,21,57,68,30,24,35,15,35.88,1
ALU3616,28,28,10,13,34,33,3,31,22.5,1
ALU3617,52,75,55,80,49,32,35,75,56.62,2
ALU3618,88,81,70,100,70,93,82,65,81.12,4
ALU3619,85,77,78,74,72,79,82,65,76.5,4
ALU3620,17,9,6,8,47,2,12,27,16.0,1
ALU3621,78,57,56,56,68,60,67,48,61.25,3
ALU3622,0,18,34,32,14,22,11,16,18.38,1
ALU3623,12,46,19,3,16,33,21,27,22.12,1
ALU3624,74,82,94,75,66,73,96,74,79.25,4
ALU3625,19,7,25,49,32,36,24,24,27.0,1
ALU3626,32,32,12,40,16,29,20,16,24.62,1
ALU3627,7,17,19,0,16,11,21,0,11.38,1
ALU3628,87,82,67,59,91,70,85,89,78.75,4
ALU3629,82,98,69,100,75,72,70,74,80.0,4
ALU3630,51,73,59,82,73,63,51,63,64.38,3
ALU3631,60,56,84,62,81,73,58,82,69.5,3
ALU3632,22,10,12,0,20,18,23,21,15.75,1
ALU3633,39,49,35,23,38,77,55,41,44.62,2
ALU3634,20,11,38,45,40,45,36,24,32.38,1
ALU3635,23,18,10,49,17,24,11,19,21.38,1
ALU3636,62,22,43,83,53,52,55,76,55.75,2
ALU3637,100,100,90,59,88,95,70,100,87.75,4
ALU3638,10,22,0,3,11,11,9,0,8.25,1
ALU3639,37,38,10,15,34,58,31,2,28.12,1
ALU3640,37,13,49,26,37,22,28,13,28.12,1
ALU3641,20,28,27,2,13,38,32,4,20.5,1
ALU3642,97,79,88,76,76,100,81,68,83.12,4
ALU3643,49,31,37,31,47,56,69,13,41.62,2
ALU3644,56,41,57,56,39,42,33,50,46.75,2
ALU3645,75,83,67,64,75,62,67,57,68.75,3
ALU3646,31,19,0,12,7,11,29,2,13.88,1
ALU3647,51,70,42,58,39,54,41,39,49.25,2
ALU3648,28,55,40,73,64,70,45,34,51.12,2
ALU3649,73,68,56,96,56,67,52,55,65.38,3
ALU3650,85,70,92,100,83,89,90,75,85.5,4
ALU3651,86,69,66,72,73,69,58,88,72.62,3
ALU3652,39,24,31,64,51,38,49,44,42.5,2
ALU3653,91,76,75,100,91,59,88,85,83.12,4
ALU3654,31,9,0,36,5,13,29,14,17.12,1
ALU3655,12,2,0,0,0,0,2,22,4.75,1
ALU3656,28,39,24,45,25,65,27,30,35.38,1
ALU3657,39,42,37,42,35,49,59,38,42.62,2
ALU3658,30,66,61,34,34,34,54,64,47.12,2
ALU3659,61,36,57,48,45,36,46,36,45.62,2
ALU3660,75,87,72,97,76,67,76,89,79.88,4
ALU3661,52,65,27,5,33,72,40,41,41.88,2
ALU3662,38,72,39,47,45,29,65,39,46.75,2
ALU3663,0,0,14,0,21,33,14,20,12.75,1
ALU3664,24,2,25,0,1,11,0,27,11.25,1
ALU3665,65,70,55,46,65,50,70,72,61.62,3
ALU3666,44,41,29,17,44,27,51,44,37.12,1
ALU3667,82,66,69,99,78,99,82,75,81.25,4
ALU3668,16,0,9,0,2,27,37,36,15.88,1
ALU3669,12,0,2,10,18,20,4,0,8.25,1
ALU3670,38,20,58,30,46,41,61,69,45.38,2
ALU3671,36,27,40,62,10,36,0,20,28.88,1
ALU3672,6,22,7,9,13,31,0,8,12.0,1
ALU3673,66,51,72,31,64,79,79,62,63.0,3
ALU3674,15,18,5,24,15,0,35,15,15.88,1
ALU3675,53,72,39,40,62,67,45,46,53.0,2
ALU3676,33,30,51,48,42,41,25,25,36.88,1
ALU3677,15,0,0,31,9,45,22,22,18.0,1
ALU3678,43,44,17,65,44,47,27,37,40.5,2
ALU3679,89,76,98,80,90,93,73,42,80.12,4
ALU3680,33,37,40,55,65,49,59,74,51.5,2
ALU3681,71,64,59,73,83,52,60,94,69.5,3
ALU3682,20,17,24,5,19,28,13,0,15.75,1
ALU3683,70,82,83,93,77,76,77,65,77.88,4
ALU3684,30,62,10,4,41,56,31,23,32.12,1
ALU3685,71,67,59,65,63,44,55,75,62.38,3
ALU3686,66,78,66,45,63,38,53,62,58.88,2
ALU3687,82,93,78,100,100,99,85,73,88.75,4
ALU3688,30,38,43,22,38,62,43,72,43.5,2
ALU3689,7,13,28,3,0,9,0,5,8.12,1
ALU3690,0,0,0,7,0,4,21,31,7.88,1
ALU3691,85,84,75,100,82,82,82,70,82.5,4
ALU3692,40,22,55,42,43,44,65,67,47.25,2
ALU3693,98,61,53,67,71,89,67,80,73.25,3
ALU3694,39,27,19,1,23,18,11,14,19.0,1
ALU3695,36,53,48,18,41,46,24,44,38.75,1
ALU3696,16,29,0,15,0,0,16,10,10.75,1
ALU3697,75,87,73,92,85,100,86,100,87.25,4
ALU3698,90,67,78,65,79,33,45,54,63.88,3
ALU3699,83,100,94,100,84,73,91,87,89.0,4
ALU3700,27,8,28,0,36,62,25,40,28.25,1
ALU3701,41,66,58,100,60,61,56,34,59.5,2
ALU3702,70,53,78,87,65,56,45,49,62.88,3
ALU3703,22,31,37,27,40,14,15,34,27.5,1
ALU3704,82,74,89,88,62,74,74,83,78.25,4
ALU3705,84,96,81,77,94,94,79,88,86.62,4
ALU3706,73,92,61,90,90,91,77,95,83.62,4
ALU3707,63,84,78,100,80,76,81,70,79.0,4
ALU3708,32,35,43,18,26,3,17,44,27.25,1
ALU3709,17,32,27,26,30,32,19,34,27.12,1
ALU3710,84,100,100,78,67,96,85,76,85.75,4
ALU3711,12,0,1,0,0,11,0,8,4.0,1
ALU3712,95,94,68,62,71,69,66,68,74.12,3
ALU3713,73,64,89,48,83,50,80,59,68.25,3
ALU3714,51,69,57,56,79,47,57,39,56.88,2
ALU3715,90,89,89,95,90,100,97,77,90.88,5
ALU3716,33,22,10,25,41,21,5,21,22.25,1
ALU3717,32,42,43,0,34,24,36,50,32.62,1
ALU3718,21,27,3,9,0,7,29,7,12.88,1
ALU3719,47,51,46,44,50,26,46,61,46.38,2
ALU3720,37,20,24,62,46,38,30,14,33.88,1
ALU3721,32,90,30,36,32,16,39,26,37.62,1
ALU3722,93,98,78,96,71,96,98,72,87.75,4
ALU3723,87,100,88,81,89,69,100,85,87.38,4
ALU3724,12,16,35,45,20,17,9,25,22.38,1
ALU3725,60,29,56,21,64,43,52,47,46.5,2
ALU3726,70,84,96,97,98,100,100,100,93.12,5
ALU3727,3,26,25,25,11,7,0,0,12.12,1
ALU3728,7,0,23,25,0,2,13,41,13.88,1
ALU3729,44,3,25,58,18,40,25,4,27.12,1
ALU3730,76,66,76,48,77,61,24,59,60.88,3
ALU3731,33,23,2,43,19,15,10,31,22.0,1
ALU3732,88,80,83,100,100,64,83,100,87.25,4
ALU3733,69,28,35,46,49,48,37,60,46.5,2
ALU3734,53,71,46,83,45,50,62,64,59.25,2
ALU3735,36,32,35,24,44,6,26,33,29.5,1
ALU3736,49,26,34,47,49,35,52,57,43.62,2
ALU3737,64,45,70,64,57,65,65,47,59.62,2
ALU3738,70,67,65,49,72,79,100,62,70.5,3
ALU3739,70,83,68,86,87,57,84,59,74.25,3
ALU3740,63,65,59,67,42,41,56,23,52.0,2
ALU3741,90,100,100,84,89,88,83,73,88.38,4
ALU3742,78,56,70,100,79,65,70,64,72.75,3
ALU3743,88,76,72,65,57,70,61,60,68.62,3
ALU3744,0,31,0,0,17,36,0,19,12.88,1
ALU3745,10,25,0,39,8,4,17,0,12.88,1
ALU3746,31,29,11,42,32,39,13,35,29.0,1
ALU3747,76,99,67,75,76,46,72,42,69.12,3
ALU3748,41,51,47,35,41,30,35,32,39.0,1
ALU3749,43,56,49,47,35,29,32,35,40.75,2
ALU3750,94,85,75,61,70,68,80,100,79.12,4
ALU3751,100,73,91,81,79,59,100,86,83.62,4
ALU3752,83,73,88,70,86,89,100,90,84.88,4
ALU3753,35,35,32,37,23,39,28,17,30.75,1
ALU3754,83,64,52,83,73,53,61,79,68.5,3
ALU3755,8,2,31,10,20,18,40,28,19.62,1
ALU3756,15,6,24,35,4,23,23,0,16.25,1
ALU3757,36,16,22,25,15,21,13,31,22.38,1
ALU3758,46,46,40,48,37,51,41,39,43.5,2
ALU3759,48,43,52,39,31,60,52,38,45.38,2
ALU3760,75,78,66,92,70,69,76,74,75.0,4
ALU3761,6,0,13,3,9,14,13,0,7.25,1
ALU3762,65,71,77,40,66,56,91,87,69.12,3
ALU3763,68,72,49,26,55,75,42,63,56.25,2
ALU3764,24,33,42,21,37,34,24,16,28.88,1
ALU3765,50,26,50,20,44,64,43,50,43.38,2
ALU3766,24,13,8,59,21,26,52,22,28.12,1
ALU3767,67,67,68,57,60,73,34,40,58.25,2
ALU3768,38,40,42,60,49,55,53,65,50.25,2
ALU3769,18,18,0,33,35,38,19,14,21.88,1
ALU3770,0,6,12,15,26,0,37,3,12.38,1
ALU3771,38,61,38,100,41,55,58,37,53.5,2
ALU3772,86,81,95,100,84,100,60,82,86.0,4
ALU3773,22,33,35,61,40,21,55,6,34.12,1
ALU3774,92,58,59,54,62,78,68,68,67.38,3
ALU3775,43,78,74,90,60,72,39,81,67.12,3
ALU3776,80,85,94,57,95,99,83,100,86.62,4
ALU3777,79,88,76,100,81,83,79,85,83.88,4
ALU3778,52,38,41,9,56,65,43,89,49.12,2
ALU3779,53,90,54,58,57,70,45,67,61.75,3
ALU3780,76,100,75,100,71,100,89,73,85.5,4
ALU3781,31,12,49,47,37,30,26,52,35.5,1
ALU3782,31,22,14,7,33,39,22,36,25.5,1
ALU3783,25,13,5,9,0,24,22,6,13.0,1
ALU3784,80,59,76,86,79,67,75,83,75.62,4
ALU3785,88,75,89,80,81,66,62,71,76.5,4
ALU3786,19,20,17,7,7,22,3,40,16.88,1
ALU3787,68,54,63,72,60,77,61,34,61.12,3
ALU3788,18,54,40,67,49,44,51,58,47.62,2
ALU3789,12,5,0,12,12,17,23,17,12.25,1
ALU3790,100,59,89,100,89,98,100,99,91.75,5
ALU3791,18,39,33,21,21,17,28,18,24.38,1
ALU3792,28,25,20,2,2,43,18,32,21.25,1
ALU3793,73,96,53,82,61,44,52,70,66.38,3
ALU3794,66,38,61,95,63,72,58,60,64.12,3
ALU3795,2,19,0,0,0,9,24,23,9.62,1
ALU3796,54,34,62,50,69,31,74,68,55.25,2
ALU3797,46,79,54,84,50,40,49,44,55.75,2
ALU3798,1,21,31,12,14,0,6,0,10.62,1
ALU3799,24,6,22,20,3,31,47,31,23.0,1
ALU3800,41,67,63,51,50,30,45,45,49.0,2
ALU3801,37,23,22,55,48,45,34,39,37.88,1
ALU3802,95,93,89,100,71,71,81,100,87.5,4
ALU3803,62,81,80,79,96,93,73,67,78.88,4
ALU3804,100,100,91,100,96,72,84,100,92.88,5
ALU3805,33,55,28,18,23,34,2,12,25.62,1
ALU3806,99,83,93,87,90,100,96,100,93.5,5
ALU3807,36,59,49,55,56,52,51,69,53.38,2
ALU3808,42,41,50,21,13,17,28,48,32.5,1
ALU3809,20,0,0,21,23,26,40,15,18.12,1
ALU3810,8,0,23,0,12,17,13,22,11.88,1
ALU3811,87,100,46,39,77,31,69,62,63.88,3
ALU3812,46,51,49,14,28,47,50,27,39.0,1
ALU3813,36,40,53,19,23,67,18,15,33.88,1
ALU3814,63,57,59,67,36,77,48,92,62.38,3
ALU3815,33,19,29,3,39,20,18,11,21.5,1
ALU3816,40,57,53,60,47,65,50,70,55.25,2
ALU3817,41,33,45,40,27,31,44,35,37.0,1
ALU3818,71,56,83,76,59,94,74,74,73.38,3
ALU3819,70,63,70,62,83,66,86,100,75.0,4
ALU3820,65,58,46,52,48,66,32,49,52.0,2
ALU3821,34,30,23,34,29,50,28,49,34.62,1
ALU3822,27,38,36,55,40,47,29,71,42.88,2
ALU3823,73,81,72,54,69,100,31,74,69.25,3
ALU3824,21,39,36,36,16,49,29,41,33.38,1
ALU3825,38,41,15,0,20,39,11,33,24.62,1
ALU3826,5,0,10,8,29,29,18,8,13.38,1
ALU3827,52,55,47,27,56,57,55,53,50.25,2
ALU3828,61,59,49,31,52,55,31,64,50.25,2
ALU3829,75,95,83,80,83,70,77,91,81.75,4
ALU3830,30,3,22,14,21,14,9,26,17.38,1
ALU3831,28,43,29,65,46,45,43,0,37.38,1
ALU3832,100,100,78,98,83,86,69,57,83.88,4
ALU3833,88,77,76,93,78,79,72,100,82.88,4
ALU3834,37,46,51,53,41,32,37,26,40.38,2
ALU3835,38,58,60,48,30,44,49,62,48.62,2
ALU3836,31,16,15,55,27,31,32,15,27.75,1
ALU3837,85,100,96,83,76,93,93,75,87.62,4
ALU3838,35,23,25,53,3,12,24,25,25.0,1
ALU3839,76,96,72,72,93,100,87,100,87.0,4
ALU3840,67,41,73,46,53,64,54,75,59.12,2
ALU3841,52,64,63,27,60,43,33,57,49.88,2
ALU3842,6,15,0,0,18,6,0,0,5.62,1
ALU3843,46,72,44,18,47,31,50,18,40.75,2
ALU3844,40,37,43,45,35,71,25,35,41.38,2
ALU3845,28,4,26,34,29,29,32,21,25.38,1
ALU3846,70,53,52,64,69,63,51,63,60.62,3
ALU3847,96,84,100,67,100,100,91,100,92.25,5
ALU3848,25,38,31,47,44,52,73,34,43.0,2
ALU3849,72,88,85,84,66,68,67,65,74.38,3
ALU3850,0,31,17,5,8,0,0,34,11.88,1
ALU3851,49,39,35,28,44,28,12,51,35.75,1
ALU3852,30,9,25,0,21,18,20,0,15.38,1
ALU3853,50,32,47,52,61,76,63,29,51.25,2
ALU3854,86,99,90,76,100,76,96,83,88.25,4
ALU3855,58,89,67,63,60,60,65,50,64.0,3
ALU3856,24,2,14,20,1,8,5,5,9.88,1
ALU3857,37,35,26,31,30,48,27,68,37.75,1
ALU3858,71,61,48,57,46,48,55,40,53.25,2
ALU3859,45,67,42,49,36,52,53,32,47.0,2
ALU3860,82,83,71,57,77,90,44,92,74.5,3
ALU3861,79,81,81,100,76,68,89,82,82.0,4
ALU3862,68,62,52,46,62,55,56,81,60.25,3
ALU3863,21,17,50,47,34,39,36,50,36.75,1
ALU3864,28,6,46,7,38,21,36,18,25.0,1
ALU3865,13,2,10,16,0,1,12,21,9.38,1
ALU3866,44,52,47,39,14,59,39,38,41.5,2
ALU3867,40,37,39,72,52,15,22,17,36.75,1
ALU3868,55,57,54,61,75,69,62,96,66.12,3
ALU3869,64,56,59,87,76,84,70,49,68.12,3
ALU3870,0,9,12,16,17,0,6,9,8.62,1
ALU3871,21,66,19,73,40,40,36,33,41.0,2
ALU3872,28,19,28,0,18,34,23,22,21.5,1
ALU3873,24,7,20,27,3,0,24,21,15.75,1
ALU3874,84,79,91,31,80,78,97,87,78.38,4
ALU3875,21,35,16,7,0,0,14,2,11.88,1
ALU3876,36,35,44,61,67,57,58,57,51.88,2
ALU3877,5,2,15,46,9,8,18,10,14.12,1
ALU3878,83,76,100,97,83,100,55,76,83.75,4
ALU3879,51,57,81,49,70,40,49,31,53.5,2
ALU3880,17,36,21,35,22,32,16,29,26.0,1
ALU3881,49,65,62,95,46,37,49,71,59.25,2
ALU3882,64,55,62,72,44,67,66,67,62.12,3
ALU3883,72,76,84,100,78,91,94,100,86.88,4
ALU3884,20,19,20,17,30,25,16,9,19.5,1
ALU3885,73,95,92,100,100,100,87,65,89.0,4
ALU3886,91,70,76,100,80,100,93,100,88.75,4
ALU3887,80,78,100,76,89,76,87,85,83.88,4
ALU3888,73,53,73,76,89,62,44,48,64.75,3
ALU3889,77,75,69,76,67,44,72,65,68.12,3
ALU3890,48,49,37,54,51,20,48,45,44.0,2
ALU3891,57,86,82,71,65,62,70,85,72.25,3
ALU3892,67,72,17,74,68,78,31,48,56.88,2
ALU3893,81,61,71,49,59,40,69,46,59.5,2
ALU3894,43,25,45,43,34,52,37,39,39.75,1
ALU3895,84,53,48,72,85,77,64,70,69.12,3
ALU3896,73,51,84,100,72,68,78,94,77.5,4
ALU3897,0,11,25,0,18,27,35,0,14.5,1
ALU3898,72,74,57,84,96,89,81,74,78.38,4
ALU3899,70,65,39,44,44,53,52,57,53.0,2
ALU3900,66,81,100,82,78,78,74,100,82.38,4
ALU3901,43,36,41,50,37,40,44,34,40.62,2
ALU3902,39,37,50,16,35,26,39,27,33.62,1
ALU3903,82,71,100,100,87,89,94,96,89.88,4
ALU3904,23,42,32,35,41,20,21,0,26.75,1
ALU3905,81,69,93,65,97,83,71,73,79.0,4
ALU3906,42,31,23,42,50,39,43,56,40.75,2
ALU3907,37,63,48,78,44,41,50,56,52.12,2
ALU3908,34,41,0,40,39,24,32,35,30.62,1
ALU3909,67,30,35,39,56,75,56,33,48.88,2
ALU3910,42,47,27,20,34,13,22,16,27.62,1
ALU3911,0,0,0,19,0,35,7,27,11.0,1
ALU3912,16,23,29,42,13,41,37,28,28.62,1
ALU3913,2,8,5,12,5,0,20,2,6.75,1
ALU3914,100,100,94,87,82,84,100,81,91.0,5
ALU3915,98,98,94,100,86,67,91,92,90.75,5
ALU3916,47,39,44,34,55,50,38,33,42.5,2
ALU3917,79,64,59,55,69,89,85,82,72.75,3
ALU3918,40,42,27,64,47,39,34,21,39.25,1
ALU3919,66,63,64,74,68,83,75,77,71.25,3
ALU3920,84,100,77,63,83,80,77,100,83.0,4
ALU3921,84,99,77,92,84,100,61,98,86.88,4
ALU3922,26,27,53,41,52,45,48,23,39.38,1
ALU3923,82,68,84,69,78,75,87,86,78.62,4
ALU3924,41,29,18,33,26,40,24,22,29.12,1
ALU3925,82,100,91,77,97,91,80,86,88.0,4
ALU3926,15,28,31,23,0,29,25,9,20.0,1
ALU3927,76,53,61,59,56,54,57,55,58.88,2
ALU3928,64,50,69,35,63,72,60,57,58.75,2
ALU3929,58,51,59,62,61,56,72,76,61.88,3
ALU3930,17,19,12,4,31,0,48,17,18.5,1
ALU3931,83,100,100,35,85,94,95,62,81.75,4
ALU3932,15,29,22,18,42,0,23,35,23.0,1
ALU3933,65,37,60,79,61,93,61,77,66.62,3
ALU3934,9,14,25,23,22,19,44,33,23.62,1
ALU3935,18,23,63,45,27,31,38,41,35.75,1
ALU3936,54,41,54,54,58,49,64,51,53.12,2
ALU3937,42,36,32,34,51,44,46,25,38.75,1
ALU3938,22,24,11,6,0,24,25,21,16.62,1
ALU3939,39,30,29,0,20,7,17,42,23.0,1
ALU3940,43,59,25,59,22,4,44,46,37.75,1
ALU3941,79,81,78,86,82,56,64,96,77.75,4
ALU3942,76,56,77,80,95,78,79,100,80.12,4
ALU3943,20,0,0,0,12,16,18,12,9.75,1
ALU3944,35,38,28,48,42,43,31,33,37.25,1
ALU3945,14,16,14,0,0,25,15,8,11.5,1
ALU3946,5,19,23,9,1,0,2,4,7.88,1
ALU3947,74,65,75,36,58,51,51,50,57.5,2
ALU3948,46,59,55,60,54,52,61,67,56.75,2
ALU3949,0,23,31,17,28,42,28,33,25.25,1
ALU3950,23,22,21,0,38,66,10,0,22.5,1
ALU3951,11,8,0,36,13,0,14,32,14.25,1
ALU3952,81,97,80,74,76,96,66,72,80.25,4
ALU3953,100,91,74,88,85,94,100,88,90.0,5
ALU3954,21,16,26,26,18,25,23,21,22.0,1
ALU3955,20,25,35,24,28,5,10,14,20.12,1
ALU3956,59,100,72,89,80,100,93,74,83.38,4
ALU3957,86,71,90,67,81,55,81,76,75.88,4
ALU3958,53,69,44,40,48,23,31,42,43.75,2
ALU3959,5,0,20,0,16,5,18,1,8.12,1
ALU3960,8,0,0,4,0,0,23,13,6.0,1
ALU3961,60,67,63,82,52,57,62,38,60.12,3
ALU3962,30,55,24,13,48,30,35,46,35.12,1
ALU3963,13,0,16,1,17,2,9,0,7.25,1
ALU3964,73,41,70,19,58,54,50,71,54.5,2
ALU3965,4,10,0,6,9,2,3,17,6.38,1
ALU3966,64,100,90,84,78,78,80,45,77.38,4
ALU3967,31,51,13,39,42,46,15,44,35.12,1
ALU3968,0,4,21,0,0,0,13,0,4.75,1
ALU3969,61,21,75,19,60,78,41,41,49.5,2
ALU3970,45,42,44,18,31,41,25,55,37.62,1
ALU3971,100,98,90,100,100,100,100,85,96.62,5
ALU3972,52,48,57,69,43,48,43,75,54.38,2
ALU3973,33,17,22,28,33,16,17,39,25.62,1
ALU3974,60,71,100,71,60,70,65,62,69.88,3
ALU3975,25,15,22,10,36,67,22,21,27.25,1
ALU3976,71,100,100,100,90,65,89,100,89.38,4
ALU3977,36,61,29,25,41,48,40,32,39.0,1
ALU3978,51,64,73,62,74,57,42,28,56.38,2
ALU3979,12,10,33,0,2,15,0,0,9.0,1
ALU3980,37,33,47,40,52,25,40,45,39.88,1
ALU3981,80,79,83,100,91,86,93,68,85.0,4
ALU3982,74,100,66,60,86,81,76,100,80.38,4
ALU3983,21,38,12,38,18,2,21,16,20.75,1
ALU3984,26,28,28,5,23,27,46,16,24.88,1
ALU3985,78,92,96,62,72,74,87,64,78.12,4
ALU3986,96,96,82,88,85,83,68,100,87.25,4
ALU3987,12,19,40,31,5,12,10,9,17.25,1
ALU3988,42,60,38,40,41,61,48,56,48.25,2
ALU3989,33,43,38,46,50,42,22,51,40.62,2
ALU3990,76,96,86,100,80,67,79,88,84.0,4
ALU3991,8,14,11,0,13,19,12,16,11.62,1
ALU3992,44,20,0,0,16,23,21,7,16.38,1
ALU3993,63,64,65,66,72,63,58,51,62.75,3
ALU3994,6,0,12,32,17,0,27,0,11.75,1
ALU3995,45,25,48,34,54,61,52,50,46.12,2
ALU3996,42,31,52,63,58,36,34,77,49.12,2
ALU3997,31,20,44,30,22,48,45,27,33.38,1
ALU3998,43,32,37,72,32,24,39,54,41.62,2
ALU3999,35,76,41,93,48,82,64,60,62.38,3
ALU4000,29,17,38,38,34,59,18,19,31.5,1
ALU4001,62,60,40,26,59,64,38,53,50.25,2
ALU4002,65,81,70,34,63,96,64,71,68.0,3
ALU4003,50,97,63,74,84,66,87,67,73.5,3
ALU4004,9,10,27,35,19,10,31,27,21.0,1
ALU4005,16,15,34,27,27,36,2,30,23.38,1
ALU4006,54,27,27,16,44,31,45,23,33.38,1
ALU4007,42,54,40,10,27,16,49,31,33.62,1
ALU4008,23,61,46,58,57,42,34,33,44.25,2
ALU4009,59,73,87,99,65,47,65,80,71.88,3
ALU4010,9,28,0,0,5,7,0,22,8.88,1
ALU4011,10,10,17,22,9,23,0,28,14.88,1
ALU4012,27,37,44,87,28,62,37,28,43.75,2
ALU4013,66,85,63,64,67,71,71,59,68.25,3
ALU4014,15,29,26,19,19,42,21,45,27.0,1
ALU4015,51,51,71,72,53,55,64,81,62.25,3
ALU4016,30,43,35,23,21,53,16,14,29.38,1
ALU4017,92,81,100,100,96,73,88,72,87.75,4
ALU4018,94,80,87,78,83,73,100,89,85.5,4
ALU4019,37,45,32,31,21,24,37,49,34.5,1
ALU4020,20,24,23,0,30,14,26,13,18.75,1
ALU4021,49,47,48,37,49,49,33,43,44.38,2
ALU4022,29,36,26,8,26,45,22,41,29.12,1
ALU4023,66,53,65,71,53,65,49,62,60.5,3
ALU4024,73,85,79,49,53,84,61,78,70.25,3
ALU4025,60,85,63,83,56,44,64,85,67.5,3
ALU4026,79,64,71,63,89,80,85,73,75.5,4
ALU4027,65,47,45,72,50,67,30,58,54.25,2
ALU4028,22,6,15,43,11,40,33,16,23.25,1
ALU4029,65,86,78,81,69,54,64,56,69.12,3
ALU4030,29,52,38,9,44,30,36,45,35.38,1
ALU4031,60,60,60,54,64,100,76,56,66.25,3
ALU4032,51,62,48,13,38,35,25,12,35.5,1
ALU4033,8,28,11,0,11,35,19,39,18.88,1
ALU4034,100,100,100,100,99,100,100,100,99.88,5
ALU4035,15,28,10,16,15,2,10,14,13.75,1
ALU4036,96,100,69,82,86,100,86,89,88.5,4
ALU4037,100,78,86,79,100,95,100,100,92.25,5
ALU4038,70,79,50,66,61,100,92,98,77.0,4
ALU4039,57,70,61,73,58,93,71,56,67.38,3
ALU4040,73,51,74,27,56,44,46,60,53.88,2
ALU4041,92,89,72,84,91,100,93,77,87.25,4
ALU4042,38,49,5,38,22,33,27,41,31.62,1
ALU4043,54,40,65,15,48,56,31,42,43.88,2
ALU4044,65,59,55,35,46,20,53,33,45.75,2
ALU4045,62,29,41,41,46,57,39,27,42.75,2
ALU4046,43,16,52,69,61,11,56,58,45.75,2
ALU4047,40,46,41,56,15,32,25,24,34.88,1
ALU4048,41,55,64,44,48,47,44,66,51.12,2
ALU4049,73,82,92,100,89,88,75,86,85.62,4
ALU4050,11,8,2,17,52,25,21,13,18.62,1
ALU4051,100,86,72,83,94,97,97,86,89.38,4
ALU4052,41,83,81,68,59,85,73,58,68.5,3
ALU4053,75,79,69,94,77,64,52,73,72.88,3
ALU4054,25,55,46,44,42,51,50,30,42.88,2
ALU4055,66,78,60,67,83,62,76,73,70.62,3
ALU4056,1,0,1,0,16,0,0,0,2.25,1
ALU4057,92,88,74,84,92,100,69,79,84.75,4
ALU4058,12,0,0,25,5,0,16,15,9.12,1
ALU4059,76,70,72,100,77,72,93,93,81.62,4
ALU4060,100,78,98,69,100,100,92,86,90.38,5
ALU4061,31,28,21,24,45,29,36,22,29.5,1
ALU4062,24,18,16,46,14,22,29,21,23.75,1
ALU4063,61,73,47,78,70,79,60,89,69.62,3
ALU4064,17,14,51,28,35,9,14,20,23.5,1
ALU4065,74,97,94,83,80,69,78,73,81.0,4
ALU4066,14,26,8,24,14,5,5,0,12.0,1
ALU4067,17,13,5,21,1,31,9,23,15.0,1
ALU4068,100,85,93,82,81,100,91,89,90.12,5
ALU4069,69,56,65,81,64,56,64,51,63.25,3
ALU4070,54,76,65,59,74,79,50,70,65.88,3
ALU4071,36,13,3,57,22,45,35,43,31.75,1
ALU4072,51,51,59,49,62,30,62,67,53.88,2
ALU4073,48,71,39,68,49,63,61,49,56.0,2
ALU4074,51,63,61,56,59,70,51,67,59.75,2
ALU4075,59,90,68,57,76,52,58,80,67.5,3
ALU4076,43,52,45,81,53,66,52,65,57.12,2
ALU4077,45,38,37,56,39,43,56,46,45.0,2
ALU4078,15,23,50,28,40,56,24,53,36.12,1
ALU4079,77,69,83,100,81,66,87,92,81.88,4
ALU4080,47,15,19,43,33,34,37,26,31.75,1
ALU4081,54,71,94,52,42,45,63,81,62.75,3
ALU4082,23,26,11,0,21,27,19,35,20.25,1
ALU4083,36,53,51,63,55,73,55,53,54.88,2
ALU4084,69,91,70,97,63,64,70,94,77.25,4
ALU4085,31,53,6,35,35,41,17,48,33.25,1
ALU4086,17,27,31,38,4,24,19,27,23.38,1
ALU4087,17,25,18,6,2,18,9,25,15.0,1
ALU4088,68,70,50,57,62,55,69,72,62.88,3
ALU4089,100,100,86,79,81,35,70,76,78.38,4
ALU4090,26,20,10,13,0,0,0,24,11.62,1
ALU4091,65,62,67,84,81,87,49,53,68.5,3
ALU4092,21,41,21,65,41,31,29,31,35.0,1
ALU4093,44,57,30,81,53,54,38,12,46.12,2
ALU4094,79,73,100,100,93,81,78,94,87.25,4
ALU4095,39,30,18,46,45,13,46,49,35.75,1
ALU4096,35,63,67,40,45,58,38,69,51.88,2
ALU4097,5,0,0,10,0,0,0,3,2.25,1
ALU4098,20,0,21,24,10,8,19,15,14.62,1
ALU4099,27,25,33,30,11,33,44,28,28.88,1
ALU4100,0,12,15,0,0,0,12,32,8.88,1
ALU4101,73,41,70,53,78,85,53,66,64.88,3
ALU4102,24,41,24,59,32,72,45,69,45.75,2
ALU4103,51,71,46,49,42,42,44,71,52.0,2
ALU4104,20,21,4,21,27,9,9,31,17.75,1
ALU4105,31,45,33,30,40,25,29,23,32.0,1
ALU4106,66,55,48,48,48,82,64,49,57.5,2
ALU4107,97,79,68,88,94,99,89,93,88.38,4
ALU4108,9,22,6,1,4,20,29,10,12.62,1
ALU4109,81,90,58,72,88,100,85,68,80.25,4
ALU4110,52,39,60,37,53,43,68,72,53.0,2
ALU4111,49,43,40,53,42,63,82,58,53.75,2
ALU4112,57,73,39,61,45,50,44,58,53.38,2
ALU4113,4,0,0,31,17,17,13,35,14.62,1
ALU4114,21,27,32,0,32,30,22,2,20.75,1
ALU4115,59,51,41,87,62,56,60,29,55.62,2
ALU4116,30,35,31,40,31,25,32,27,31.38,1
ALU4117,93,91,66,67,75,71,100,100,82.88,4
ALU4118,34,10,31,34,40,67,55,41,39.0,1
ALU4119,24,0,38,0,14,17,0,15,13.5,1
ALU4120,71,70,72,40,72,48,85,62,65.0,3
ALU4121,25,20,22,62,30,52,50,31,36.5,1
ALU4122,57,67,51,39,57,26,66,44,50.88,2
ALU4123,73,43,61,77,64,44,76,60,62.25,3
ALU4124,97,94,84,84,100,81,100,100,92.5,5
ALU4125,85,55,85,76,82,68,86,100,79.62,4
ALU4126,70,60,61,72,58,70,72,54,64.62,3
ALU4127,54,50,68,28,76,37,67,58,54.75,2
ALU4128,100,100,92,100,78,95,77,82,90.5,5
ALU4129,17,11,27,29,23,50,15,53,28.12,1
ALU4130,14,3,0,0,0,0,14,15,5.75,1
ALU4131,33,3,23,37,42,23,38,25,28.0,1
ALU4132,12,48,33,11,22,12,24,17,22.38,1
ALU4133,63,70,73,68,58,69,54,86,67.62,3
ALU4134,61,64,48,59,63,45,48,62,56.25,2
ALU4135,71,80,55,71,63,40,54,57,61.38,3
ALU4136,0,8,0,2,22,4,14,0,6.25,1
ALU4137,67,73,80,52,55,75,97,81,72.5,3
ALU4138,10,36,28,40,46,36,33,34,32.88,1
ALU4139,82,73,91,59,44,58,68,66,67.62,3
ALU4140,44,47,57,22,64,65,68,56,52.88,2
ALU4141,39,32,50,39,47,39,35,49,41.25,2
ALU4142,16,29,4,7,29,0,21,0,13.25,1
ALU4143,12,17,13,19,19,0,23,0,12.88,1
ALU4144,87,78,87,64,69,87,93,100,83.12,4
ALU4145,100,66,75,65,95,83,88,70,80.25,4
ALU4146,65,85,63,84,52,46,57,52,63.0,3
ALU4147,20,4,26,29,4,38,16,31,21.0,1
ALU4148,44,55,37,41,36,65,20,41,42.38,2
ALU4149,80,73,60,78,66,89,74,71,73.88,3
ALU4150,70,55,96,89,77,78,85,97,80.88,4
ALU4151,26,34,1,15,8,0,36,7,15.88,1
ALU4152,16,8,6,0,8,22,16,0,9.5,1
ALU4153,79,89,60,74,55,55,38,79,66.12,3
ALU4154,30,34,25,55,37,28,53,39,37.62,1
ALU4155,26,38,36,38,25,41,45,42,36.38,1
ALU4156,8,0,3,7,16,36,0,0,8.75,1
ALU4157,39,46,58,63,64,76,48,56,56.25,2
ALU4158,97,62,54,77,79,84,98,80,78.88,4
ALU4159,91,85,97,100,71,100,91,85,90.0,5
ALU4160,58,62,47,80,41,39,48,37,51.5,2
ALU4161,45,42,28,27,62,26,42,45,39.62,1
ALU4162,0,25,35,32,11,28,44,5,22.5,1
ALU4163,48,41,61,94,71,59,63,71,63.5,3
ALU4164,41,52,41,48,48,17,35,47,41.12,2
ALU4165,66,79,74,77,62,58,76,65,69.62,3
ALU4166,41,55,42,28,41,49,38,37,41.38,2
ALU4167,30,21,17,17,15,40,41,14,24.38,1
ALU4168,10,0,11,9,7,22,20,16,11.88,1
ALU4169,38,42,25,26,37,27,29,53,34.62,1
ALU4170,28,11,7,0,10,0,19,1,9.5,1
ALU4171,27,6,5,17,25,22,27,27,19.5,1
ALU4172,100,85,82,100,100,100,100,87,94.25,5
ALU4173,47,66,55,21,43,58,64,44,49.75,2
ALU4174,37,35,56,56,48,76,79,50,54.62,2
ALU4175,73,90,77,86,74,84,88,89,82.62,4
ALU4176,99,97,82,89,100,77,71,92,88.38,4
ALU4177,57,52,52,66,64,73,67,50,60.12,3
ALU4178,82,87,57,85,99,79,74,56,77.38,4
ALU4179,51,58,35,27,36,15,14,37,34.12,1
ALU4180,39,28,43,51,31,41,40,41,39.25,1
ALU4181,53,37,69,51,45,62,46,42,50.62,2
ALU4182,66,74,52,93,62,71,55,64,67.12,3
ALU4183,58,80,77,65,57,87,52,87,70.38,3
ALU4184,32,31,24,27,34,26,50,56,35.0,1
ALU4185,8,12,3,13,21,6,23,31,14.62,1
ALU4186,77,28,48,83,67,74,52,66,61.88,3
ALU4187,24,4,18,13,20,11,24,17,16.38,1
ALU4188,62,39,45,55,67,75,52,42,54.62,2
ALU4189,79,77,60,100,72,69,73,40,71.25,3
ALU4190,47,64,62,43,70,86,71,87,66.25,3
ALU4191,78,68,63,79,60,82,42,74,68.25,3
ALU4192,70,83,73,82,86,70,84,100,81.0,4
ALU4193,49,36,20,45,48,20,47,41,38.25,1
ALU4194,67,94,71,53,59,82,61,76,70.38,3
ALU4195,67,80,61,48,65,69,45,75,63.75,3
ALU4196,24,46,12,14,26,6,19,12,19.88,1
ALU4197,20,17,11,16,11,19,3,3,12.5,1
ALU4198,24,30,47,45,36,51,38,27,37.25,1
ALU4199,51,69,45,12,46,34,43,39,42.38,2
ALU4200,62,50,76,38,58,31,61,66,55.25,2
ALU4201,65,68,100,91,99,96,85,82,85.75,4
ALU4202,13,13,53,34,24,41,17,0,24.38,1
ALU4203,14,24,2,0,0,5,4,17,8.25,1
ALU4204,100,80,77,100,67,100,100,96,90.0,5
ALU4205,19,12,9,14,26,19,13,14,15.75,1
ALU4206,36,24,49,61,29,46,45,71,45.12,2
ALU4207,56,64,76,42,52,66,74,62,61.5,3
ALU4208,73,30,61,28,41,46,76,54,51.12,2
ALU4209,13,0,0,7,9,0,30,25,10.5,1
ALU4210,6,28,2,5,13,16,5,41,14.5,1
ALU4211,19,32,13,8,7,18,18,12,15.88,1
ALU4212,65,63,39,50,49,19,64,72,52.62,2
ALU4213,49,58,54,84,61,36,80,79,62.62,3
ALU4214,31,18,11,0,52,15,31,22,22.5,1
ALU4215,59,50,42,47,67,70,67,45,55.88,2
ALU4216,85,73,67,71,69,55,66,84,71.25,3
ALU4217,10,0,13,9,17,3,0,27,9.88,1
ALU4218,54,53,54,62,67,78,66,45,59.88,2
ALU4219,59,67,68,82,77,68,71,82,71.75,3
ALU4220,19,13,39,47,12,29,33,15,25.88,1
ALU4221,42,56,43,41,37,31,45,29,40.5,2
ALU4222,59,69,62,29,55,74,70,58,59.5,2
ALU4223,88,96,86,55,86,86,94,83,84.25,4
ALU4224,74,70,79,98,74,74,85,65,77.38,4
ALU4225,66,57,55,76,64,59,59,52,61.0,3
ALU4226,64,80,44,82,67,90,73,43,67.88,3
ALU4227,36,40,51,23,52,43,48,47,42.5,2
ALU4228,70,86,67,56,62,63,51,63,64.75,3
ALU4229,58,43,32,39,44,64,34,63,47.12,2
ALU4230,16,14,39,3,27,14,23,20,19.5,1
ALU4231,87,77,61,72,71,20,69,42,62.38,3
ALU4232,58,36,53,93,61,61,63,59,60.5,3
ALU4233,26,51,49,28,35,43,34,28,36.75,1
ALU4234,90,67,89,100,100,77,77,100,87.5,4
ALU4235,3,16,22,0,16,2,14,3,9.5,1
ALU4236,37,23,29,5,33,52,49,61,36.12,1
ALU4237,9,17,30,27,18,16,14,0,16.38,1
ALU4238,74,87,64,70,71,96,56,77,74.38,3
ALU4239,59,70,84,91,73,72,71,76,74.5,3
ALU4240,44,16,7,61,43,32,11,30,30.5,1
ALU4241,54,52,52,60,68,76,65,47,59.25,2
ALU4242,29,29,44,64,32,46,16,37,37.12,1
ALU4243,76,44,68,57,61,79,67,47,62.38,3
ALU4244,61,62,44,29,48,42,52,36,46.75,2
ALU4245,38,43,42,61,34,33,38,39,41.0,2
ALU4246,96,72,74,61,99,81,100,100,85.38,4
ALU4247,38,49,14,27,12,35,30,31,29.5,1
ALU4248,23,5,18,38,29,25,2,10,18.75,1
ALU4249,54,61,49,81,58,18,68,51,55.0,2
ALU4250,81,79,100,84,83,81,100,84,86.5,4
ALU4251,16,8,36,57,34,15,54,51,33.88,1
ALU4252,7,0,19,0,8,3,19,0,7.0,1
ALU4253,47,28,40,23,40,26,41,23,33.5,1
ALU4254,39,64,43,54,38,52,38,29,44.62,2
ALU4255,26,24,0,26,9,22,29,27,20.38,1
ALU4256,54,66,78,45,60,96,62,85,68.25,3
ALU4257,95,64,83,100,94,100,100,100,92.0,5
ALU4258,52,64,40,11,52,55,72,54,50.0,2
ALU4259,30,40,35,37,39,15,51,29,34.5,1
ALU4260,42,39,40,44,37,36,44,47,41.12,2
ALU4261,11,32,26,0,17,0,16,4,13.25,1
ALU4262,91,100,84,100,86,93,79,76,88.62,4
ALU4263,44,59,40,29,39,43,14,41,38.62,1
ALU4264,40,36,52,41,41,34,40,40,40.5,2
ALU4265,79,49,71,70,42,78,58,89,67.0,3
ALU4266,51,59,35,18,54,40,48,56,45.12,2
ALU4267,56,42,49,44,68,83,57,64,57.88,2
ALU4268,9,39,0,38,25,30,13,34,23.5,1
ALU4269,77,78,77,77,70,68,93,100,80.0,4
ALU4270,90,73,74,41,95,100,91,89,81.62,4
ALU4271,88,44,64,57,44,65,50,68,60.0,3
ALU4272,94,71,89,90,73,85,80,73,81.88,4
ALU4273,0,20,0,22,16,24,26,20,16.0,1
ALU4274,42,47,31,11,42,24,57,38,36.5,1
ALU4275,39,40,24,58,69,51,48,32,45.12,2
ALU4276,54,52,53,42,69,63,57,71,57.62,2
ALU4277,21,20,54,45,53,36,51,42,40.25,2
ALU4278,26,44,12,44,41,51,56,23,37.12,1
ALU4279,1,15,0,23,22,10,18,0,11.12,1
ALU4280,44,34,38,65,27,42,37,31,39.75,1
ALU4281,19,0,6,59,33,17,15,10,19.88,1
ALU4282,74,66,58,50,83,48,72,69,65.0,3
ALU4283,22,17,30,16,9,29,40,0,20.38,1
ALU4284,0,15,4,23,14,15,12,16,12.38,1
ALU4285,59,57,36,52,49,25,60,63,50.12,2
ALU4286,77,70,33,9,77,21,41,40,46.0,2
ALU4287,87,76,100,80,73,76,100,59,81.38,4
ALU4288,52,29,70,79,57,75,72,71,63.12,3
ALU4289,21,50,30,10,37,76,32,34,36.25,1
ALU4290,68,63,78,81,76,49,76,86,72.12,3
ALU4291,58,37,47,19,75,78,67,55,54.5,2
ALU4292,22,11,18,27,29,29,47,10,24.12,1
ALU4293,58,60,45,60,39,47,35,70,51.75,2
ALU4294,94,78,80,76,91,100,80,98,87.12,4
ALU4295,47,32,46,33,40,47,35,46,40.75,2
ALU4296,36,25,49,4,40,28,44,38,33.0,1
ALU4297,11,39,26,36,20,0,22,11,20.62,1
ALU4298,20,18,33,4,10,20,12,26,17.88,1
ALU4299,35,29,40,52,33,44,26,65,40.5,2
ALU4300,58,44,51,41,54,92,70,72,60.25,3
ALU4301,15,8,0,51,11,0,9,0,11.75,1
ALU4302,100,93,90,100,91,76,75,95,90.0,5
ALU4303,59,80,77,100,67,65,64,80,74.0,3
ALU4304,62,59,54,97,74,97,52,73,71.0,3
ALU4305,94,66,70,68,84,62,75,96,76.88,4
ALU4306,19,5,27,0,20,31,0,19,15.12,1
ALU4307,56,58,55,84,46,24,35,30,48.5,2
ALU4308,67,44,77,59,51,68,90,60,64.5,3
ALU4309,92,72,68,94,88,81,83,68,80.75,4
ALU4310,64,84,67,64,65,65,70,59,67.25,3
ALU4311,16,43,44,19,9,40,34,49,31.75,1
ALU4312,89,86,89,100,95,77,91,83,88.75,4
ALU4313,0,10,9,0,8,0,5,44,9.5,1
ALU4314,96,63,77,97,80,79,60,78,78.75,4
ALU4315,100,100,92,100,99,78,86,82,92.12,5
ALU4316,16,40,32,11,11,24,18,29,22.62,1
ALU4317,66,100,68,70,53,65,68,68,69.75,3
ALU4318,7,14,18,11,20,32,0,12,14.25,1
ALU4319,42,40,47,45,40,36,71,33,44.25,2
ALU4320,52,37,40,63,64,55,80,43,54.25,2
ALU4321,62,29,46,42,63,39,62,50,49.12,2
ALU4322,87,91,83,100,95,82,89,74,87.62,4
ALU4323,74,100,49,61,67,51,58,79,67.38,3
ALU4324,52,67,42,45,49,66,55,51,53.38,2
ALU4325,71,94,96,100,89,66,76,80,84.0,4
ALU4326,100,94,90,57,98,80,100,99,89.75,4
ALU4327,0,12,0,41,1,11,17,11,11.62,1
ALU4328,92,57,100,95,98,82,83,100,88.38,4
ALU4329,22,24,1,3,6,33,4,18,13.88,1
ALU4330,71,69,66,58,75,100,89,49,72.12,3
ALU4331,33,19,44,7,35,16,38,23,26.88,1
ALU4332,22,12,24,10,10,29,3,3,14.12,1
ALU4333,35,39,43,49,46,31,39,51,41.62,2
ALU4334,62,52,72,74,66,57,61,57,62.62,3
ALU4335,37,39,42,44,35,49,38,46,41.25,2
ALU4336,4,1,0,0,17,12,9,0,5.38,1
ALU4337,81,60,30,83,54,61,69,61,62.38,3
ALU4338,78,63,79,100,95,100,87,78,85.0,4
ALU4339,49,36,52,66,40,55,40,34,46.5,2
ALU4340,20,8,19,18,26,25,15,27,19.75,1
ALU4341,33,35,50,53,35,35,46,51,42.25,2
ALU4342,10,11,11,19,7,9,9,29,13.12,1
ALU4343,85,54,58,100,80,63,73,94,75.88,4
ALU4344,88,67,74,73,89,91,65,92,79.88,4
ALU4345,73,66,62,40,54,55,73,63,60.75,3
ALU4346,66,15,27,57,46,20,58,29,39.75,1
ALU4347,79,100,72,84,69,97,79,85,83.12,4
ALU4348,48,72,59,34,58,54,72,71,58.5,2
ALU4349,83,71,80,92,74,68,82,96,80.75,4
ALU4350,59,50,74,94,77,78,45,62,67.38,3
ALU4351,84,78,80,63,89,94,79,70,79.62,4
ALU4352,45,37,47,42,61,30,54,69,48.12,2
ALU4353,65,12,36,42,36,58,47,8,38.0,1
ALU4354,99,84,91,100,76,93,100,100,92.88,5
ALU4355,36,51,69,52,57,68,47,70,56.25,2
ALU4356,52,60,53,79,61,58,64,55,60.25,3
ALU4357,33,15,4,29,33,30,35,20,24.88,1
ALU4358,73,80,66,79,46,56,77,90,70.88,3
ALU4359,43,34,47,43,57,71,68,41,50.5,2
ALU4360,28,4,6,0,25,11,8,17,12.38,1
ALU4361,0,17,10,4,1,25,0,34,11.38,1
ALU4362,58,41,71,35,60,62,68,44,54.88,2
ALU4363,84,55,66,81,66,85,69,75,72.62,3
ALU4364,46,53,58,15,43,36,40,48,42.38,2
ALU4365,10,9,33,17,20,31,39,54,26.62,1
ALU4366,66,62,74,59,62,72,60,57,64.0,3
ALU4367,6,1,3,0,24,40,31,0,13.12,1
ALU4368,51,31,31,39,41,55,39,48,41.88,2
ALU4369,10,0,7,19,11,10,10,12,9.88,1
ALU4370,13,23,31,44,29,12,20,29,25.12,1
ALU4371,2,4,31,4,33,34,32,29,21.12,1
ALU4372,41,37,28,46,47,31,43,23,37.0,1
ALU4373,7,1,35,19,23,1,32,35,19.12,1
ALU4374,28,37,27,40,42,27,42,32,34.38,1
ALU4375,52,48,63,42,52,53,48,43,50.12,2
ALU4376,58,51,66,27,41,51,66,56,52.0,2
ALU4377,37,28,40,73,53,34,46,62,46.62,2
ALU4378,83,99,71,81,79,100,75,62,81.25,4
ALU4379,20,0,9,12,15,26,20,11,14.12,1
ALU4380,38,47,47,88,46,76,53,63,57.25,2
ALU4381,31,23,23,14,16,12,8,2,16.12,1
ALU4382,6,18,0,57,12,0,13,13,14.88,1
ALU4383,63,42,34,31,58,41,41,50,45.0,2
ALU4384,63,43,60,51,52,54,51,62,54.5,2
ALU4385,82,68,91,59,82,95,89,66,79.0,4
ALU4386,61,64,78,53,53,50,48,59,58.25,2
ALU4387,93,80,74,89,100,100,80,98,89.25,4
ALU4388,0,13,7,1,0,30,8,18,9.62,1
ALU4389,10,17,27,14,18,1,8,6,12.62,1
ALU4390,2,44,10,1,19,0,0,29,13.12,1
ALU4391,17,26,19,19,3,35,6,0,15.62,1
ALU4392,40,41,63,40,52,57,58,44,49.38,2
ALU4393,74,41,55,89,72,67,64,97,69.88,3
ALU4394,25,4,19,0,1,19,12,9,11.12,1
ALU4395,99,88,75,93,92,67,86,100,87.5,4
ALU4396,93,47,62,59,71,87,62,83,70.5,3
ALU4397,28,20,28,16,32,34,21,56,29.38,1
ALU4398,5,16,0,0,24,18,8,9,10.0,1
ALU4399,12,12,21,17,37,5,25,23,19.0,1
ALU4400,22,30,0,19,18,17,0,28,16.75,1
ALU4401,18,0,19,0,3,8,0,37,10.62,1
ALU4402,50,61,53,44,48,67,69,25,52.12,2
ALU4403,40,40,26,9,8,25,34,34,27.0,1
ALU4404,41,51,42,18,34,28,26,25,33.12,1
ALU4405,85,70,96,100,100,79,91,93,89.25,4
ALU4406,59,71,63,41,52,79,61,59,60.62,3
ALU4407,97,80,100,91,88,100,93,59,88.5,4
ALU4408,28,0,22,48,9,46,11,32,24.5,1
ALU4409,44,33,48,61,57,34,25,21,40.38,2
ALU4410,73,41,67,62,58,39,60,53,56.62,2
ALU4411,28,25,19,11,20,10,33,10,19.5,1
ALU4412,9,13,30,18,8,0,11,0,11.12,1
ALU4413,56,48,67,71,72,55,66,74,63.62,3
ALU4414,49,51,62,88,73,69,60,57,63.62,3
ALU4415,38,36,34,39,42,58,32,31,38.75,1
ALU4416,56,47,45,67,43,55,44,28,48.12,2
ALU4417,60,57,33,36,33,44,47,29,42.38,2
ALU4418,11,17,15,41,24,19,21,13,20.12,1
ALU4419,46,35,24,32,43,31,49,7,33.38,1
ALU4420,18,17,21,0,0,42,22,44,20.5,1
ALU4421,20,0,20,15,11,58,16,11,18.88,1
ALU4422,99,100,92,100,95,81,91,78,92.0,5
ALU4423,39,52,48,88,75,77,65,67,63.88,3
ALU4424,66,93,78,52,59,88,71,64,71.38,3
ALU4425,42,36,32,1,37,41,34,45,33.5,1
ALU4426,43,70,5,49,36,59,30,25,39.62,1
ALU4427,14,35,14,34,14,31,15,12,21.12,1
ALU4428,0,0,30,0,27,23,5,22,13.38,1
ALU4429,17,11,38,15,11,22,23,37,21.75,1
ALU4430,76,74,83,71,86,78,73,79,77.5,4
ALU4431,57,52,75,80,50,75,96,69,69.25,3
ALU4432,55,48,44,46,49,60,58,42,50.25,2
ALU4433,52,27,44,39,53,32,66,40,44.12,2
ALU4434,94,88,100,90,95,95,100,78,92.5,5
ALU4435,0,15,16,0,15,7,16,29,12.25,1
ALU4436,17,15,31,64,40,21,29,49,33.25,1
ALU4437,33,65,34,53,33,51,25,43,42.12,2
ALU4438,81,76,89,62,89,61,68,100,78.25,4
ALU4439,99,82,100,74,97,90,100,100,92.75,5
ALU4440,31,2,34,7,34,10,29,43,23.75,1
ALU4441,79,84,84,94,87,77,75,80,82.5,4
ALU4442,76,75,75,61,84,100,77,77,78.12,4
ALU4443,17,36,33,20,15,13,29,23,23.25,1
ALU4444,48,38,27,10,31,38,41,27,32.5,1
ALU4445,32,23,31,51,36,62,39,35,38.62,1
ALU4446,100,100,75,100,98,99,92,97,95.12,5
ALU4447,23,27,36,17,15,19,0,12,18.62,1
ALU4448,76,73,68,80,73,66,77,84,74.62,3
ALU4449,28,37,39,49,34,45,22,24,34.75,1
ALU4450,57,77,69,73,84,65,75,59,69.88,3
ALU4451,36,21,77,56,48,75,44,42,49.88,2
ALU4452,53,59,62,36,42,52,66,28,49.75,2
ALU4453,56,73,57,86,81,100,89,95,79.62,4
ALU4454,75,84,91,80,74,90,98,87,84.88,4
ALU4455,92,71,78,100,80,96,59,94,83.75,4
ALU4456,16,1,7,10,10,7,8,20,9.88,1
ALU4457,62,92,59,65,78,60,42,65,65.38,3
ALU4458,18,36,19,7,9,13,23,21,18.25,1
ALU4459,36,0,44,69,44,58,40,47,42.25,2
ALU4460,55,71,46,11,57,62,48,34,48.0,2
ALU4461,56,40,35,50,39,13,44,44,40.12,2
ALU4462,61,41,52,51,45,32,39,46,45.88,2
ALU4463,99,79,66,91,87,92,100,100,89.25,4
ALU4464,12,2,0,11,12,25,14,14,11.25,1
ALU4465,73,55,85,64,73,62,66,64,67.75,3
ALU4466,23,23,44,49,37,33,39,23,33.88,1
ALU4467,14,0,10,2,15,2,28,11,10.25,1
ALU4468,25,3,0,21,7,32,4,0,11.5,1
ALU4469,97,95,89,96,85,91,100,100,94.12,5
ALU4470,90,84,95,66,86,100,77,92,86.25,4
ALU4471,89,94,100,95,69,67,80,81,84.38,4
ALU4472,92,93,100,100,100,100,100,100,98.12,5
ALU4473,29,4,13,9,17,31,20,10,16.62,1
ALU4474,27,44,31,15,54,49,44,34,37.25,1
ALU4475,56,50,47,50,69,77,72,49,58.75,2
ALU4476,49,58,38,50,30,40,44,27,42.0,2
ALU4477,44,25,40,41,45,39,45,53,41.5,2
ALU4478,18,26,32,62,34,39,31,35,34.62,1
ALU4479,62,53,83,51,61,43,58,34,55.62,2
ALU4480,64,66,41,40,72,72,62,45,57.75,2
ALU4481,18,22,18,31,26,0,8,37,20.0,1
ALU4482,71,47,22,29,45,30,52,37,41.62,2
ALU4483,47,83,58,40,40,29,58,63,52.25,2
ALU4484,52,28,40,42,65,72,38,46,47.88,2
ALU4485,19,8,37,0,29,27,14,27,20.12,1
ALU4486,71,55,68,82,83,63,63,79,70.5,3
ALU4487,3,0,0,24,5,8,1,0,5.12,1
ALU4488,22,26,11,53,39,40,25,35,31.38,1
ALU4489,69,85,63,100,72,56,86,79,76.25,4
ALU4490,54,46,58,82,56,57,68,47,58.5,2
ALU4491,40,23,33,22,13,49,19,25,28.0,1
ALU4492,89,41,61,87,70,91,53,54,68.25,3
ALU4493,69,44,67,54,59,68,55,57,59.12,2
ALU4494,68,69,63,68,71,80,92,91,75.25,4
ALU4495,64,80,36,57,77,85,97,54,68.75,3
ALU4496,58,34,63,55,68,70,51,50,56.12,2
ALU4497,66,42,64,54,62,32,21,20,45.12,2
ALU4498,15,33,32,45,6,3,0,24,19.75,1
ALU4499,15,21,12,41,35,38,7,6,21.88,1
ALU4500,37,10,36,28,56,32,47,49,36.88,1
ALU4501,66,78,67,40,55,43,60,66,59.38,2
ALU4502,58,62,43,61,65,70,53,63,59.38,2
ALU4503,28,43,32,47,23,31,44,36,35.5,1
ALU4504,12,0,0,27,6,4,25,0,9.25,1
ALU4505,26,72,36,44,32,31,59,47,43.38,2
ALU4506,31,19,19,39,12,23,39,33,26.88,1
ALU4507,79,63,82,86,55,65,53,78,70.12,3
ALU4508,0,0,7,0,21,0,1,15,5.5,1
ALU4509,49,71,72,62,49,39,74,51,58.38,2
ALU4510,71,87,95,100,82,100,83,88,88.25,4
ALU4511,36,27,39,29,24,41,33,19,31.0,1
ALU4512,40,48,57,45,40,45,48,29,44.0,2
ALU4513,15,11,22,60,25,0,22,0,19.38,1
ALU4514,67,47,59,96,79,35,50,60,61.62,3
ALU4515,69,81,90,54,32,47,63,42,59.75,2
ALU4516,40,19,43,38,46,7,33,21,30.88,1
ALU4517,46,58,28,64,31,45,54,30,44.5,2
ALU4518,87,91,88,84,72,55,85,95,82.12,4
ALU4519,35,39,10,45,27,21,36,27,30.0,1
ALU4520,5,27,19,0,0,9,17,9,10.75,1
ALU4521,73,80,91,78,85,79,61,77,78.0,4
ALU4522,41,64,54,69,57,89,47,48,58.62,2
ALU4523,72,100,74,100,68,82,77,56,78.62,4
ALU4524,67,57,60,32,65,84,67,67,62.38,3
ALU4525,74,61,70,60,80,82,71,72,71.25,3
ALU4526,37,37,53,13,44,73,30,52,42.38,2
ALU4527,65,52,79,56,66,46,56,59,59.88,2
ALU4528,88,92,100,64,91,70,95,100,87.5,4
ALU4529,54,72,51,66,43,52,31,59,53.5,2
ALU4530,18,19,17,25,11,45,33,19,23.38,1
ALU4531,42,4,27,26,32,25,13,14,22.88,1
ALU4532,38,38,21,23,33,12,17,25,25.88,1
ALU4533,11,0,39,48,22,36,13,35,25.5,1
ALU4534,35,9,29,13,37,46,21,1,23.88,1
ALU4535,47,52,78,20,57,43,52,53,50.25,2
ALU4536,55,61,64,70,62,47,56,56,58.88,2
ALU4537,46,49,37,36,36,68,24,49,43.12,2
ALU4538,58,59,51,42,58,79,55,36,54.75,2
ALU4539,14,38,24,22,11,35,13,23,22.5,1
ALU4540,19,13,13,0,27,27,18,23,17.5,1
ALU4541,23,35,20,5,9,7,0,31,16.25,1
ALU4542,45,63,44,8,37,51,45,42,41.88,2
ALU4543,17,4,23,28,54,8,0,39,21.62,1
ALU4544,16,27,22,58,33,45,24,19,30.5,1
ALU4545,32,72,57,30,46,32,35,11,39.38,1
ALU4546,97,70,86,63,84,52,85,82,77.38,4
ALU4547,0,0,4,38,13,7,17,5,10.5,1
ALU4548,51,66,61,74,72,80,51,80,66.88,3
ALU4549,68,58,66,100,72,44,68,50,65.75,3
ALU4550,75,64,76,79,88,75,84,72,76.62,4
ALU4551,86,81,77,93,90,80,79,82,83.5,4
ALU4552,20,28,0,32,17,21,16,18,19.0,1
ALU4553,24,16,9,16,37,0,20,3,15.62,1
ALU4554,79,64,83,89,86,100,81,100,85.25,4
ALU4555,42,23,37,2,51,35,47,35,34.0,1
ALU4556,50,88,65,87,50,53,36,49,59.75,2
ALU4557,73,61,61,71,63,77,66,65,67.12,3
ALU4558,63,72,88,64,69,88,55,51,68.75,3
ALU4559,70,77,82,100,84,89,89,94,85.62,4
ALU4560,94,99,96,73,95,83,89,98,90.88,5
ALU4561,54,91,66,59,73,61,73,61,67.25,3
ALU4562,52,21,36,40,46,48,45,34,40.25,2
ALU4563,74,91,96,84,75,70,85,88,82.88,4
ALU4564,7,0,16,17,13,14,21,17,13.12,1
ALU4565,28,56,1,30,19,25,13,41,26.62,1
ALU4566,82,89,91,97,93,97,100,91,92.5,5
ALU4567,25,21,15,4,36,28,15,34,22.25,1
ALU4568,29,20,21,47,41,18,9,9,24.25,1
ALU4569,32,9,25,8,13,9,14,0,13.75,1
ALU4570,89,75,68,83,83,74,76,74,77.75,4
ALU4571,64,13,63,39,58,29,31,54,43.88,2
ALU4572,55,64,61,60,72,73,52,71,63.5,3
ALU4573,29,24,52,30,1,29,0,0,20.62,1
ALU4574,74,80,74,86,66,51,57,75,70.38,3
ALU4575,76,65,93,89,79,67,65,89,77.88,4
ALU4576,46,21,47,40,31,29,51,64,41.12,2
ALU4577,39,41,34,31,50,33,50,62,42.5,2
ALU4578,19,0,8,30,34,22,27,16,19.5,1
ALU4579,98,95,94,97,90,91,100,84,93.62,5
ALU4580,45,35,56,64,69,76,41,69,56.88,2
ALU4581,86,100,100,98,100,89,88,100,95.12,5
ALU4582,30,42,29,9,42,41,56,48,37.12,1
ALU4583,66,61,71,38,67,54,69,83,63.62,3
ALU4584,84,83,57,95,72,58,63,56,71.0,3
ALU4585,56,68,72,64,67,46,77,47,62.12,3
ALU4586,90,76,77,99,82,85,85,100,86.75,4
ALU4587,43,10,45,24,51,41,55,38,38.38,1
ALU4588,30,21,23,39,10,41,26,3,24.12,1
ALU4589,65,53,56,71,64,53,63,49,59.25,2
ALU4590,79,87,82,67,81,83,82,63,78.0,4
ALU4591,63,56,53,61,52,44,53,79,57.62,2
ALU4592,24,13,5,0,20,23,25,20,16.25,1
ALU4593,39,77,68,57,53,48,57,60,57.38,2
ALU4594,18,41,22,59,29,19,28,37,31.62,1
ALU4595,44,0,49,49,58,30,61,42,41.62,2
ALU4596,57,55,68,66,53,87,63,35,60.5,3
ALU4597,81,51,76,66,49,64,75,83,68.12,3
ALU4598,33,13,30,45,34,40,10,15,27.5,1
ALU4599,39,39,29,63,37,51,33,18,38.62,1
ALU4600,17,34,49,21,21,20,31,3,24.5,1
ALU4601,27,26,34,29,26,22,33,31,28.5,1
ALU4602,65,91,81,79,79,77,92,86,81.25,4
ALU4603,79,96,70,94,79,94,74,54,80.0,4
ALU4604,28,46,26,24,50,32,28,31,33.12,1
ALU4605,71,75,80,93,81,50,57,77,73.0,3
ALU4606,97,100,61,95,100,75,91,87,88.25,4
ALU4607,81,76,85,100,76,98,98,73,85.88,4
ALU4608,17,17,5,1,23,20,19,20,15.25,1
ALU4609,75,62,80,72,93,84,91,100,82.12,4
ALU4610,44,54,21,75,35,16,40,45,41.25,2
ALU4611,27,34,38,56,39,54,29,44,40.12,2
ALU4612,11,54,24,0,15,7,0,4,14.38,1
ALU4613,45,42,52,64,53,65,61,30,51.5,2
ALU4614,23,16,20,6,11,25,16,18,16.88,1
ALU4615,25,35,29,0,25,39,20,38,26.38,1
ALU4616,32,16,41,0,27,58,69,24,33.38,1
ALU4617,82,83,83,77,70,79,77,81,79.0,4
ALU4618,100,84,51,100,83,81,63,83,80.62,4
ALU4619,41,27,43,59,47,55,40,8,40.0,2
ALU4620,81,99,91,100,100,94,60,80,88.12,4
ALU4621,82,68,77,97,95,71,87,84,82.62,4
ALU4622,68,77,50,79,69,89,79,67,72.25,3
ALU4623,8,40,21,38,22,40,34,33,29.5,1
ALU4624,61,56,71,30,46,32,55,49,50.0,2
ALU4625,82,85,84,100,88,71,86,100,87.0,4
ALU4626,72,100,68,46,62,54,65,66,66.62,3
ALU4627,24,41,47,18,53,45,45,32,38.12,1
ALU4628,63,42,78,62,52,61,55,62,59.38,2
ALU4629,70,75,64,79,63,70,69,42,66.5,3
ALU4630,51,42,54,39,50,64,65,82,55.88,2
ALU4631,15,0,5,27,12,0,13,6,9.75,1
ALU4632,27,53,27,43,38,14,50,45,37.12,1
ALU4633,79,60,75,71,70,96,76,77,75.5,4
ALU4634,93,100,96,85,88,84,93,68,88.38,4
ALU4635,10,10,27,54,31,35,11,31,26.12,1
ALU4636,75,100,100,85,91,80,97,98,90.75,5
ALU4637,41,14,16,30,31,18,48,77,34.38,1
ALU4638,67,79,48,67,63,45,51,70,61.25,3
ALU4639,61,80,85,69,84,84,83,63,76.12,4
ALU4640,70,90,95,92,79,95,80,52,81.62,4
ALU4641,81,100,90,100,84,98,100,79,91.5,5
ALU4642,25,25,0,28,41,25,29,36,26.12,1
ALU4643,79,62,73,66,75,91,85,77,76.0,4
ALU4644,14,16,20,52,14,25,14,27,22.75,1
ALU4645,61,71,57,70,70,38,76,73,64.5,3
ALU4646,64,64,73,41,63,66,45,54,58.75,2
ALU4647,63,70,88,99,48,70,49,60,68.38,3
ALU4648,29,32,44,47,32,44,35,15,34.75,1
ALU4649,80,69,93,100,61,82,83,88,82.0,4
ALU4650,31,26,19,46,10,22,0,26,22.5,1
ALU4651,14,5,3,57,17,8,2,1,13.38,1
ALU4652,53,59,78,50,73,73,64,46,62.0,3
ALU4653,53,59,48,33,46,27,41,87,49.25,2
ALU4654,87,69,82,72,72,72,92,85,78.88,4
ALU4655,35,32,20,30,35,6,54,43,31.88,1
ALU4656,5,21,11,22,25,13,0,0,12.12,1
ALU4657,80,100,89,71,78,87,78,90,84.12,4
ALU4658,54,57,41,32,42,42,55,69,49.0,2
ALU4659,10,29,25,6,13,18,4,26,16.38,1
ALU4660,55,65,74,64,65,75,84,71,69.12,3
ALU4661,50,49,56,71,54,91,55,52,59.75,2
ALU4662,57,58,66,49,60,58,69,46,57.88,2
ALU4663,42,50,54,61,34,57,41,36,46.88,2
ALU4664,78,75,72,55,93,76,70,76,74.38,3
ALU4665,68,99,62,22,72,85,72,95,71.88,3
ALU4666,64,63,58,66,73,68,67,72,66.38,3
ALU4667,19,0,23,3,5,8,9,4,8.88,1
ALU4668,76,100,66,64,100,77,91,71,80.62,4
ALU4669,48,60,52,47,78,84,97,35,62.62,3
ALU4670,63,87,55,54,59,72,74,74,67.25,3
ALU4671,26,58,15,19,38,19,14,34,27.88,1
ALU4672,86,98,70,67,73,77,85,86,80.25,4
ALU4673,73,67,82,45,66,56,56,100,68.12,3
ALU4674,0,19,6,0,19,29,10,8,11.38,1
ALU4675,49,22,20,1,50,30,41,44,32.12,1
ALU4676,73,100,78,100,72,97,81,75,84.5,4
ALU4677,24,0,15,8,1,23,0,6,9.62,1
ALU4678,91,87,69,100,100,93,97,77,89.25,4
ALU4679,53,67,77,62,79,74,42,50,63.0,3
ALU4680,50,60,44,59,54,54,66,36,52.88,2
ALU4681,32,19,24,34,38,42,18,14,27.62,1
ALU4682,23,48,22,38,15,8,30,30,26.75,1
ALU4683,88,100,83,67,86,82,73,85,83.0,4
ALU4684,47,36,31,25,20,27,34,28,31.0,1
ALU4685,67,68,84,80,70,89,91,68,77.12,4
ALU4686,40,56,39,5,59,65,33,42,42.38,2
ALU4687,31,10,10,40,16,10,10,18,18.12,1
ALU4688,8,29,11,25,3,4,11,6,12.12,1
ALU4689,37,55,56,16,48,36,56,49,44.12,2
ALU4690,97,100,84,76,89,91,76,100,89.12,4
ALU4691,26,36,38,40,30,54,51,10,35.62,1
ALU4692,51,38,28,52,38,10,46,26,36.12,1
ALU4693,27,54,25,63,35,36,51,24,39.38,1
ALU4694,81,84,61,40,47,62,58,60,61.62,3
ALU4695,59,68,50,86,39,45,67,37,56.38,2
ALU4696,76,97,93,83,86,81,61,70,80.88,4
ALU4697,50,59,58,46,43,63,68,52,54.88,2
ALU4698,58,43,40,60,48,38,46,61,49.25,2
ALU4699,25,21,29,23,12,5,10,27,19.0,1
ALU4700,97,79,89,98,71,65,84,100,85.38,4
ALU4701,40,33,38,63,36,32,33,29,38.0,1
ALU4702,10,18,10,16,0,14,21,15,13.0,1
ALU4703,61,35,68,46,47,56,59,61,54.12,2
ALU4704,55,59,62,43,67,45,61,54,55.75,2
ALU4705,50,48,52,68,31,41,75,28,49.12,2
ALU4706,46,41,23,55,22,44,34,52,39.62,1
ALU4707,78,81,56,47,89,57,70,50,66.0,3
ALU4708,30,2,30,0,16,0,39,4,15.12,1
ALU4709,58,67,83,79,90,52,59,100,73.5,3
ALU4710,66,78,54,74,54,41,66,61,61.75,3
ALU4711,44,42,47,30,26,24,13,44,33.75,1
ALU4712,62,51,29,15,43,44,29,29,37.75,1
ALU4713,12,19,67,7,16,29,13,34,24.62,1
ALU4714,88,72,88,100,76,70,62,91,80.88,4
ALU4715,51,16,58,60,57,56,36,71,50.62,2
ALU4716,38,46,34,51,43,39,36,12,37.38,1
ALU4717,75,85,51,79,55,63,75,75,69.75,3
ALU4718,100,78,78,83,100,95,100,94,91.0,5
ALU4719,48,30,42,37,34,28,31,8,32.25,1
ALU4720,90,94,77,84,89,67,96,66,82.88,4
ALU4721,31,58,26,43,34,27,50,9,34.75,1
ALU4722,9,9,0,29,29,26,11,18,16.38,1
ALU4723,16,4,26,57,35,58,31,20,30.88,1
ALU4724,42,39,38,57,43,51,48,33,43.88,2
ALU4725,1,9,31,39,26,30,30,23,23.62,1
ALU4726,9,0,10,39,20,21,0,29,16.0,1
ALU4727,86,82,90,83,79,100,63,83,83.25,4
ALU4728,77,67,100,100,60,67,76,85,79.0,4
ALU4729,74,60,81,82,62,100,62,80,75.12,4
ALU4730,5,21,4,31,15,43,16,3,17.25,1
ALU4731,35,19,21,11,29,0,27,23,20.62,1
ALU4732,10,0,10,0,21,0,28,23,11.5,1
ALU4733,68,76,54,76,69,100,71,84,74.75,3
ALU4734,78,82,71,94,93,100,74,86,84.75,4
ALU4735,43,54,49,33,36,34,39,56,43.0,2
ALU4736,29,27,24,13,36,16,6,22,21.62,1
ALU4737,61,42,38,35,63,62,52,52,50.62,2
ALU4738,44,45,48,20,36,49,30,49,40.12,2
ALU4739,44,26,42,30,37,59,49,63,43.75,2
ALU4740,57,80,75,37,67,64,50,73,62.88,3
ALU4741,55,57,82,59,69,73,95,68,69.75,3
ALU4742,12,20,13,27,0,9,0,8,11.12,1
ALU4743,5,5,27,34,23,0,11,15,15.0,1
ALU4744,100,79,81,100,100,79,75,96,88.75,4
ALU4745,29,39,54,18,29,23,38,41,33.88,1
ALU4746,25,0,0,31,5,15,10,0,10.75,1
ALU4747,34,0,21,28,22,0,24,36,20.62,1
ALU4748,3,0,1,4,0,39,0,0,5.88,1
ALU4749,22,27,35,47,29,29,53,37,34.88,1
ALU4750,91,97,100,97,94,64,84,85,89.0,4
ALU4751,49,54,30,26,40,35,29,34,37.12,1
ALU4752,31,34,55,35,25,9,44,51,35.5,1
ALU4753,80,60,62,58,57,71,55,85,66.0,3
ALU4754,54,43,62,39,31,35,39,42,43.12,2
ALU4755,84,62,76,100,74,53,75,62,73.25,3
ALU4756,99,68,86,69,81,85,79,67,79.25,4
ALU4757,19,20,13,0,21,8,5,4,11.25,1
ALU4758,81,82,66,80,82,100,74,92,82.12,4
ALU4759,51,50,79,50,43,49,36,42,50.0,2
ALU4760,100,73,100,86,91,96,100,100,93.25,5
ALU4761,44,50,45,78,40,49,61,30,49.62,2
ALU4762,93,59,85,82,100,55,100,69,80.38,4
ALU4763,63,85,74,69,85,74,81,76,75.88,4
ALU4764,24,31,12,0,13,26,0,19,15.62,1
ALU4765,49,33,74,47,36,51,41,42,46.62,2
ALU4766,87,100,99,70,91,81,76,94,87.25,4
ALU4767,83,55,81,65,80,90,60,64,72.25,3
ALU4768,10,21,26,0,16,0,27,21,15.12,1
ALU4769,73,76,59,52,51,79,88,71,68.62,3
ALU4770,19,17,22,34,28,41,36,31,28.5,1
ALU4771,4,5,4,1,4,26,11,8,7.88,1
ALU4772,42,16,42,33,33,34,37,68,38.12,1
ALU4773,23,0,32,20,34,46,40,22,27.12,1
ALU4774,76,62,60,69,97,81,82,71,74.75,3
ALU4775,19,26,29,34,29,34,29,44,30.5,1
ALU4776,83,89,42,77,88,66,86,70,75.12,4
ALU4777,11,6,0,10,1,10,2,11,6.38,1
ALU4778,37,34,41,29,23,25,35,44,33.5,1
ALU4779,37,11,38,18,19,26,35,46,28.75,1
ALU4780,28,18,12,40,33,37,71,21,32.5,1
ALU4781,15,0,7,21,4,10,32,0,11.12,1
ALU4782,23,3,22,21,17,26,23,18,19.12,1
ALU4783,61,46,67,76,43,77,43,57,58.75,2
ALU4784,15,32,49,32,37,39,4,22,28.75,1
ALU4785,33,33,44,39,47,32,57,44,41.12,2
ALU4786,54,34,35,37,53,32,52,63,45.0,2
ALU4787,59,94,66,86,89,85,76,75,78.75,4
ALU4788,85,78,87,69,90,100,85,75,83.62,4
ALU4789,61,29,74,15,55,29,51,62,47.0,2
ALU4790,33,43,50,39,32,37,41,17,36.5,1
ALU4791,10,18,16,29,15,35,34,14,21.38,1
ALU4792,92,95,94,72,100,100,75,83,88.88,4
ALU4793,6,19,2,29,2,8,18,0,10.5,1
ALU4794,32,38,27,2,48,5,34,29,26.88,1
ALU4795,24,32,33,21,38,54,25,23,31.25,1
ALU4796,44,69,35,64,54,26,43,40,46.88,2
ALU4797,34,0,31,26,8,5,18,22,18.0,1
ALU4798,74,66,87,70,63,79,74,77,73.75,3
ALU4799,2,30,22,20,19,37,19,2,18.88,1
ALU4800,56,64,50,83,63,68,56,54,61.75,3
ALU4801,14,27,4,0,11,10,23,19,13.5,1
ALU4802,16,13,0,35,0,15,6,0,10.62,1
ALU4803,76,100,89,78,84,88,100,86,87.62,4
ALU4804,14,6,0,34,24,15,24,27,18.0,1
ALU4805,84,99,78,67,65,79,70,89,78.88,4
ALU4806,63,71,70,84,49,41,57,46,60.12,3
ALU4807,5,0,20,11,15,0,23,6,10.0,1
ALU4808,77,100,86,67,98,99,72,93,86.5,4
ALU4809,60,26,18,35,24,21,42,16,30.25,1
ALU4810,90,73,92,100,74,81,86,63,82.38,4
ALU4811,17,0,23,41,21,8,19,25,19.25,1
ALU4812,90,66,78,83,79,73,73,78,77.5,4
ALU4813,4,16,0,20,0,0,10,13,7.88,1
ALU4814,59,63,51,43,46,42,40,43,48.38,2
ALU4815,75,71,70,84,68,68,50,75,70.12,3
ALU4816,90,100,98,95,89,92,80,63,88.38,4
ALU4817,85,100,100,34,79,100,83,95,84.5,4
ALU4818,64,81,62,60,73,90,86,71,73.38,3
ALU4819,100,74,70,88,83,79,82,82,82.25,4
ALU4820,13,29,39,25,29,13,9,20,22.12,1
ALU4821,16,37,32,30,31,3,22,25,24.5,1
ALU4822,28,41,17,32,57,20,31,31,32.12,1
ALU4823,29,51,50,60,26,22,46,39,40.38,2
ALU4824,39,19,44,46,49,41,50,43,41.38,2
ALU4825,60,46,80,12,53,79,37,36,50.38,2
ALU4826,29,0,16,54,5,13,20,30,20.88,1
ALU4827,75,78,80,32,63,45,76,65,64.25,3
ALU4828,17,16,2,37,4,17,9,24,15.75,1
ALU4829,33,39,49,4,33,26,54,31,33.62,1
ALU4830,54,28,61,75,47,69,44,35,51.62,2
ALU4831,59,97,95,71,69,48,88,100,78.38,4
ALU4832,77,53,84,78,60,56,79,73,70.0,3
ALU4833,48,74,61,27,73,74,54,41,56.5,2
ALU4834,39,20,4,32,17,0,19,17,18.5,1
ALU4835,50,51,47,61,56,62,70,48,55.62,2
ALU4836,11,8,0,23,14,2,6,10,9.25,1
ALU4837,31,29,27,56,40,54,41,16,36.75,1
ALU4838,35,61,47,45,38,41,24,42,41.62,2
ALU4839,31,8,8,4,23,6,12,0,11.5,1
ALU4840,39,10,26,15,52,38,24,50,31.75,1
ALU4841,75,85,81,83,100,91,97,89,87.62,4
ALU4842,100,92,69,100,91,72,80,100,88.0,4
ALU4843,48,50,38,21,36,28,40,49,38.75,1
ALU4844,6,0,13,0,19,0,4,15,7.12,1
ALU4845,24,13,9,3,13,8,0,23,11.62,1
ALU4846,40,40,33,51,57,8,41,55,40.62,2
ALU4847,100,100,100,84,98,100,100,81,95.38,5
ALU4848,9,0,31,28,14,17,4,28,16.38,1
ALU4849,75,81,55,37,76,81,65,67,67.12,3
ALU4850,10,7,13,0,21,2,30,16,12.38,1
ALU4851,78,88,100,98,89,100,99,76,91.0,5
ALU4852,61,69,36,57,49,50,35,21,47.25,2
ALU4853,62,71,71,43,87,88,78,73,71.62,3
ALU4854,38,47,48,45,33,34,28,50,40.38,2
ALU4855,44,72,73,82,56,76,91,58,69.0,3
ALU4856,18,4,33,22,21,13,32,45,23.5,1
ALU4857,22,0,14,34,6,23,38,23,20.0,1
ALU4858,81,100,97,92,72,90,90,87,88.62,4
ALU4859,93,71,100,82,83,69,72,100,83.75,4
ALU4860,82,59,84,99,75,57,90,100,80.75,4
ALU4861,72,76,56,95,78,56,76,42,68.88,3
ALU4862,91,62,92,67,73,73,93,77,78.5,4
ALU4863,5,0,35,9,15,7,0,18,11.12,1
ALU4864,35,64,60,17,28,50,37,45,42.0,2
ALU4865,35,8,28,36,51,53,14,41,33.25,1
ALU4866,68,43,58,59,60,72,55,59,59.25,2
ALU4867,37,30,24,57,24,45,44,32,36.62,1
ALU4868,20,14,19,43,25,17,34,16,23.5,1
ALU4869,56,45,45,72,61,61,61,48,56.12,2
ALU4870,79,60,71,97,90,84,64,59,75.5,4
ALU4871,52,62,47,26,37,41,46,46,44.62,2
ALU4872,23,20,21,0,17,25,6,24,17.0,1
ALU4873,29,31,0,30,7,23,19,47,23.25,1
ALU4874,33,24,45,26,34,18,27,18,28.12,1
ALU4875,30,36,18,67,32,35,23,37,34.75,1
ALU4876,66,76,51,28,61,59,70,59,58.75,2
ALU4877,48,44,44,70,56,80,68,57,58.38,2
ALU4878,80,71,59,78,64,61,79,58,68.75,3
ALU4879,9,48,26,23,46,80,54,38,40.5,2
ALU4880,78,100,68,61,69,100,77,98,81.38,4
ALU4881,34,52,0,17,30,6,8,17,20.5,1
ALU4882,33,48,48,17,31,65,33,52,40.88,2
ALU4883,81,94,79,100,57,75,97,68,81.38,4
ALU4884,14,0,48,69,35,29,40,0,29.38,1
ALU4885,11,38,20,8,4,38,30,12,20.12,1
ALU4886,93,73,78,73,85,72,77,100,81.38,4
ALU4887,37,32,21,12,33,28,56,24,30.38,1
ALU4888,46,73,65,46,69,77,64,53,61.62,3
ALU4889,0,4,12,0,7,1,11,0,4.38,1
ALU4890,76,70,61,88,77,33,77,92,71.75,3
ALU4891,37,57,34,90,19,47,48,48,47.5,2
ALU4892,27,4,32,0,16,15,16,18,16.0,1
ALU4893,76,43,55,43,59,59,76,78,61.12,3
ALU4894,23,53,4,5,11,28,26,39,23.62,1
ALU4895,64,47,50,47,34,73,37,38,48.75,2
ALU4896,12,41,16,18,0,27,8,5,15.88,1
ALU4897,8,31,0,20,1,5,4,32,12.62,1
ALU4898,25,11,36,23,27,33,0,33,23.5,1
ALU4899,0,22,1,37,24,30,25,0,17.38,1
ALU4900,100,72,92,100,90,100,84,94,91.5,5
ALU4901,21,5,28,18,18,0,14,1,13.12,1
ALU4902,38,47,46,55,49,41,55,64,49.38,2
ALU4903,13,0,29,12,31,0,17,2,13.0,1
ALU4904,33,20,17,19,47,42,44,40,32.75,1
ALU4905,78,100,70,97,78,74,100,90,85.88,4
ALU4906,2,23,43,27,20,42,8,22,23.38,1
ALU4907,89,89,95,100,84,100,100,95,94.0,5
ALU4908,20,50,31,0,22,19,33,20,24.38,1
ALU4909,67,65,85,77,88,52,61,78,71.62,3
ALU4910,56,52,47,48,47,42,46,58,49.5,2
ALU4911,98,99,94,68,72,91,69,86,84.62,4
ALU4912,51,48,62,67,43,67,62,71,58.88,2
ALU4913,54,41,37,56,49,52,50,34,46.62,2
ALU4914,29,0,40,64,60,0,0,30,27.88,1
ALU4915,25,5,35,28,34,30,13,23,24.12,1
ALU4916,81,73,72,82,58,57,82,94,74.88,3
ALU4917,35,36,36,32,34,2,35,42,31.5,1
ALU4918,43,29,35,17,32,53,20,47,34.5,1
ALU4919,62,100,90,95,83,55,74,67,78.25,4
ALU4920,48,19,18,41,23,39,53,26,33.38,1
ALU4921,100,100,100,96,80,92,92,97,94.62,5
ALU4922,64,74,69,52,65,59,78,92,69.12,3
ALU4923,60,70,67,72,51,61,77,55,64.12,3
ALU4924,90,95,100,67,90,76,83,70,83.88,4
ALU4925,4,0,7,0,6,10,7,20,6.75,1
ALU4926,32,27,26,30,38,22,32,16,27.88,1
ALU4927,48,42,40,36,38,39,36,51,41.25,2
ALU4928,10,8,14,11,34,15,17,11,15.0,1
ALU4929,76,78,75,71,60,58,47,67,66.5,3
ALU4930,76,100,86,100,93,100,100,87,92.75,5
ALU4931,52,3,37,59,38,36,53,38,39.5,1
ALU4932,29,27,30,48,44,18,24,39,32.38,1
ALU4933,89,72,98,100,67,85,100,96,88.38,4
ALU4934,58,46,35,36,37,37,35,37,40.12,2
ALU4935,53,44,46,69,60,43,49,41,50.62,2
ALU4936,25,27,47,5,34,47,37,54,34.5,1
ALU4937,76,97,89,94,69,77,81,83,83.25,4
ALU4938,50,80,43,71,49,50,46,60,56.12,2
ALU4939,77,100,73,71,77,83,88,54,77.88,4
ALU4940,81,66,83,65,69,84,79,100,78.38,4
ALU4941,27,8,47,35,47,25,55,42,35.75,1
ALU4942,32,52,34,30,54,58,31,15,38.25,1
ALU4943,84,100,74,90,88,95,75,67,84.12,4
ALU4944,35,49,29,54,48,50,37,27,41.12,2
ALU4945,98,100,68,84,71,80,89,100,86.25,4
ALU4946,90,86,94,96,100,87,80,100,91.62,5
ALU4947,79,51,68,74,71,44,67,68,65.25,3
ALU4948,60,73,84,87,70,50,75,87,73.25,3
ALU4949,61,72,76,63,61,76,94,94,74.62,3
ALU4950,69,90,64,53,57,81,87,65,70.75,3
ALU4951,52,55,48,45,50,36,18,39,42.88,2
ALU4952,27,25,11,26,0,7,0,8,13.0,1
ALU4953,33,48,41,12,31,61,29,60,39.38,1
ALU4954,61,69,50,66,70,90,60,94,70.0,3
ALU4955,33,57,43,65,32,28,61,76,49.38,2
ALU4956,54,42,58,70,96,76,69,79,68.0,3
ALU4957,44,40,42,64,39,37,37,42,43.12,2
ALU4958,64,62,56,86,76,72,59,55,66.25,3
ALU4959,21,24,15,18,32,47,28,22,25.88,1
ALU4960,58,71,53,65,47,100,63,87,68.0,3
ALU4961,70,60,66,47,61,64,52,67,60.88,3
ALU4962,18,14,20,25,23,23,21,31,21.88,1
ALU4963,36,48,32,10,30,25,30,19,28.75,1
ALU4964,57,79,63,47,72,100,65,99,72.75,3
ALU4965,46,50,28,7,58,36,32,55,39.0,1
ALU4966,27,13,18,24,40,36,35,27,27.5,1
ALU4967,95,100,87,100,80,88,90,100,92.5,5
ALU4968,70,72,72,33,70,49,82,60,63.5,3
ALU4969,96,79,86,87,100,100,96,80,90.5,5
ALU4970,32,42,34,39,41,17,49,38,36.5,1
ALU4971,49,57,29,45,49,15,61,33,42.25,2
ALU4972,86,94,86,100,87,96,100,87,92.0,5
ALU4973,54,59,42,36,73,47,67,23,50.12,2
ALU4974,69,70,84,33,76,75,79,61,68.38,3
ALU4975,14,43,29,18,48,27,31,0,26.25,1
ALU4976,32,63,51,33,62,54,60,41,49.5,2
ALU4977,0,27,13,0,13,11,7,13,10.5,1
ALU4978,31,14,25,27,26,37,30,39,28.62,1
ALU4979,13,0,0,0,25,19,20,9,10.75,1
ALU4980,16,0,0,7,0,31,19,0,9.12,1
ALU4981,96,100,93,86,100,100,92,87,94.25,5
ALU4982,5,31,33,7,34,25,32,46,26.62,1
ALU4983,54,96,41,80,61,75,60,49,64.5,3
ALU4984,82,78,74,75,76,86,71,100,80.25,4
ALU4985,55,50,76,55,52,60,71,60,59.88,2
ALU4986,16,17,24,29,25,0,13,0,15.5,1
ALU4987,74,69,88,75,85,81,65,56,74.12,3
ALU4988,59,47,51,61,66,68,53,70,59.38,2
ALU4989,72,53,65,55,58,98,62,81,68.0,3
ALU4990,67,81,85,54,89,91,65,80,76.5,4
ALU4991,100,100,100,95,100,95,72,94,94.5,5
ALU4992,52,93,55,39,54,55,37,55,55.0,2
ALU4993,22,29,20,50,29,20,33,24,28.38,1
ALU4994,55,58,77,61,54,90,68,68,66.38,3
ALU4995,7,0,41,22,21,0,0,33,15.5,1
ALU4996,95,100,66,68,66,57,87,85,78.0,4
ALU4997,15,27,32,0,26,29,31,19,22.38,1
ALU4998,32,21,28,64,29,35,28,48,35.62,1
ALU4999,65,64,74,75,81,82,66,71,72.25,3
ALU5000,66,73,61,75,24,61,58,64,60.25,3
ALU5001,33,46,25,15,22,24,46,51,32.75,1
ALU5002,46,58,47,42,40,53,40,37,45.38,2
ALU5003,96,68,62,100,72,77,93,63,78.88,4
ALU5004,40,7,41,7,43,28,41,32,29.88,1
ALU5005,66,70,100,100,86,100,100,95,89.62,4
ALU5006,0,23,5,16,32,24,0,0,12.5,1
ALU5007,74,100,72,60,80,40,57,78,70.12,3
ALU5008,69,74,79,87,74,84,76,78,77.62,4
ALU5009,27,55,33,41,33,37,5,18,31.12,1
ALU5010,44,56,48,28,39,25,62,47,43.62,2
ALU5011,21,0,30,7,14,6,22,0,12.5,1
ALU5012,61,71,62,73,68,83,64,85,70.88,3
ALU5013,70,66,58,61,69,46,71,40,60.12,3
ALU5014,90,25,21,58,72,32,65,67,53.75,2
ALU5015,19,32,30,29,32,40,20,32,29.25,1
ALU5016,27,41,9,39,43,21,14,44,29.75,1
ALU5017,9,14,4,11,18,14,15,8,11.62,1
ALU5018,31,33,42,21,21,33,40,13,29.25,1
ALU5019,47,52,36,55,60,72,63,33,52.25,2
ALU5020,71,78,95,100,98,65,91,100,87.25,4
ALU5021,53,47,63,71,49,74,82,57,62.0,3
ALU5022,48,33,61,66,44,63,34,38,48.38,2
ALU5023,85,84,79,81,80,70,100,74,81.62,4
ALU5024,43,71,47,74,71,58,91,64,64.88,3
ALU5025,93,80,88,100,100,100,100,100,95.12,5
ALU5026,52,39,59,79,65,68,50,52,58.0,2
ALU5027,41,39,36,50,26,16,19,16,30.38,1
ALU5028,13,15,0,0,16,0,11,24,9.88,1
ALU5029,55,62,50,91,55,74,73,35,61.88,3
ALU5030,0,23,12,46,0,20,26,15,17.75,1
ALU5031,25,25,38,21,43,31,30,27,30.0,1
ALU5032,46,53,58,36,22,87,63,49,51.75,2
ALU5033,65,70,74,55,48,65,51,35,57.88,2
ALU5034,58,49,54,62,65,46,59,56,56.12,2
ALU5035,31,2,0,13,22,35,28,14,18.12,1
ALU5036,25,36,53,17,10,40,40,25,30.75,1
ALU5037,70,40,62,87,65,50,52,54,60.0,3
ALU5038,99,88,95,76,83,100,81,65,85.88,4
ALU5039,50,66,79,61,71,92,83,100,75.25,4
ALU5040,100,51,100,89,81,91,93,40,80.62,4
ALU5041,74,81,73,47,66,58,90,71,70.0,3
ALU5042,62,55,72,30,40,59,71,55,55.5,2
ALU5043,13,40,28,14,18,7,18,14,19.0,1
ALU5044,77,68,57,79,77,68,77,61,70.5,3
ALU5045,49,72,58,64,56,72,65,69,63.12,3
ALU5046,67,77,66,22,55,29,57,41,51.75,2
ALU5047,57,47,40,74,42,59,80,24,52.88,2
ALU5048,42,52,63,66,39,46,80,45,54.12,2
ALU5049,54,11,36,38,25,26,42,0,29.0,1
ALU5050,54,70,56,54,53,31,41,39,49.75,2
ALU5051,29,20,40,34,47,6,17,15,26.0,1
ALU5052,62,62,81,100,87,100,70,78,80.0,4
ALU5053,42,32,22,37,27,34,31,39,33.0,1
ALU5054,0,0,11,17,32,32,17,16,15.62,1
ALU5055,54,37,42,22,48,31,40,49,40.38,2
ALU5056,54,77,67,67,74,91,89,54,71.62,3
ALU5057,38,37,60,58,46,43,39,35,44.5,2
ALU5058,37,19,22,27,34,18,52,21,28.75,1
ALU5059,65,48,46,45,41,39,69,53,50.75,2
ALU5060,23,6,51,46,33,20,43,30,31.5,1
ALU5061,99,99,82,71,83,77,79,93,85.38,4
ALU5062,98,86,90,100,81,74,100,96,90.62,5
ALU5063,40,46,43,42,43,63,73,68,52.25,2
ALU5064,50,30,14,0,48,73,37,38,36.25,1
ALU5065,56,71,73,63,67,67,86,75,69.75,3
ALU5066,2,18,21,7,6,4,9,24,11.38,1
ALU5067,52,46,46,57,70,19,65,57,51.5,2
ALU5068,26,14,17,43,43,21,23,30,27.12,1
ALU5069,90,96,89,64,87,63,99,73,82.62,4
ALU5070,8,13,0,8,16,18,0,0,7.88,1
ALU5071,52,57,23,45,48,83,40,43,48.88,2
ALU5072,79,87,70,65,67,55,58,73,69.25,3
ALU5073,46,49,54,30,45,45,48,55,46.5,2
ALU5074,15,29,26,11,15,8,2,6,14.0,1
ALU5075,100,100,100,100,97,100,82,87,95.75,5
ALU5076,59,60,59,85,42,53,49,14,52.62,2
ALU5077,68,49,71,42,64,91,58,52,61.88,3
ALU5078,14,24,10,27,32,15,12,70,25.5,1
ALU5079,53,67,67,42,43,62,32,64,53.75,2
ALU5080,34,21,58,46,41,34,33,62,41.12,2
ALU5081,0,5,7,28,0,0,23,18,10.12,1
ALU5082,13,9,22,12,0,35,46,27,20.5,1
ALU5083,71,67,87,67,68,100,97,75,79.0,4
ALU5084,34,39,44,47,33,32,22,15,33.25,1
ALU5085,30,28,20,0,27,13,27,43,23.5,1
ALU5086,31,39,41,53,69,33,50,35,43.88,2
ALU5087,65,83,68,47,74,82,72,81,71.5,3
ALU5088,0,8,21,0,11,0,11,35,10.75,1
ALU5089,52,43,33,70,60,69,60,70,57.12,2
ALU5090,20,5,0,3,5,9,0,12,6.75,1
ALU5091,5,14,19,0,17,1,0,26,10.25,1
ALU5092,3,23,13,0,13,0,9,12,9.12,1
ALU5093,93,72,80,65,70,58,100,78,77.0,4
ALU5094,0,23,0,0,19,14,23,25,13.0,1
ALU5095,21,32,0,18,16,11,22,0,15.0,1
ALU5096,38,25,36,16,31,43,43,24,32.0,1
ALU5097,80,86,85,70,91,97,98,77,85.5,4
ALU5098,23,41,21,31,24,29,32,19,27.5,1
ALU5099,58,41,53,36,12,53,52,22,40.88,2
ALU5100,0,27,0,1,18,0,10,9,8.12,1
ALU5101,45,78,39,32,58,38,52,37,47.38,2
ALU5102,62,62,65,35,45,79,51,43,55.25,2
ALU5103,40,52,51,44,39,70,78,56,53.75,2
ALU5104,25,49,30,46,48,39,29,21,35.88,1
ALU5105,31,46,25,25,27,27,22,49,31.5,1
ALU5106,5,0,4,17,28,0,16,39,13.62,1
ALU5107,29,37,42,58,20,30,60,47,40.38,2
ALU5108,10,8,19,24,28,23,5,7,15.5,1
ALU5109,80,79,76,51,84,44,71,79,70.5,3
ALU5110,88,89,84,100,97,100,95,82,91.88,5
ALU5111,100,91,89,100,72,100,76,100,91.0,5
ALU5112,72,69,100,72,79,100,66,92,81.25,4
ALU5113,46,70,42,30,69,68,72,70,58.38,2
ALU5114,87,92,90,60,51,69,68,62,72.38,3
ALU5115,24,17,31,34,25,36,17,40,28.0,1
ALU5116,48,40,59,72,65,56,58,68,58.25,2
ALU5117,28,46,57,36,34,77,39,49,45.75,2
ALU5118,59,47,23,11,61,46,48,49,43.0,2
ALU5119,69,90,89,50,84,66,75,58,72.62,3
ALU5120,27,11,52,36,32,26,4,36,28.0,1
ALU5121,32,25,46,69,37,22,49,29,38.62,1
ALU5122,98,56,62,87,82,100,89,70,80.5,4
ALU5123,8,30,19,33,15,2,2,0,13.62,1
ALU5124,72,52,68,29,42,46,59,54,52.75,2
ALU5125,88,80,100,75,85,100,74,80,85.25,4
ALU5126,70,40,43,17,55,75,56,51,50.88,2
ALU5127,62,35,66,60,68,38,39,25,49.12,2
ALU5128,27,33,49,11,39,45,36,42,35.25,1
ALU5129,30,19,36,46,25,14,50,20,30.0,1
ALU5130,85,83,64,72,95,59,86,82,78.25,4
ALU5131,60,85,65,91,47,50,53,48,62.38,3
ALU5132,45,46,63,83,69,55,36,55,56.5,2
ALU5133,15,0,12,0,29,10,8,17,11.38,1
ALU5134,18,12,0,17,28,13,9,3,12.5,1
ALU5135,100,73,100,78,94,86,84,95,88.75,4
ALU5136,47,64,29,50,36,8,33,39,38.25,1
ALU5137,77,80,64,35,56,56,45,40,56.62,2
ALU5138,5,9,30,38,15,0,3,29,16.12,1
ALU5139,73,53,46,85,56,66,48,87,64.25,3
ALU5140,100,82,99,63,64,70,92,76,80.75,4
ALU5141,47,52,54,53,52,64,57,35,51.75,2
ALU5142,11,22,14,19,16,36,17,33,21.0,1
ALU5143,74,72,63,70,62,31,53,42,58.38,2
ALU5144,64,58,64,73,77,43,66,92,67.12,3
ALU5145,28,56,27,55,42,37,38,57,42.5,2
ALU5146,99,93,62,82,95,100,79,81,86.38,4
ALU5147,75,55,78,74,54,65,65,60,65.75,3
ALU5148,90,69,81,61,79,79,100,72,78.88,4
ALU5149,60,62,67,60,82,44,58,62,61.88,3
ALU5150,12,0,10,37,0,27,9,23,14.75,1
ALU5151,35,48,18,58,44,55,29,37,40.5,2
ALU5152,38,6,30,26,28,0,17,31,22.0,1
ALU5153,89,95,90,85,86,91,80,100,89.5,4
ALU5154,95,72,70,98,82,100,66,72,81.88,4
ALU5155,56,57,69,64,73,56,74,100,68.62,3
ALU5156,31,30,20,52,17,29,40,38,32.12,1
ALU5157,17,37,34,19,11,21,32,27,24.75,1
ALU5158,62,55,88,73,68,66,86,78,72.0,3
ALU5159,46,41,56,27,26,64,43,53,44.5,2
ALU5160,29,14,20,2,25,52,6,30,22.25,1
ALU5161,65,59,61,78,66,34,84,75,65.25,3
ALU5162,30,0,27,39,20,0,0,0,14.5,1
ALU5163,38,7,49,36,35,53,30,30,34.75,1
ALU5164,58,31,71,44,39,56,30,24,44.12,2
ALU5165,18,42,8,36,20,24,23,37,26.0,1
ALU5166,100,97,83,99,92,100,82,73,90.75,5
ALU5167,47,27,25,0,31,25,37,12,25.5,1
ALU5168,22,12,21,34,16,23,19,7,19.25,1
ALU5169,13,22,21,0,32,18,41,6,19.12,1
ALU5170,68,67,69,74,71,70,75,69,70.38,3
ALU5171,46,51,58,35,56,41,57,13,44.62,2
ALU5172,60,57,54,44,57,49,42,77,55.0,2
ALU5173,13,0,0,7,0,13,18,12,7.88,1
ALU5174,12,11,0,24,4,12,6,0,8.62,1
ALU5175,45,8,48,45,52,17,47,53,39.38,1
ALU5176,72,84,100,100,65,75,89,83,83.5,4
ALU5177,88,63,72,100,83,84,89,71,81.25,4
ALU5178,31,11,9,40,23,35,3,22,21.75,1
ALU5179,63,35,82,52,58,49,47,50,54.5,2
ALU5180,92,87,81,78,75,88,74,100,84.38,4
ALU5181,50,48,45,39,43,38,48,33,43.0,2
ALU5182,75,100,100,99,66,99,75,60,84.25,4
ALU5183,11,0,5,36,18,0,11,30,13.88,1
ALU5184,81,100,85,42,100,77,91,85,82.62,4
ALU5185,71,74,66,78,73,59,69,72,70.25,3
ALU5186,85,82,71,47,78,89,100,93,80.62,4
ALU5187,77,77,84,65,63,43,75,52,67.0,3
ALU5188,32,34,30,28,39,59,46,33,37.62,1
ALU5189,81,100,78,74,100,95,84,81,86.62,4
ALU5190,49,14,24,45,40,38,38,24,34.0,1
ALU5191,30,25,46,23,24,66,40,52,38.25,1
ALU5192,69,82,69,67,64,62,53,57,65.38,3
ALU5193,78,96,64,57,77,86,70,62,73.75,3
ALU5194,77,88,93,89,82,97,86,100,89.0,4
ALU5195,35,0,33,40,28,46,41,9,29.0,1
ALU5196,83,73,76,61,63,87,71,77,73.88,3
ALU5197,87,71,68,82,74,63,77,81,75.38,4
ALU5198,3,7,22,11,21,17,26,20,15.88,1
ALU5199,40,44,37,40,40,30,28,20,34.88,1
ALU5200,30,23,49,24,32,23,33,20,29.25,1
ALU5201,35,44,23,46,40,32,56,7,35.38,1
ALU5202,78,75,84,100,89,90,74,100,86.25,4
ALU5203,63,81,52,60,69,49,55,77,63.25,3
ALU5204,55,92,66,73,69,35,72,83,68.12,3
ALU5205,96,79,92,100,83,97,97,92,92.0,5
ALU5206,17,25,23,48,47,44,40,35,34.88,1
ALU5207,58,83,78,71,91,82,83,69,76.88,4
ALU5208,52,26,50,65,55,72,59,22,50.12,2
ALU5209,77,75,65,98,92,60,83,90,80.0,4
ALU5210,11,37,15,59,26,44,20,7,27.38,1
ALU5211,100,100,97,62,93,100,97,61,88.75,4
ALU5212,27,54,11,37,23,51,48,43,36.75,1
ALU5213,43,36,30,55,27,29,41,25,35.75,1
ALU5214,71,63,86,91,52,79,85,76,75.38,4
ALU5215,67,41,61,35,24,28,21,38,39.38,1
ALU5216,53,57,65,35,59,49,57,75,56.25,2
ALU5217,62,42,42,72,32,70,30,24,46.75,2
ALU5218,71,71,65,63,75,82,71,82,72.5,3
ALU5219,9,11,36,20,43,36,42,24,27.62,1
ALU5220,15,14,23,47,0,0,0,16,14.38,1
ALU5221,35,10,18,9,22,9,52,26,22.62,1
ALU5222,37,36,58,62,69,63,47,42,51.75,2
ALU5223,10,18,12,6,28,26,30,32,20.25,1
ALU5224,36,3,26,22,35,32,49,26,28.62,1
ALU5225,44,52,39,44,35,67,64,33,47.25,2
ALU5226,0,0,22,22,16,19,17,6,12.75,1
ALU5227,68,67,61,74,67,44,47,37,58.12,2
ALU5228,79,65,87,100,71,55,96,80,79.12,4
ALU5229,5,12,22,5,33,27,0,15,14.88,1
ALU5230,68,66,64,38,62,51,47,68,58.0,2
ALU5231,64,97,63,58,74,62,57,57,66.5,3
ALU5232,54,44,50,48,52,39,17,16,40.0,2
ALU5233,72,38,60,64,71,89,88,68,68.75,3
ALU5234,41,56,49,0,46,54,57,35,42.25,2
ALU5235,48,46,60,17,55,48,55,33,45.25,2
ALU5236,10,6,14,1,2,3,17,10,7.88,1
ALU5237,63,75,76,82,73,71,71,72,72.88,3
ALU5238,55,31,70,48,61,84,74,73,62.0,3
ALU5239,14,8,22,21,8,9,23,13,14.75,1
ALU5240,36,31,10,11,53,29,20,48,29.75,1
ALU5241,93,100,100,97,92,75,100,97,94.25,5
ALU5242,53,53,66,47,47,41,56,71,54.25,2
ALU5243,49,25,42,58,48,32,43,70,45.88,2
ALU5244,87,100,78,68,83,92,84,90,85.25,4
ALU5245,63,76,84,41,88,76,60,45,66.62,3
ALU5246,61,34,46,70,42,75,61,83,59.0,2
ALU5247,80,77,68,49,77,73,81,73,72.25,3
ALU5248,91,98,84,68,70,98,85,91,85.62,4
ALU5249,40,27,36,71,58,70,36,52,48.75,2
ALU5250,43,68,58,50,47,48,64,46,53.0,2
ALU5251,47,17,30,46,35,73,32,33,39.12,1
ALU5252,94,80,96,100,73,100,98,87,91.0,5
ALU5253,58,53,71,78,83,60,77,30,63.75,3
ALU5254,25,33,32,12,0,56,0,0,19.75,1
ALU5255,65,75,96,66,87,81,86,75,78.88,4
ALU5256,56,30,41,96,57,69,63,48,57.5,2
ALU5257,0,17,0,5,32,20,11,19,13.0,1
ALU5258,73,64,64,60,48,59,65,46,59.88,2
ALU5259,27,52,34,50,33,62,34,52,43.0,2
ALU5260,95,79,79,74,79,86,96,80,83.5,4
ALU5261,22,27,10,15,17,22,9,18,17.5,1
ALU5262,75,69,87,100,60,78,79,80,78.5,4
ALU5263,57,80,47,41,71,38,70,65,58.62,2
ALU5264,16,27,9,17,5,25,24,6,16.12,1
ALU5265,83,100,92,100,90,82,76,97,90.0,5
ALU5266,42,63,53,47,57,54,48,61,53.12,2
ALU5267,37,38,39,29,45,31,23,38,35.0,1
ALU5268,30,28,44,64,35,56,61,37,44.38,2
ALU5269,76,91,73,79,85,82,81,75,80.25,4
ALU5270,62,34,10,0,20,28,34,40,28.5,1
ALU5271,12,41,23,49,25,28,28,20,28.25,1
ALU5272,28,28,14,0,19,21,2,5,14.62,1
ALU5273,25,40,23,35,27,15,35,32,29.0,1
ALU5274,80,49,75,51,77,73,63,86,69.25,3
ALU5275,53,46,57,38,49,66,41,60,51.25,2
ALU5276,36,17,38,17,24,62,20,39,31.62,1
ALU5277,17,23,1,23,17,0,25,20,15.75,1
ALU5278,54,28,30,19,21,47,25,40,33.0,1
ALU5279,83,85,100,100,78,91,83,100,90.0,5
ALU5280,38,42,55,36,29,26,39,26,36.38,1
ALU5281,96,87,84,100,83,87,100,100,92.12,5
ALU5282,37,50,65,48,42,34,53,58,48.38,2
ALU5283,18,0,4,39,20,0,34,30,18.12,1
ALU5284,86,72,98,47,86,90,59,61,74.88,3
ALU5285,42,56,43,33,52,73,63,38,50.0,2
ALU5286,93,50,87,59,70,74,58,60,68.88,3
ALU5287,85,100,87,83,94,96,86,100,91.38,5
ALU5288,21,24,5,18,14,0,32,0,14.25,1
ALU5289,22,9,12,24,4,0,15,0,10.75,1
ALU5290,69,100,51,68,61,70,60,52,66.38,3
ALU5291,21,49,9,29,26,14,23,25,24.5,1
ALU5292,13,7,27,65,14,38,4,27,24.38,1
ALU5293,3,19,20,14,0,0,8,34,12.25,1
ALU5294,0,7,14,0,12,0,2,1,4.5,1
ALU5295,64,63,59,88,64,100,82,64,73.0,3
ALU5296,2,1,22,27,35,36,37,38,24.75,1
ALU5297,60,62,35,67,48,29,32,71,50.5,2
ALU5298,65,50,64,70,44,46,66,34,54.88,2
ALU5299,51,42,57,27,50,40,25,36,41.0,2
ALU5300,13,0,11,23,7,5,12,10,10.12,1
ALU5301,77,64,93,77,78,68,61,78,74.5,3
ALU5302,20,4,4,24,0,25,0,36,14.12,1
ALU5303,67,79,70,100,64,76,100,65,77.62,4
ALU5304,86,46,86,83,70,84,100,69,78.0,4
ALU5305,51,44,27,59,31,34,35,33,39.25,1
ALU5306,39,42,48,71,39,37,76,68,52.5,2
ALU5307,78,68,44,50,44,38,47,47,52.0,2
ALU5308,40,84,36,75,39,26,23,62,48.12,2
ALU5309,86,79,88,100,69,65,92,93,84.0,4
ALU5310,98,59,67,74,94,100,96,75,82.88,4
ALU5311,44,36,21,39,36,49,44,47,39.5,1
ALU5312,60,57,73,75,84,54,40,77,65.0,3
ALU5313,89,100,64,100,84,100,74,100,88.88,4
ALU5314,76,100,98,100,100,100,100,71,93.12,5
ALU5315,45,63,46,56,58,34,36,54,49.0,2
ALU5316,50,36,47,68,26,23,57,30,42.12,2
ALU5317,34,40,48,26,18,34,25,25,31.25,1
ALU5318,100,95,89,73,94,98,71,88,88.5,4
ALU5319,16,21,25,30,0,0,2,21,14.38,1
ALU5320,43,33,57,50,48,49,62,63,50.62,2
ALU5321,40,46,29,79,14,43,36,21,38.5,1
ALU5322,44,31,27,34,51,53,48,47,41.88,2
ALU5323,50,39,49,54,52,42,41,60,48.38,2
ALU5324,93,85,86,83,91,95,92,97,90.25,5
ALU5325,20,0,0,32,25,3,31,34,18.12,1
ALU5326,91,61,57,56,69,79,46,55,64.25,3
ALU5327,13,0,14,10,25,20,9,0,11.38,1
ALU5328,5,30,0,17,13,6,24,6,12.62,1
ALU5329,38,28,44,21,41,56,33,38,37.38,1
ALU5330,57,20,36,46,39,40,56,63,44.62,2
ALU5331,12,55,35,38,27,14,28,14,27.88,1
ALU5332,35,20,11,5,25,26,47,32,25.12,1
ALU5333,16,1,35,31,2,0,7,47,17.38,1
ALU5334,47,49,28,27,43,18,24,35,33.88,1
ALU5335,100,100,81,96,98,71,100,100,93.25,5
ALU5336,98,67,86,49,81,79,100,73,79.12,4
ALU5337,13,20,41,39,44,27,48,6,29.75,1
ALU5338,65,43,67,37,59,36,66,33,50.75,2
ALU5339,93,100,83,80,83,94,78,100,88.88,4
ALU5340,8,30,0,0,21,0,0,2,7.62,1
ALU5341,60,61,63,62,81,72,66,73,67.25,3
ALU5342,82,100,93,87,100,100,83,100,93.12,5
ALU5343,1,2,25,8,18,30,27,28,17.38,1
ALU5344,0,24,32,35,26,10,19,26,21.5,1
ALU5345,91,72,93,57,80,100,100,100,86.62,4
ALU5346,45,51,64,52,47,47,63,51,52.5,2
ALU5347,32,4,29,4,20,40,25,11,20.62,1
ALU5348,26,23,42,19,39,6,37,11,25.38,1
ALU5349,58,51,56,29,41,30,48,34,43.38,2
ALU5350,51,52,57,87,53,69,51,63,60.38,3
ALU5351,65,57,82,100,87,52,94,70,75.88,4
ALU5352,95,100,100,63,100,83,100,100,92.62,5
ALU5353,21,51,38,14,19,37,35,48,32.88,1
ALU5354,49,53,68,35,41,56,55,93,56.25,2
ALU5355,50,60,57,47,71,52,31,85,56.62,2
ALU5356,39,52,40,64,36,41,46,57,46.88,2
ALU5357,38,32,7,29,15,0,13,0,16.75,1
ALU5358,96,78,89,90,86,95,73,100,88.38,4
ALU5359,86,70,84,82,85,72,75,100,81.75,4
ALU5360,55,39,53,44,35,44,52,51,46.62,2
ALU5361,65,88,62,72,61,35,63,35,60.12,3
ALU5362,24,33,36,40,11,35,11,28,27.25,1
ALU5363,50,60,64,64,39,62,37,66,55.25,2
ALU5364,69,73,66,28,53,50,63,70,59.0,2
ALU5365,62,31,41,51,38,54,58,45,47.5,2
ALU5366,100,100,98,90,100,100,84,93,95.62,5
ALU5367,57,67,86,77,67,62,54,78,68.5,3
ALU5368,46,49,42,42,36,8,40,45,38.5,1
ALU5369,72,48,70,84,68,65,64,95,70.75,3
ALU5370,20,32,26,11,34,22,0,35,22.5,1
ALU5371,34,34,46,56,46,71,43,36,45.75,2
ALU5372,34,16,43,58,24,18,15,47,31.88,1
ALU5373,57,29,60,14,47,41,47,64,44.88,2
ALU5374,76,56,79,52,78,59,72,77,68.62,3
ALU5375,49,29,64,62,55,61,45,57,52.75,2
ALU5376,61,77,79,73,100,70,63,55,72.25,3
ALU5377,53,51,75,75,48,15,52,50,52.38,2
ALU5378,33,40,50,40,41,29,25,33,36.38,1
ALU5379,69,100,88,90,92,76,100,63,84.75,4
ALU5380,26,24,35,12,43,32,16,28,27.0,1
ALU5381,20,0,52,31,26,27,37,48,30.12,1
ALU5382,51,46,63,56,37,60,43,54,51.25,2
ALU5383,29,46,18,16,10,26,31,47,27.88,1
ALU5384,0,4,8,23,14,7,5,15,9.5,1
ALU5385,59,86,60,29,66,63,61,87,63.88,3
ALU5386,51,57,75,54,52,44,48,50,53.88,2
ALU5387,56,17,60,21,47,53,48,35,42.12,2
ALU5388,94,93,100,73,100,100,100,100,95.0,5
ALU5389,49,60,47,74,61,55,42,34,52.75,2
ALU5390,86,98,95,62,86,75,61,91,81.75,4
ALU5391,34,44,1,0,11,1,7,0,12.25,1
ALU5392,65,69,37,66,66,61,57,44,58.12,2
ALU5393,88,89,78,63,77,68,79,88,78.75,4
ALU5394,64,67,75,75,67,59,75,39,65.12,3
ALU5395,84,67,57,81,65,71,86,63,71.75,3
ALU5396,49,16,38,24,44,54,33,20,34.75,1
ALU5397,18,13,27,30,30,34,31,23,25.75,1
ALU5398,56,51,56,11,52,0,51,62,42.38,2
ALU5399,29,22,67,49,54,37,31,40,41.12,2
ALU5400,68,100,83,60,79,51,81,100,77.75,4
ALU5401,28,42,21,17,27,44,24,23,28.25,1
ALU5402,92,71,78,83,88,91,83,73,82.38,4
ALU5403,85,100,86,100,74,100,83,71,87.38,4
ALU5404,35,22,14,18,37,31,32,25,26.75,1
ALU5405,17,24,14,34,42,16,31,40,27.25,1
ALU5406,80,100,100,77,90,71,82,100,87.5,4
ALU5407,87,91,92,74,100,89,89,77,87.38,4
ALU5408,28,73,76,26,33,53,42,36,45.88,2
ALU5409,48,21,23,39,20,34,44,40,33.62,1
ALU5410,38,26,47,51,64,55,42,53,47.0,2
ALU5411,61,62,57,80,66,61,69,58,64.25,3
ALU5412,38,41,21,25,31,46,11,29,30.25,1
ALU5413,77,57,81,67,56,73,65,55,66.38,3
ALU5414,0,0,16,23,24,10,0,3,9.5,1
ALU5415,16,12,19,2,16,13,28,0,13.25,1
ALU5416,42,17,55,13,34,33,41,54,36.12,1
ALU5417,60,41,50,52,57,31,31,47,46.12,2
ALU5418,37,28,21,21,19,40,12,32,26.25,1
ALU5419,47,56,42,50,45,60,33,49,47.75,2
ALU5420,25,13,35,22,43,47,44,36,33.12,1
ALU5421,14,41,67,4,33,19,26,15,27.38,1
ALU5422,24,30,42,0,17,34,15,9,21.38,1
ALU5423,100,100,94,98,89,83,75,87,90.75,5
ALU5424,42,56,50,0,49,53,64,48,45.25,2
ALU5425,50,27,37,68,59,30,61,58,48.75,2
ALU5426,72,70,60,75,70,60,60,57,65.5,3
ALU5427,69,72,100,77,100,100,94,85,87.12,4
ALU5428,39,6,26,55,27,28,24,34,29.88,1
ALU5429,66,95,57,100,64,70,51,68,71.38,3
ALU5430,73,86,68,64,74,65,79,54,70.38,3
ALU5431,51,90,55,67,73,31,57,34,57.25,2
ALU5432,5,7,0,15,10,2,21,5,8.12,1
ALU5433,70,67,59,93,63,66,61,87,70.75,3
ALU5434,34,18,0,0,22,0,15,18,13.38,1
ALU5435,68,58,43,54,69,65,52,79,61.0,3
ALU5436,84,60,57,88,66,49,72,71,68.38,3
ALU5437,22,10,35,38,10,0,33,23,21.38,1
ALU5438,74,83,98,79,63,91,74,43,75.62,4
ALU5439,0,0,0,32,9,3,31,0,9.38,1
ALU5440,76,64,99,85,69,86,74,87,80.0,4
ALU5441,25,52,32,48,55,38,48,49,43.38,2
ALU5442,17,23,33,37,7,33,41,0,23.88,1
ALU5443,11,31,20,15,33,37,34,18,24.88,1
ALU5444,89,84,98,91,87,100,96,100,93.12,5
ALU5445,12,2,0,0,3,1,14,15,5.88,1
ALU5446,26,29,1,75,17,16,23,15,25.25,1
ALU5447,36,24,26,27,27,38,52,1,28.88,1
ALU5448,55,50,65,73,75,88,72,66,68.0,3
ALU5449,34,44,77,88,60,36,67,41,55.88,2
ALU5450,10,13,3,0,17,0,35,23,12.62,1
ALU5451,21,57,29,42,19,44,36,40,36.0,1
ALU5452,31,5,17,26,25,16,21,39,22.5,1
ALU5453,33,43,24,56,16,34,28,29,32.88,1
ALU5454,51,53,18,25,15,33,42,37,34.25,1
ALU5455,75,91,86,54,61,73,66,76,72.75,3
ALU5456,23,71,24,23,30,16,19,10,27.0,1
ALU5457,32,59,49,29,33,22,44,56,40.5,2
ALU5458,32,54,37,31,38,42,47,30,38.88,1
ALU5459,77,73,95,100,100,74,84,100,87.88,4
ALU5460,100,73,100,93,99,97,94,87,92.88,5
ALU5461,75,82,78,62,96,73,96,83,80.62,4
ALU5462,14,1,28,19,4,6,17,28,14.62,1
ALU5463,2,20,1,18,2,15,27,0,10.62,1
ALU5464,24,1,27,39,42,37,23,41,29.25,1
ALU5465,29,46,16,18,33,0,33,18,24.12,1
ALU5466,61,45,41,21,51,49,29,48,43.12,2
ALU5467,71,76,90,74,68,75,82,75,76.38,4
ALU5468,59,71,100,80,84,83,79,67,77.88,4
ALU5469,79,52,66,69,82,53,60,72,66.62,3
ALU5470,35,55,42,60,18,42,31,54,42.12,2
ALU5471,64,86,63,77,68,74,88,48,71.0,3
ALU5472,26,27,49,35,27,19,39,41,32.88,1
ALU5473,12,20,12,3,18,0,11,5,10.12,1
ALU5474,68,62,68,99,71,53,74,82,72.12,3
ALU5475,5,10,0,0,25,7,18,15,10.0,1
ALU5476,45,53,23,32,41,23,60,32,38.62,1
ALU5477,30,42,43,26,23,14,31,44,31.62,1
ALU5478,62,87,71,72,42,98,74,59,70.62,3
ALU5479,87,81,78,85,64,73,79,97,80.5,4
ALU5480,37,32,25,8,36,27,33,34,29.0,1
ALU5481,86,66,76,65,84,67,75,73,74.0,3
ALU5482,43,24,40,39,25,25,50,25,33.88,1
ALU5483,50,57,56,33,40,72,48,40,49.5,2
ALU5484,79,47,56,63,71,82,55,66,64.88,3
ALU5485,51,83,59,70,71,100,32,77,67.88,3
ALU5486,95,89,77,76,100,99,100,86,90.25,5
ALU5487,23,12,27,30,19,10,20,13,19.25,1
ALU5488,81,48,75,75,57,68,62,79,68.12,3
ALU5489,69,69,56,60,80,68,64,78,68.0,3
ALU5490,81,87,79,100,100,96,100,76,89.88,4
ALU5491,22,42,15,32,13,12,35,14,23.12,1
ALU5492,74,53,100,71,84,99,69,90,80.0,4
ALU5493,60,47,70,50,78,37,64,62,58.5,2
ALU5494,19,28,38,61,42,34,22,52,37.0,1
ALU5495,51,36,51,35,40,43,56,57,46.12,2
ALU5496,32,35,34,30,36,23,25,41,32.0,1
ALU5497,59,61,46,49,39,60,59,52,53.12,2
ALU5498,77,92,72,92,75,100,87,71,83.25,4
ALU5499,50,78,49,96,56,62,43,39,59.12,2
ALU5500,73,42,50,66,64,65,54,61,59.38,2
ALU5501,41,56,44,45,44,21,25,71,43.38,2
ALU5502,0,0,8,13,0,23,5,0,6.12,1
ALU5503,25,32,25,2,27,19,39,24,24.12,1
ALU5504,41,55,41,45,56,57,73,26,49.25,2
ALU5505,24,18,38,63,40,46,50,52,41.38,2
ALU5506,22,7,19,33,19,24,16,10,18.75,1
ALU5507,35,58,52,72,49,20,50,82,52.25,2
ALU5508,23,34,25,52,36,55,33,40,37.25,1
ALU5509,48,24,36,15,32,55,25,49,35.5,1
ALU5510,51,56,40,81,45,58,58,22,51.38,2
ALU5511,9,27,36,0,0,6,10,0,11.0,1
ALU5512,92,80,85,94,100,100,100,83,91.75,5
ALU5513,88,70,81,46,78,78,84,83,76.0,4
ALU5514,78,49,75,37,56,67,54,77,61.62,3
ALU5515,13,15,24,31,10,32,13,36,21.75,1
ALU5516,84,53,85,62,75,84,80,70,74.12,3
ALU5517,57,79,99,100,71,42,89,71,76.0,4
ALU5518,63,92,82,34,68,77,83,70,71.12,3
ALU5519,16,9,14,13,12,33,11,20,16.0,1
ALU5520,66,54,56,41,66,42,56,45,53.25,2
ALU5521,70,100,78,74,72,94,100,54,80.25,4
ALU5522,59,79,74,84,60,31,57,61,63.12,3
ALU5523,56,51,46,95,49,59,49,44,56.12,2
ALU5524,43,48,36,55,66,54,39,62,50.38,2
ALU5525,62,57,49,23,63,48,29,21,44.0,2
ALU5526,17,11,0,0,5,25,0,0,7.25,1
ALU5527,52,89,57,65,65,41,56,43,58.5,2
ALU5528,1,13,34,0,0,24,2,2,9.5,1
ALU5529,40,47,40,55,49,44,35,31,42.62,2
ALU5530,31,41,36,61,39,18,40,47,39.12,1
ALU5531,47,71,34,36,56,60,64,93,57.62,2
ALU5532,27,31,3,0,26,15,3,0,13.12,1
ALU5533,70,75,78,46,67,89,89,57,71.38,3
ALU5534,80,53,96,71,75,85,77,74,76.38,4
ALU5535,7,12,22,20,13,25,19,4,15.25,1
ALU5536,26,26,10,14,19,4,4,22,15.62,1
ALU5537,0,21,24,34,9,20,14,0,15.25,1
ALU5538,92,96,52,91,88,75,100,92,85.75,4
ALU5539,61,80,55,51,55,51,39,53,55.62,2
ALU5540,42,29,34,47,60,65,50,57,48.0,2
ALU5541,27,31,24,16,20,10,8,14,18.75,1
ALU5542,62,58,37,62,45,41,41,73,52.38,2
ALU5543,83,97,75,70,76,90,64,90,80.62,4
ALU5544,82,78,79,57,72,91,86,77,77.75,4
ALU5545,93,93,52,63,54,85,40,69,68.62,3
ALU5546,25,13,7,2,21,24,0,31,15.38,1
ALU5547,22,5,25,24,0,11,24,0,13.88,1
ALU5548,0,15,9,10,23,13,17,0,10.88,1
ALU5549,29,33,17,28,38,34,28,46,31.62,1
ALU5550,9,34,28,34,19,23,3,29,22.38,1
ALU5551,36,35,31,3,31,0,14,48,24.75,1
ALU5552,41,76,43,71,40,31,23,38,45.38,2
ALU5553,78,88,79,50,91,97,88,100,83.88,4
ALU5554,60,58,29,86,71,76,67,100,68.38,3
ALU5555,71,71,69,83,77,70,75,96,76.5,4
ALU5556,70,70,56,59,74,62,79,77,68.38,3
ALU5557,6,18,7,0,6,11,34,25,13.38,1
ALU5558,71,75,61,60,76,69,75,73,70.0,3
ALU5559,37,30,31,26,27,42,14,34,30.12,1
ALU5560,61,53,73,66,66,51,63,68,62.62,3
ALU5561,31,22,48,61,27,48,51,67,44.38,2
ALU5562,96,89,100,96,99,100,87,84,93.88,5
ALU5563,35,45,17,34,28,22,20,25,28.25,1
ALU5564,19,50,30,36,45,23,43,30,34.5,1
ALU5565,91,87,100,82,91,91,71,97,88.75,4
ALU5566,20,0,0,3,12,0,9,10,6.75,1
ALU5567,73,66,83,65,63,66,60,49,65.62,3
ALU5568,70,100,58,81,73,48,65,71,70.75,3
ALU5569,86,95,83,63,85,93,100,78,85.38,4
ALU5570,97,100,97,83,89,100,86,92,93.0,5
ALU5571,100,100,95,99,88,82,94,100,94.75,5
ALU5572,0,33,37,0,2,0,23,27,15.25,1
ALU5573,63,61,75,81,78,92,63,67,72.5,3
ALU5574,73,57,43,53,56,56,73,90,62.62,3
ALU5575,48,55,67,72,66,53,57,42,57.5,2
ALU5576,20,25,14,41,8,14,1,6,16.12,1
ALU5577,59,65,70,53,62,45,57,60,58.88,2
ALU5578,83,100,100,100,83,100,94,100,95.0,5
ALU5579,90,79,86,90,98,68,89,62,82.75,4
ALU5580,46,65,49,37,44,26,35,75,47.12,2
ALU5581,29,7,10,8,8,0,6,0,8.5,1
ALU5582,31,48,59,60,43,40,20,59,45.0,2
ALU5583,93,97,74,76,97,52,70,73,79.0,4
ALU5584,71,84,59,91,68,99,51,69,74.0,3
ALU5585,39,51,56,44,31,40,45,15,40.12,2
ALU5586,17,22,0,0,21,0,0,20,10.0,1
ALU5587,49,69,48,40,29,27,68,41,46.38,2
ALU5588,47,54,45,20,42,56,51,63,47.25,2
ALU5589,91,77,87,82,100,100,69,69,84.38,4
ALU5590,56,71,91,56,59,65,53,82,66.62,3
ALU5591,24,32,47,65,27,34,41,9,34.88,1
ALU5592,59,17,64,81,55,29,55,55,51.88,2
ALU5593,8,17,17,12,11,33,0,0,12.25,1
ALU5594,91,94,84,100,85,100,83,100,92.12,5
ALU5595,40,54,40,30,46,42,45,50,43.38,2
ALU5596,50,36,55,22,60,48,52,70,49.12,2
ALU5597,22,14,39,46,50,44,43,33,36.38,1
ALU5598,79,68,67,72,71,54,63,62,67.0,3
ALU5599,65,70,59,47,57,78,54,64,61.75,3
ALU5600,67,70,72,53,56,81,54,67,65.0,3
ALU5601,33,29,22,46,5,27,40,23,28.12,1
ALU5602,35,17,41,3,43,29,56,30,31.75,1
ALU5603,23,14,0,26,18,0,19,32,16.5,1
ALU5604,69,58,80,58,59,38,75,77,64.25,3
ALU5605,15,24,0,18,0,16,0,0,9.12,1
ALU5606,72,64,45,76,46,72,58,68,62.62,3
ALU5607,92,79,88,67,65,99,82,63,79.38,4
ALU5608,83,100,91,64,99,64,89,100,86.25,4
ALU5609,34,41,70,71,51,79,46,32,53.0,2
ALU5610,63,54,49,45,33,61,79,57,55.12,2
ALU5611,9,9,11,17,28,3,21,20,14.75,1
ALU5612,60,89,67,81,58,67,80,61,70.38,3
ALU5613,61,80,97,61,82,53,82,73,73.62,3
ALU5614,30,28,56,43,30,17,1,23,28.5,1
ALU5615,44,40,40,54,41,50,48,49,45.75,2
ALU5616,65,83,87,100,77,81,93,92,84.75,4
ALU5617,88,100,83,100,84,100,100,100,94.38,5
ALU5618,21,39,25,28,24,4,26,51,27.25,1
ALU5619,81,54,77,68,57,52,37,62,61.0,3
ALU5620,16,47,11,23,25,5,18,26,21.38,1
ALU5621,9,27,0,16,8,37,0,6,12.88,1
ALU5622,78,80,90,66,98,90,100,96,87.25,4
ALU5623,91,58,93,74,70,78,84,98,80.75,4
ALU5624,69,67,76,41,77,71,67,89,69.62,3
ALU5625,2,15,15,6,5,0,18,13,9.25,1
ALU5626,88,89,89,100,72,98,98,72,88.25,4
ALU5627,30,64,45,58,41,46,53,46,47.88,2
ALU5628,42,19,42,37,29,39,59,45,39.0,1
ALU5629,71,47,60,50,60,62,43,70,57.88,2
ALU5630,18,0,0,3,12,0,24,16,9.12,1
ALU5631,79,53,74,56,86,100,55,86,73.62,3
ALU5632,66,48,38,72,47,80,80,72,62.88,3
ALU5633,38,27,21,0,0,21,30,17,19.25,1
ALU5634,34,33,15,0,25,17,17,13,19.25,1
ALU5635,25,7,33,37,38,31,7,45,27.88,1
ALU5636,19,0,13,13,15,26,3,20,13.62,1
ALU5637,49,31,63,58,48,84,54,65,56.5,2
ALU5638,88,83,78,84,70,90,83,73,81.12,4
ALU5639,0,0,19,42,26,8,6,0,12.62,1
ALU5640,5,34,0,10,5,11,1,16,10.25,1
ALU5641,25,62,45,61,46,28,70,63,50.0,2
ALU5642,82,76,94,100,90,72,58,88,82.5,4
ALU5643,27,24,29,33,32,39,41,34,32.38,1
ALU5644,47,14,10,67,16,2,38,28,27.75,1
ALU5645,62,38,76,20,79,61,58,62,57.0,2
ALU5646,40,20,42,8,35,17,37,47,30.75,1
ALU5647,0,0,15,0,0,31,0,15,7.62,1
ALU5648,81,56,72,81,85,66,61,52,69.25,3
ALU5649,82,66,81,93,50,57,57,58,68.0,3
ALU5650,64,64,72,46,46,55,50,48,55.62,2
ALU5651,79,64,90,89,62,71,68,94,77.12,4
ALU5652,67,94,74,100,85,77,74,62,79.12,4
ALU5653,18,0,25,51,43,18,24,44,27.88,1
ALU5654,44,37,31,29,31,37,37,39,35.62,1
ALU5655,1,13,1,31,33,28,19,10,17.0,1
ALU5656,12,8,22,22,0,16,12,3,11.88,1
ALU5657,48,55,72,53,74,75,76,60,64.12,3
ALU5658,75,82,78,89,95,75,89,82,83.12,4
ALU5659,98,88,99,83,100,96,91,75,91.25,5
ALU5660,66,55,57,63,62,81,47,70,62.62,3
ALU5661,22,2,31,0,27,30,37,9,19.75,1
ALU5662,16,0,3,0,7,0,22,0,6.0,1
ALU5663,59,73,65,72,78,86,84,59,72.0,3
ALU5664,53,51,54,62,55,39,77,50,55.12,2
ALU5665,53,57,70,40,58,46,68,68,57.5,2
ALU5666,68,73,61,84,86,82,74,98,78.25,4
ALU5667,74,60,80,69,70,53,62,64,66.5,3
ALU5668,71,76,60,91,97,63,73,84,76.88,4
ALU5669,4,0,7,27,12,10,13,9,10.25,1
ALU5670,51,95,55,96,94,63,83,42,72.38,3
ALU5671,78,69,50,92,93,57,93,86,77.25,4
ALU5672,19,25,35,25,29,39,14,30,27.0,1
ALU5673,63,51,60,66,64,77,73,40,61.75,3
ALU5674,23,22,16,75,24,46,29,56,36.38,1
ALU5675,92,91,85,100,92,77,84,99,90.0,5
ALU5676,6,6,13,9,0,14,12,0,7.5,1
ALU5677,73,50,52,54,70,49,66,64,59.75,2
ALU5678,24,15,17,9,16,0,5,62,18.5,1
ALU5679,50,58,64,47,72,57,71,69,61.0,3
ALU5680,8,26,13,51,0,0,1,30,16.12,1
ALU5681,26,57,19,34,23,10,35,18,27.75,1
ALU5682,40,36,41,26,45,27,36,43,36.75,1
ALU5683,57,93,78,85,96,90,89,100,86.0,4
ALU5684,37,24,11,46,29,28,19,32,28.25,1
ALU5685,25,28,13,9,28,0,11,32,18.25,1
ALU5686,78,83,65,58,77,85,49,70,70.62,3
ALU5687,43,53,37,56,62,40,33,56,47.5,2
ALU5688,91,86,96,98,91,71,86,85,88.0,4
ALU5689,11,11,32,10,4,0,7,26,12.62,1
ALU5690,65,51,63,52,62,51,59,61,58.0,2
ALU5691,16,24,26,34,25,23,16,50,26.75,1
ALU5692,34,0,10,0,0,34,15,15,13.5,1
ALU5693,50,57,79,56,56,64,52,72,60.75,3
ALU5694,70,75,79,56,78,53,52,33,62.0,3
ALU5695,73,74,70,86,70,81,69,89,76.5,4
ALU5696,27,46,26,25,31,34,33,16,29.75,1
ALU5697,46,67,49,55,23,22,23,36,40.12,2
ALU5698,48,38,43,62,28,34,42,24,39.88,1
ALU5699,100,96,87,84,98,84,80,73,87.75,4
ALU5700,34,26,36,89,26,29,14,44,37.25,1
ALU5701,22,19,42,57,20,24,46,20,31.25,1
ALU5702,37,22,27,41,49,24,45,16,32.62,1
ALU5703,73,68,86,52,48,77,62,34,62.5,3
ALU5704,41,30,9,17,14,27,25,43,25.75,1
ALU5705,96,100,77,100,87,94,80,82,89.5,4
ALU5706,36,43,31,32,20,27,46,28,32.88,1
ALU5707,92,74,100,59,77,97,87,98,85.5,4
ALU5708,25,26,7,0,13,12,3,22,13.5,1
ALU5709,59,59,51,66,57,78,52,66,61.0,3
ALU5710,73,100,93,89,69,43,90,100,82.12,4
ALU5711,20,12,17,3,25,21,16,2,14.5,1
ALU5712,83,76,100,64,100,96,100,87,88.25,4
ALU5713,35,33,44,10,43,50,46,58,39.88,1
ALU5714,82,78,79,76,96,73,75,100,82.38,4
ALU5715,90,53,94,59,62,55,88,93,74.25,3
ALU5716,33,23,0,44,13,16,19,15,20.38,1
ALU5717,25,34,43,19,30,29,7,22,26.12,1
ALU5718,20,59,43,51,31,45,31,39,39.88,1
ALU5719,0,0,4,24,14,0,18,11,8.88,1
ALU5720,9,36,40,27,16,21,7,27,22.88,1
ALU5721,28,7,0,32,12,1,22,46,18.5,1
ALU5722,46,48,55,18,44,69,37,30,43.38,2
ALU5723,82,51,51,66,78,85,100,59,71.5,3
ALU5724,25,25,3,60,30,12,21,26,25.25,1
ALU5725,10,0,2,0,21,14,3,10,7.5,1
ALU5726,76,67,53,57,74,82,54,72,66.88,3
ALU5727,16,26,22,31,37,23,28,25,26.0,1
ALU5728,27,16,3,0,0,0,4,11,7.62,1
ALU5729,24,8,0,6,32,42,19,10,17.62,1
ALU5730,70,96,93,100,94,100,100,89,92.75,5
ALU5731,71,84,79,82,83,70,86,73,78.5,4
ALU5732,19,33,41,26,46,45,44,52,38.25,1
ALU5733,75,74,66,67,61,54,87,65,68.62,3
ALU5734,53,51,64,42,59,43,44,35,48.88,2
ALU5735,43,73,65,96,55,64,65,85,68.25,3
ALU5736,70,64,78,48,52,75,62,64,64.12,3
ALU5737,56,64,52,52,66,68,54,90,62.75,3
ALU5738,14,37,20,2,28,43,25,25,24.25,1
ALU5739,25,2,25,3,8,15,3,0,10.12,1
ALU5740,47,27,62,42,38,67,38,41,45.25,2
ALU5741,82,89,92,100,89,100,81,83,89.5,4
ALU5742,52,74,45,37,51,60,48,52,52.38,2
ALU5743,64,84,68,88,79,74,83,71,76.38,4
ALU5744,81,99,100,95,89,91,82,87,90.5,5
ALU5745,32,19,34,0,11,0,31,42,21.12,1
ALU5746,62,78,66,54,65,67,75,63,66.25,3
ALU5747,65,62,93,51,77,56,71,95,71.25,3
ALU5748,72,86,98,100,88,82,87,100,89.12,4
ALU5749,80,100,80,100,92,93,94,92,91.38,5
ALU5750,72,58,63,69,64,35,65,76,62.75,3
ALU5751,30,40,26,0,20,24,27,19,23.25,1
ALU5752,94,93,77,42,89,79,60,91,78.12,4
ALU5753,28,23,29,27,1,0,15,33,19.5,1
ALU5754,72,56,63,89,74,95,79,83,76.38,4
ALU5755,91,87,70,73,78,93,100,79,83.88,4
ALU5756,36,36,46,39,45,58,27,47,41.75,2
ALU5757,82,54,55,60,63,68,47,52,60.12,3
ALU5758,55,45,72,46,55,49,55,24,50.12,2
ALU5759,46,55,55,37,51,67,26,48,48.12,2
ALU5760,34,26,26,47,33,52,50,10,34.75,1
ALU5761,88,71,88,93,81,100,87,67,84.38,4
ALU5762,95,85,98,71,97,87,96,94,90.38,5
ALU5763,100,100,97,68,80,77,71,100,86.62,4
ALU5764,0,16,19,6,28,3,18,11,12.62,1
ALU5765,88,65,88,84,86,69,83,69,79.0,4
ALU5766,66,47,46,77,76,81,74,82,68.62,3
ALU5767,45,33,43,41,23,68,34,30,39.62,1
ALU5768,26,0,0,28,2,33,2,12,12.88,1
ALU5769,29,39,23,35,18,26,41,8,27.38,1
ALU5770,100,67,67,91,53,98,93,100,83.62,4
ALU5771,79,53,55,91,54,53,68,32,60.62,3
ALU5772,70,49,69,69,94,62,67,72,69.0,3
ALU5773,52,34,13,38,36,12,32,45,32.75,1
ALU5774,69,79,36,75,72,55,44,71,62.62,3
ALU5775,5,12,10,4,17,15,12,4,9.88,1
ALU5776,47,22,63,35,36,61,58,24,43.25,2
ALU5777,57,50,57,85,57,77,70,53,63.25,3
ALU5778,19,21,29,16,15,40,26,48,26.75,1
ALU5779,93,53,97,72,71,90,88,71,79.38,4
ALU5780,26,22,3,12,19,25,40,32,22.38,1
ALU5781,46,86,58,71,63,55,61,52,61.5,3
ALU5782,45,38,26,32,42,50,53,37,40.38,2
ALU5783,51,36,48,64,71,33,64,35,50.25,2
ALU5784,23,5,35,17,24,5,15,13,17.12,1
ALU5785,13,0,9,0,0,0,22,1,5.62,1
ALU5786,100,100,96,61,83,100,78,100,89.75,4
ALU5787,38,54,28,10,18,8,21,17,24.25,1
ALU5788,89,89,64,63,52,92,50,72,71.38,3
ALU5789,88,89,100,76,95,100,83,100,91.38,5
ALU5790,32,42,39,32,29,30,18,23,30.62,1
ALU5791,48,11,32,67,29,21,28,26,32.75,1
ALU5792,57,80,70,55,69,42,70,62,63.12,3
ALU5793,100,100,77,84,88,99,100,78,90.75,5
ALU5794,81,85,95,76,77,100,71,81,83.25,4
ALU5795,41,67,66,65,46,57,51,51,55.5,2
ALU5796,79,69,81,84,90,74,64,60,75.12,4
ALU5797,24,0,0,16,20,0,1,2,7.88,1
ALU5798,100,100,100,71,77,83,96,100,90.88,5
ALU5799,82,90,80,74,93,98,93,98,88.5,4
ALU5800,24,28,24,22,32,7,25,23,23.12,1
ALU5801,25,59,43,35,39,17,38,24,35.0,1
ALU5802,0,3,26,13,26,0,8,17,11.62,1
ALU5803,20,27,7,41,14,37,42,0,23.5,1
ALU5804,70,100,79,56,79,86,67,61,74.75,3
ALU5805,44,49,39,44,35,56,26,47,42.5,2
ALU5806,24,2,30,17,18,0,17,3,13.88,1
ALU5807,21,21,41,18,27,53,38,32,31.38,1
ALU5808,96,85,100,82,84,100,83,98,91.0,5
ALU5809,49,50,68,74,61,79,51,51,60.38,3
ALU5810,48,46,41,21,33,44,47,33,39.12,1
ALU5811,13,21,22,64,22,23,22,14,25.12,1
ALU5812,83,97,100,100,73,97,81,95,90.75,5
ALU5813,86,66,63,77,90,65,71,56,71.75,3
ALU5814,24,29,41,25,2,17,19,34,23.88,1
ALU5815,8,0,3,25,20,14,0,10,10.0,1
ALU5816,0,12,0,2,4,6,26,11,7.62,1
ALU5817,25,33,28,9,1,26,18,5,18.12,1
ALU5818,65,35,46,83,58,51,71,56,58.12,2
ALU5819,88,95,93,80,97,66,84,100,87.88,4
ALU5820,34,40,43,52,61,28,38,59,44.38,2
ALU5821,92,92,52,67,92,69,70,98,79.0,4
ALU5822,38,47,50,49,36,56,34,32,42.75,2
ALU5823,64,74,70,79,70,60,62,78,69.62,3
ALU5824,93,71,47,100,53,75,52,62,69.12,3
ALU5825,13,40,12,3,21,0,16,0,13.12,1
ALU5826,44,42,15,11,40,39,30,50,33.88,1
ALU5827,67,51,71,57,58,62,72,73,63.88,3
ALU5828,15,12,28,0,0,29,17,32,16.62,1
ALU5829,40,32,47,37,31,39,32,17,34.38,1
ALU5830,56,55,65,62,72,64,58,55,60.88,3
ALU5831,97,88,88,100,98,100,81,91,92.88,5
ALU5832,47,37,54,39,42,48,32,63,45.25,2
ALU5833,93,81,78,38,76,100,77,58,75.12,4
ALU5834,30,44,46,39,47,45,45,40,42.0,2
ALU5835,86,92,88,82,61,68,74,77,78.5,4
ALU5836,66,52,72,41,43,56,74,68,59.0,2
ALU5837,91,55,80,88,77,77,93,90,81.38,4
ALU5838,53,36,25,44,36,34,54,41,40.38,2
ALU5839,58,34,57,64,77,50,52,55,55.88,2
ALU5840,43,67,59,75,62,57,65,60,61.0,3
ALU5841,41,17,45,41,37,53,30,53,39.62,1
ALU5842,8,3,27,27,18,0,9,6,12.25,1
ALU5843,6,7,0,0,0,17,17,10,7.12,1
ALU5844,0,29,0,0,0,8,0,3,5.0,1
ALU5845,78,67,72,77,76,100,74,54,74.75,3
ALU5846,20,26,41,8,16,20,31,0,20.25,1
ALU5847,0,32,21,24,36,41,14,3,21.38,1
ALU5848,78,93,65,65,77,58,82,68,73.25,3
ALU5849,56,45,40,25,21,26,31,40,35.5,1
ALU5850,56,66,43,66,37,56,48,41,51.62,2
ALU5851,17,32,19,21,7,28,22,0,18.25,1
ALU5852,90,73,100,71,89,87,89,100,87.38,4
ALU5853,77,87,100,70,83,84,85,85,83.88,4
ALU5854,83,95,77,96,86,80,71,79,83.38,4
ALU5855,41,27,39,45,31,53,8,45,36.12,1
ALU5856,65,64,66,95,71,71,56,58,68.25,3
ALU5857,34,5,0,33,17,14,12,32,18.38,1
ALU5858,0,17,18,0,17,20,11,10,11.62,1
ALU5859,13,5,35,32,14,9,32,4,18.0,1
ALU5860,56,52,52,85,43,67,50,53,57.25,2
ALU5861,64,26,36,13,27,83,38,46,41.62,2
ALU5862,55,50,48,52,50,21,55,58,48.62,2
ALU5863,2,0,6,0,0,0,8,0,2.0,1
ALU5864,40,46,29,38,33,29,46,32,36.62,1
ALU5865,70,52,64,54,62,56,66,64,61.0,3
ALU5866,33,47,57,27,50,66,21,39,42.5,2
ALU5867,63,64,72,87,55,30,73,60,63.0,3
ALU5868,8,7,41,4,44,33,25,36,24.75,1
ALU5869,68,58,82,79,71,55,59,68,67.5,3
ALU5870,58,40,44,33,64,58,64,42,50.38,2
ALU5871,26,20,17,46,17,27,32,17,25.25,1
ALU5872,6,28,29,26,11,39,33,47,27.38,1
ALU5873,60,65,48,74,60,57,56,61,60.12,3
ALU5874,85,84,64,83,67,77,82,72,76.75,4
ALU5875,40,31,28,37,43,11,31,37,32.25,1
ALU5876,21,44,34,29,27,62,11,3,28.88,1
ALU5877,78,76,78,100,76,87,81,80,82.0,4
ALU5878,59,71,79,49,66,71,47,68,63.75,3
ALU5879,38,42,34,0,55,61,43,51,40.5,2
ALU5880,50,54,19,34,47,47,48,46,43.12,2
ALU5881,46,20,21,1,16,29,13,12,19.75,1
ALU5882,53,67,81,78,65,72,84,74,71.75,3
ALU5883,34,37,37,34,41,15,30,32,32.5,1
ALU5884,94,100,78,100,91,100,97,80,92.5,5
ALU5885,41,35,28,48,61,79,45,37,46.75,2
ALU5886,59,22,63,48,45,74,60,44,51.88,2
ALU5887,32,41,46,58,70,78,51,51,53.38,2
ALU5888,82,100,100,100,80,100,72,79,89.12,4
ALU5889,85,74,84,80,85,58,82,81,78.62,4
ALU5890,42,46,36,65,43,37,27,44,42.5,2
ALU5891,61,53,83,88,72,56,59,82,69.25,3
ALU5892,62,58,46,54,37,100,51,58,58.25,2
ALU5893,58,33,31,47,71,52,43,44,47.38,2
ALU5894,24,9,11,15,25,1,18,15,14.75,1
ALU5895,38,40,55,69,56,30,41,41,46.25,2
ALU5896,31,33,40,10,13,28,28,12,24.38,1
ALU5897,83,95,82,74,89,66,79,84,81.5,4
ALU5898,42,43,12,30,33,63,40,41,38.0,1
ALU5899,100,66,72,70,80,100,80,100,83.5,4
ALU5900,26,52,40,42,65,57,37,55,46.75,2
ALU5901,62,58,46,82,63,46,48,100,63.12,3
ALU5902,36,30,57,65,53,34,48,58,47.62,2
ALU5903,41,16,39,9,22,21,28,0,22.0,1
ALU5904,34,35,48,53,30,40,38,44,40.25,2
ALU5905,21,21,0,51,15,0,8,29,18.12,1
ALU5906,60,62,52,66,61,60,60,57,59.75,2
ALU5907,37,36,39,70,46,44,30,24,40.75,2
ALU5908,65,88,79,90,85,86,54,49,74.5,3
ALU5909,40,0,43,19,20,56,12,23,26.62,1
ALU5910,29,18,14,23,14,0,7,5,13.75,1
ALU5911,61,15,60,51,35,53,70,38,47.88,2
ALU5912,88,74,100,74,81,77,100,83,84.62,4
ALU5913,71,76,64,21,79,75,91,89,70.75,3
ALU5914,40,23,38,27,41,44,28,54,36.88,1
ALU5915,48,30,47,12,61,59,72,43,46.5,2
ALU5916,2,48,13,0,15,0,4,6,11.0,1
ALU5917,94,73,89,62,84,100,100,100,87.75,4
ALU5918,57,89,75,80,49,65,70,66,68.88,3
ALU5919,35,28,12,9,16,51,18,35,25.5,1
ALU5920,59,49,51,67,48,81,77,74,63.25,3
ALU5921,17,23,18,28,25,18,34,4,20.88,1
ALU5922,100,100,100,100,100,100,79,100,97.38,5
ALU5923,20,3,47,0,21,34,24,15,20.5,1
ALU5924,70,55,47,83,72,83,40,31,60.12,3
ALU5925,47,39,19,34,21,46,22,10,29.75,1
ALU5926,82,73,42,84,63,52,64,56,64.5,3
ALU5927,86,91,61,100,82,79,70,93,82.75,4
ALU5928,62,73,44,79,67,44,84,63,64.5,3
ALU5929,62,87,54,39,67,52,44,56,57.62,2
ALU5930,72,88,82,97,85,78,82,100,85.5,4
ALU5931,17,15,17,0,8,20,21,1,12.38,1
ALU5932,37,39,31,33,32,31,18,29,31.25,1
ALU5933,27,25,32,18,30,24,16,27,24.88,1
ALU5934,100,100,95,94,96,100,100,93,97.25,5
ALU5935,27,43,27,12,30,53,56,44,36.5,1
ALU5936,87,82,50,45,69,75,65,78,68.88,3
ALU5937,75,80,73,58,51,77,76,55,68.12,3
ALU5938,23,30,43,20,20,33,42,0,26.38,1
ALU5939,25,34,56,18,17,55,21,32,32.25,1
ALU5940,35,15,41,56,0,27,39,4,27.12,1
ALU5941,57,33,59,49,64,30,36,46,46.75,2
ALU5942,27,38,31,33,18,29,9,36,27.62,1
ALU5943,8,28,10,0,0,0,6,22,9.25,1
ALU5944,84,55,85,59,100,78,81,82,78.0,4
ALU5945,100,83,90,91,80,98,80,100,90.25,5
ALU5946,32,36,43,68,21,28,31,16,34.38,1
ALU5947,35,22,29,39,33,32,32,55,34.62,1
ALU5948,20,0,3,25,0,1,8,0,7.12,1
ALU5949,67,73,52,88,59,59,78,66,67.75,3
ALU5950,90,100,84,89,70,62,91,81,83.38,4
ALU5951,9,0,6,22,16,33,17,37,17.5,1
ALU5952,17,16,19,1,35,39,12,4,17.88,1
ALU5953,90,83,82,72,60,90,92,100,83.62,4
ALU5954,53,72,67,53,68,74,59,30,59.5,2
ALU5955,7,13,18,14,24,2,1,7,10.75,1
ALU5956,63,87,58,35,54,63,63,69,61.5,3
ALU5957,22,33,38,23,36,21,10,47,28.75,1
ALU5958,34,57,32,45,36,36,32,18,36.25,1
ALU5959,75,64,50,61,57,73,67,46,61.62,3
ALU5960,78,78,84,61,90,57,68,96,76.5,4
ALU5961,53,22,44,26,41,43,45,44,39.75,1
ALU5962,100,100,100,85,85,82,100,63,89.38,4
ALU5963,33,39,41,0,26,45,61,34,34.88,1
ALU5964,75,79,55,61,79,70,68,64,68.88,3
ALU5965,55,43,47,65,50,53,45,64,52.75,2
ALU5966,100,94,96,91,91,96,77,80,90.62,5
ALU5967,93,92,92,94,92,67,93,84,88.38,4
ALU5968,15,0,11,0,4,8,0,9,5.88,1
ALU5969,95,75,69,81,55,79,84,100,79.75,4
ALU5970,86,78,66,77,78,96,82,92,81.88,4
ALU5971,66,86,81,84,74,100,68,85,80.5,4
ALU5972,25,51,3,43,24,23,17,25,26.38,1
ALU5973,92,82,73,94,92,83,89,80,85.62,4
ALU5974,79,96,81,70,81,59,80,68,76.75,4
ALU5975,32,6,44,20,37,35,45,43,32.75,1
ALU5976,88,100,98,100,94,86,100,85,93.88,5
ALU5977,0,18,21,3,0,29,15,0,10.75,1
ALU5978,18,17,22,0,5,15,15,16,13.5,1
ALU5979,56,50,43,49,64,41,72,53,53.5,2
ALU5980,51,40,49,81,48,36,26,75,50.75,2
ALU5981,51,50,51,46,66,65,44,75,56.0,2
ALU5982,0,35,13,0,0,0,15,0,7.88,1
ALU5983,99,76,83,75,98,100,100,100,91.38,5
ALU5984,28,0,4,26,11,18,17,0,13.0,1
ALU5985,31,7,18,23,14,16,20,23,19.0,1
ALU5986,0,0,25,22,12,15,0,0,9.25,1
ALU5987,64,56,63,84,58,82,62,36,63.12,3
ALU5988,82,100,79,61,81,71,100,72,80.75,4
ALU5989,59,55,66,51,65,55,73,85,63.62,3
ALU5990,74,58,98,71,85,100,79,85,81.25,4
ALU5991,13,10,13,7,17,0,18,11,11.12,1
ALU5992,63,52,34,62,52,63,57,67,56.25,2
ALU5993,45,61,35,37,64,64,52,43,50.12,2
ALU5994,49,43,38,37,42,49,61,69,48.5,2
ALU5995,16,7,28,28,0,21,0,8,13.5,1
ALU5996,72,64,81,76,52,62,66,22,61.88,3
ALU5997,62,51,42,55,50,77,51,72,57.5,2
ALU5998,61,67,66,35,73,67,59,32,57.5,2
ALU5999,48,40,49,70,49,34,35,44,46.12,2
ALU6000,7,0,19,21,11,31,10,28,15.88,1
ALU6001,62,54,51,60,85,73,75,30,61.25,3
ALU6002,18,31,17,5,35,22,18,18,20.5,1
ALU6003,83,96,66,72,72,84,85,81,79.88,4
ALU6004,52,53,75,44,59,52,63,73,58.88,2
ALU6005,4,38,0,0,19,8,26,25,15.0,1
ALU6006,70,91,70,76,98,82,97,72,82.0,4
ALU6007,50,31,56,22,36,56,52,42,43.12,2
ALU6008,7,0,0,10,0,8,9,0,4.25,1
ALU6009,54,79,55,40,49,39,74,35,53.12,2
ALU6010,41,22,28,40,42,21,21,18,29.12,1
ALU6011,68,59,85,47,70,74,93,98,74.25,3
ALU6012,92,44,75,100,86,86,71,84,79.75,4
ALU6013,100,87,100,100,98,97,89,99,96.25,5
ALU6014,30,56,50,30,48,76,58,33,47.62,2
ALU6015,46,35,60,44,54,31,74,18,45.25,2
ALU6016,68,57,76,57,60,81,49,80,66.0,3
ALU6017,0,8,42,27,12,26,27,31,21.62,1
ALU6018,39,72,66,86,32,58,59,56,58.5,2
ALU6019,61,33,54,75,55,49,48,64,54.88,2
ALU6020,33,3,20,0,5,2,17,8,11.0,1
ALU6021,51,60,39,44,64,42,28,43,46.38,2
ALU6022,85,89,78,100,82,54,72,71,78.88,4
ALU6023,81,84,66,91,90,68,87,87,81.75,4
ALU6024,30,4,4,32,20,0,1,11,12.75,1
ALU6025,34,13,37,24,12,20,14,21,21.88,1
ALU6026,22,20,14,30,38,38,20,39,27.62,1
ALU6027,63,70,75,82,84,67,78,78,74.62,3
ALU6028,0,0,15,0,21,0,29,23,11.0,1
ALU6029,83,81,69,56,93,47,55,60,68.0,3
ALU6030,13,13,18,0,16,28,13,39,17.5,1
ALU6031,62,65,55,54,55,74,66,80,63.88,3
ALU6032,19,39,42,38,29,46,40,41,36.75,1
ALU6033,68,82,89,74,75,98,68,65,77.38,4
ALU6034,23,22,41,29,27,52,30,29,31.62,1
ALU6035,64,55,59,74,63,47,50,45,57.12,2
ALU6036,22,13,33,18,10,20,20,31,20.88,1
ALU6037,58,48,55,82,46,80,88,39,62.0,3
ALU6038,75,66,74,100,73,42,91,68,73.62,3
ALU6039,28,10,2,23,16,12,16,21,16.0,1
ALU6040,85,58,82,73,83,97,88,100,83.25,4
ALU6041,64,37,48,75,62,53,48,63,56.25,2
ALU6042,7,32,0,25,20,27,19,11,17.62,1
ALU6043,13,46,38,54,38,13,38,29,33.62,1
ALU6044,14,12,0,47,9,23,12,12,16.12,1
ALU6045,59,100,83,80,73,61,66,43,70.62,3
ALU6046,76,48,66,100,75,69,66,67,70.88,3
ALU6047,47,29,26,11,3,0,16,45,22.12,1
ALU6048,57,48,44,42,56,74,55,52,53.5,2
ALU6049,100,90,63,98,87,79,75,84,84.5,4
ALU6050,94,90,100,71,97,91,55,63,82.62,4
ALU6051,44,23,52,85,60,82,40,70,57.0,2
ALU6052,94,91,100,100,83,76,77,100,90.12,5
ALU6053,71,58,47,54,61,55,57,56,57.38,2
ALU6054,58,7,35,62,38,30,31,49,38.75,1
ALU6055,75,100,93,93,100,70,75,71,84.62,4
ALU6056,51,54,61,26,58,53,59,45,50.88,2
ALU6057,33,57,49,32,51,43,38,85,48.5,2
ALU6058,57,31,89,54,66,78,51,42,58.5,2
ALU6059,96,91,77,84,76,100,73,100,87.12,4
ALU6060,80,96,64,100,85,77,74,100,84.5,4
ALU6061,34,45,29,46,63,18,27,47,38.62,1
ALU6062,38,34,31,12,43,30,28,33,31.12,1
ALU6063,53,35,67,39,50,64,55,30,49.12,2
ALU6064,57,53,54,69,53,43,44,64,54.62,2
ALU6065,28,18,45,0,16,50,17,26,25.0,1
ALU6066,74,85,81,51,73,85,100,74,77.88,4
ALU6067,58,36,61,42,40,31,51,42,45.12,2
ALU6068,42,43,39,51,32,25,39,39,38.75,1
ALU6069,4,2,19,10,13,6,7,21,10.25,1
ALU6070,16,22,35,34,36,14,39,26,27.75,1
ALU6071,87,99,83,90,86,73,100,100,89.75,4
ALU6072,39,21,25,29,26,23,25,32,27.5,1
ALU6073,21,29,24,8,29,14,33,18,22.0,1
ALU6074,40,54,69,61,53,65,62,30,54.25,2
ALU6075,35,28,14,10,30,39,7,29,24.0,1
ALU6076,4,25,0,3,14,15,18,7,10.75,1
ALU6077,42,35,30,54,31,39,24,0,31.88,1
ALU6078,57,70,66,40,51,42,69,61,57.0,2
ALU6079,51,81,55,26,70,71,45,67,58.25,2
ALU6080,39,33,23,0,35,30,44,67,33.88,1
ALU6081,58,54,46,57,41,40,24,32,44.0,2
ALU6082,86,82,71,100,92,97,100,90,89.75,4
ALU6083,42,23,46,32,19,76,39,45,40.25,2
ALU6084,27,25,24,5,26,19,43,27,24.5,1
ALU6085,31,6,25,24,29,2,18,16,18.88,1
ALU6086,39,32,51,67,66,50,48,25,47.25,2
ALU6087,74,82,75,50,74,83,91,74,75.38,4
ALU6088,34,15,17,42,27,17,23,40,26.88,1
ALU6089,59,79,81,38,72,59,73,68,66.12,3
ALU6090,0,11,16,0,29,0,15,6,9.62,1
ALU6091,29,70,21,44,52,47,24,48,41.88,2
ALU6092,63,82,72,91,60,100,68,85,77.62,4
ALU6093,41,52,22,61,47,61,49,40,46.62,2
ALU6094,41,61,40,73,46,60,31,38,48.75,2
ALU6095,20,28,29,51,16,17,36,29,28.25,1
ALU6096,77,89,66,75,58,77,64,62,71.0,3
ALU6097,13,19,7,0,27,4,34,0,13.0,1
ALU6098,77,84,73,100,93,72,86,66,81.38,4
ALU6099,24,25,27,47,35,25,13,21,27.12,1
ALU6100,84,91,91,100,94,100,95,76,91.38,5
ALU6101,34,26,62,47,43,33,53,32,41.25,2
ALU6102,67,59,67,95,66,67,77,56,69.25,3
ALU6103,56,55,16,39,35,29,28,46,38.0,1
ALU6104,94,100,80,86,81,98,100,81,90.0,5
ALU6105,41,2,26,29,7,29,5,6,18.12,1
ALU6106,16,11,11,29,14,4,33,0,14.75,1
ALU6107,48,66,31,65,72,46,20,72,52.5,2
ALU6108,0,20,3,9,8,28,13,0,10.12,1
ALU6109,14,32,16,39,32,17,15,26,23.88,1
ALU6110,100,100,76,100,100,100,73,99,93.5,5
ALU6111,87,89,95,96,100,100,100,87,94.25,5
ALU6112,58,43,37,25,30,65,13,44,39.38,1
ALU6113,75,91,97,100,80,83,100,95,90.12,5
ALU6114,43,41,48,32,55,64,35,65,47.88,2
ALU6115,25,34,35,12,51,40,41,37,34.38,1
ALU6116,67,86,62,71,82,84,58,63,71.62,3
ALU6117,73,59,50,19,69,69,40,58,54.62,2
ALU6118,98,96,87,100,91,100,88,100,95.0,5
ALU6119,24,31,9,29,32,19,35,44,27.88,1
ALU6120,64,61,86,93,67,64,54,55,68.0,3
ALU6121,6,19,11,42,11,0,12,14,14.38,1
ALU6122,6,5,5,12,6,11,23,20,11.0,1
ALU6123,0,25,0,29,0,0,23,5,10.25,1
ALU6124,100,100,65,75,98,99,95,100,91.5,5
ALU6125,58,63,94,85,65,91,91,75,77.75,4
ALU6126,91,100,91,67,69,84,85,74,82.62,4
ALU6127,47,53,52,63,51,62,49,62,54.88,2
ALU6128,24,21,35,47,35,33,45,18,32.25,1
ALU6129,26,35,3,15,29,16,29,11,20.5,1
ALU6130,45,38,16,40,18,13,28,51,31.12,1
ALU6131,50,12,18,55,26,9,47,38,31.88,1
ALU6132,78,65,71,76,86,50,76,61,70.38,3
ALU6133,64,57,66,99,70,43,60,56,64.38,3
ALU6134,0,0,7,9,1,25,34,13,11.12,1
ALU6135,1,7,10,36,0,0,0,25,9.88,1
ALU6136,5,16,25,34,19,1,17,29,18.25,1
ALU6137,54,24,22,8,42,34,42,44,33.75,1
ALU6138,85,93,100,100,89,100,98,100,95.62,5
ALU6139,70,62,76,81,54,61,56,80,67.5,3
ALU6140,82,59,83,79,84,79,70,82,77.25,4
ALU6141,38,60,58,53,44,53,46,35,48.38,2
ALU6142,31,50,49,46,34,58,43,62,46.62,2
ALU6143,27,10,18,39,3,16,9,32,19.25,1
ALU6144,76,80,100,76,91,57,51,66,74.62,3
ALU6145,76,86,70,100,71,77,64,67,76.38,4
ALU6146,12,17,25,0,19,41,37,1,19.0,1
ALU6147,47,22,66,19,63,60,69,36,47.75,2
ALU6148,48,56,16,59,38,52,42,66,47.12,2
ALU6149,53,49,66,83,60,66,82,62,65.12,3
ALU6150,80,84,98,86,74,62,86,80,81.25,4
ALU6151,60,79,36,16,51,27,38,67,46.75,2
ALU6152,45,51,57,26,66,67,49,65,53.25,2
ALU6153,1,9,0,17,0,28,18,28,12.62,1
ALU6154,1,18,15,10,13,1,3,19,10.0,1
ALU6155,21,29,20,44,37,24,29,30,29.25,1
ALU6156,17,0,0,9,13,17,11,0,8.38,1
ALU6157,86,70,85,58,66,96,68,73,75.25,4
ALU6158,62,70,65,75,58,68,79,69,68.25,3
ALU6159,38,21,20,35,0,28,31,0,21.62,1
ALU6160,70,84,96,100,95,100,82,85,89.0,4
ALU6161,29,57,7,16,14,14,26,0,20.38,1
ALU6162,24,14,32,33,14,33,14,42,25.75,1
ALU6163,18,42,21,41,17,10,44,22,26.88,1
ALU6164,31,56,35,25,27,22,32,33,32.62,1
ALU6165,27,35,53,41,22,41,17,20,32.0,1
ALU6166,54,39,54,44,72,66,59,40,53.5,2
ALU6167,48,66,45,40,50,59,37,38,47.88,2
ALU6168,84,60,100,93,98,78,85,100,87.25,4
ALU6169,0,0,15,12,22,6,6,0,7.62,1
ALU6170,8,35,0,52,36,24,3,17,21.88,1
ALU6171,8,4,37,1,15,0,1,39,13.12,1
ALU6172,59,85,43,53,75,68,73,51,63.38,3
ALU6173,0,0,30,35,3,38,23,9,17.25,1
ALU6174,82,63,87,88,71,97,81,92,82.62,4
ALU6175,73,43,53,64,40,14,42,81,51.25,2
ALU6176,47,58,48,33,55,58,57,74,53.75,2
ALU6177,51,52,86,59,29,58,32,53,52.5,2
ALU6178,25,13,27,34,33,24,34,25,26.88,1
ALU6179,17,44,23,10,17,24,21,19,21.88,1
ALU6180,40,56,27,45,41,28,21,48,38.25,1
ALU6181,51,52,50,54,44,23,76,56,50.75,2
ALU6182,42,0,24,12,35,28,24,47,26.5,1
ALU6183,18,0,4,33,29,24,10,0,14.75,1
ALU6184,86,95,100,100,93,83,100,100,94.62,5
ALU6185,1,16,0,9,12,25,0,17,10.0,1
ALU6186,72,78,89,85,66,52,86,41,71.12,3
ALU6187,89,74,87,99,76,50,84,53,76.5,4
ALU6188,19,19,31,24,41,33,21,50,29.75,1
ALU6189,10,27,24,23,14,6,15,24,17.88,1
ALU6190,12,43,25,11,33,32,15,29,25.0,1
ALU6191,67,34,50,49,49,61,46,91,55.88,2
ALU6192,60,61,83,55,59,83,39,58,62.25,3
ALU6193,60,60,72,55,56,64,49,98,64.25,3
ALU6194,85,67,97,97,92,91,83,100,89.0,4
ALU6195,66,50,75,53,65,37,55,84,60.62,3
ALU6196,12,24,0,0,17,18,7,25,12.88,1
ALU6197,33,32,19,40,34,28,21,26,29.12,1
ALU6198,89,100,90,92,77,98,80,83,88.62,4
ALU6199,23,23,24,17,51,1,20,26,23.12,1
ALU6200,13,0,19,24,19,7,3,11,12.0,1
ALU6201,46,64,69,53,68,90,91,52,66.62,3
ALU6202,37,20,55,34,34,65,38,47,41.25,2
ALU6203,97,69,89,95,78,75,99,91,86.62,4
ALU6204,59,72,80,82,67,53,48,82,67.88,3
ALU6205,5,16,1,6,7,0,29,21,10.62,1
ALU6206,100,99,88,79,100,58,83,80,85.88,4
ALU6207,46,22,21,45,27,22,61,12,32.0,1
ALU6208,40,47,40,46,34,25,19,35,35.75,1
ALU6209,52,35,37,43,42,72,28,29,42.25,2
ALU6210,0,26,6,30,8,14,7,11,12.75,1
ALU6211,41,54,41,84,52,46,45,40,50.38,2
ALU6212,11,12,10,22,36,25,2,33,18.88,1
ALU6213,38,44,40,30,46,56,58,49,45.12,2
ALU6214,31,36,12,45,40,54,52,50,40.0,2
ALU6215,49,98,46,59,82,78,70,72,69.25,3
ALU6216,81,80,77,99,76,76,89,80,82.25,4
ALU6217,24,18,0,6,9,21,35,31,18.0,1
ALU6218,54,34,35,34,7,37,37,43,35.12,1
ALU6219,30,51,34,23,18,30,30,48,33.0,1
ALU6220,9,29,25,21,26,34,34,9,23.38,1
ALU6221,50,72,68,80,80,73,90,88,75.12,4
ALU6222,65,51,87,82,67,53,53,60,64.75,3
ALU6223,31,8,32,24,45,22,39,51,31.5,1
ALU6224,31,35,19,38,37,48,25,40,34.12,1
ALU6225,35,34,11,4,0,0,19,29,16.5,1
ALU6226,58,57,79,56,69,57,51,55,60.25,3
ALU6227,17,7,7,0,27,3,17,12,11.25,1
ALU6228,80,67,93,100,100,100,95,90,90.62,5
ALU6229,78,97,92,73,87,76,100,50,81.62,4
ALU6230,20,48,33,69,22,63,20,3,34.75,1
ALU6231,64,69,70,54,58,60,47,53,59.38,2
ALU6232,94,100,76,52,78,92,81,60,79.12,4
ALU6233,68,52,20,46,60,53,58,58,51.88,2
ALU6234,10,21,35,20,35,17,16,18,21.5,1
ALU6235,40,61,44,40,35,37,12,0,33.62,1
ALU6236,86,83,86,93,87,71,89,73,83.5,4
ALU6237,67,71,49,66,54,62,78,62,63.62,3
ALU6238,54,76,51,57,63,39,68,83,61.38,3
ALU6239,59,92,96,66,77,85,77,76,78.5,4
ALU6240,88,83,88,78,100,67,87,62,81.62,4
ALU6241,86,87,86,98,76,89,73,63,82.25,4
ALU6242,7,25,16,28,14,18,26,6,17.5,1
ALU6243,61,65,72,41,67,75,59,40,60.0,3
ALU6244,71,89,80,89,52,76,65,68,73.75,3
ALU6245,59,81,67,83,77,69,74,75,73.12,3
ALU6246,40,68,42,43,60,50,71,67,55.12,2
ALU6247,8,13,27,24,13,30,33,27,21.88,1
ALU6248,100,68,65,83,88,75,75,68,77.75,4
ALU6249,77,81,55,50,86,58,95,78,72.5,3
ALU6250,14,4,28,0,19,15,29,0,13.62,1
ALU6251,44,46,57,55,43,18,53,48,45.5,2
ALU6252,18,41,25,12,6,21,15,23,20.12,1
ALU6253,47,53,20,62,37,23,30,37,38.62,1
ALU6254,1,11,28,37,5,1,9,0,11.5,1
ALU6255,46,36,53,49,40,70,39,28,45.12,2
ALU6256,51,52,50,71,49,47,74,63,57.12,2
ALU6257,80,73,54,42,54,72,49,54,59.75,2
ALU6258,72,64,65,40,65,80,70,72,66.0,3
ALU6259,92,71,74,77,67,93,56,71,75.12,4
ALU6260,18,42,50,1,34,29,28,64,33.25,1
ALU6261,26,18,11,21,8,0,26,11,15.12,1
ALU6262,78,72,68,67,82,71,98,98,79.25,4
ALU6263,20,26,38,22,15,1,11,52,23.12,1
ALU6264,100,100,85,89,99,87,84,100,93.0,5
ALU6265,70,65,90,92,86,75,93,75,80.75,4
ALU6266,52,47,58,55,55,36,64,48,51.88,2
ALU6267,97,89,92,86,81,100,90,47,85.25,4
ALU6268,18,20,2,0,11,6,0,0,7.12,1
ALU6269,27,41,31,35,48,26,19,32,32.38,1
ALU6270,83,54,48,31,59,38,61,54,53.5,2
ALU6271,23,14,36,58,46,37,19,20,31.62,1
ALU6272,100,100,97,98,88,87,97,89,94.5,5
ALU6273,23,0,31,26,7,1,1,2,11.38,1
ALU6274,73,58,41,36,56,60,53,40,52.12,2
ALU6275,42,56,55,64,49,59,71,72,58.5,2
ALU6276,55,66,57,51,72,72,68,45,60.75,3
ALU6277,42,52,31,30,19,37,51,37,37.38,1
ALU6278,19,83,19,19,43,48,54,41,40.75,2
ALU6279,64,56,69,79,91,100,68,100,78.38,4
ALU6280,17,37,2,0,26,24,29,15,18.75,1
ALU6281,81,77,62,76,73,65,81,60,71.88,3
ALU6282,71,71,47,26,57,49,69,46,54.5,2
ALU6283,71,87,93,100,66,67,79,73,79.5,4
ALU6284,63,90,73,72,67,55,63,83,70.75,3
ALU6285,26,27,24,23,18,0,29,34,22.62,1
ALU6286,60,42,72,68,48,59,51,53,56.62,2
ALU6287,87,97,87,59,89,83,75,82,82.38,4
ALU6288,42,45,49,29,53,72,42,53,48.12,2
ALU6289,72,88,86,100,100,100,94,100,92.5,5
ALU6290,36,38,38,48,48,55,61,50,46.75,2
ALU6291,32,32,2,4,32,26,11,21,20.0,1
ALU6292,41,64,32,51,33,27,17,43,38.5,1
ALU6293,87,72,87,96,100,93,88,94,89.62,4
ALU6294,44,43,37,42,42,32,36,37,39.12,1
ALU6295,71,77,82,90,83,85,85,69,80.25,4
ALU6296,82,62,79,72,86,72,81,61,74.38,3
ALU6297,37,38,25,35,46,42,47,24,36.75,1
ALU6298,8,0,17,0,19,0,16,5,8.12,1
ALU6299,71,46,64,61,72,100,77,79,71.25,3
ALU6300,31,21,37,28,28,54,10,29,29.75,1
ALU6301,61,60,52,86,66,95,73,78,71.38,3
ALU6302,46,35,48,54,45,25,43,45,42.62,2
ALU6303,35,28,57,35,37,24,68,55,42.38,2
ALU6304,76,69,82,61,82,79,73,69,73.88,3
ALU6305,53,28,37,62,21,34,31,29,36.88,1
ALU6306,42,50,55,39,47,72,36,21,45.25,2
ALU6307,27,47,23,40,36,48,50,43,39.25,1
ALU6308,36,41,36,52,33,37,31,0,33.25,1
ALU6309,44,48,50,50,49,74,42,54,51.38,2
ALU6310,83,73,90,75,48,80,88,90,78.38,4
ALU6311,36,25,13,31,33,40,42,35,31.88,1
ALU6312,69,39,39,43,43,67,49,57,50.75,2
ALU6313,76,75,86,67,56,55,49,59,65.38,3
ALU6314,27,2,0,0,60,44,35,29,24.62,1
ALU6315,37,28,39,23,16,38,39,27,30.88,1
ALU6316,85,84,80,98,92,75,77,98,86.12,4
ALU6317,70,79,73,77,62,99,74,66,75.0,4
ALU6318,53,35,73,82,47,50,55,40,54.38,2
ALU6319,70,63,66,78,49,38,52,67,60.38,3
ALU6320,21,12,24,14,18,0,2,5,12.0,1
ALU6321,68,32,54,61,72,45,60,50,55.25,2
ALU6322,60,34,46,42,44,53,35,59,46.62,2
ALU6323,63,52,63,63,63,78,60,82,65.5,3
ALU6324,42,45,32,43,26,41,28,43,37.5,1
ALU6325,0,15,19,5,8,36,4,23,13.75,1
ALU6326,39,30,36,6,29,38,28,24,28.75,1
ALU6327,100,74,100,89,80,50,85,100,84.75,4
ALU6328,39,17,22,62,34,55,39,50,39.75,1
ALU6329,43,48,42,48,47,38,45,39,43.75,2
ALU6330,15,0,13,10,10,17,0,18,10.38,1
ALU6331,13,0,5,15,0,7,2,14,7.0,1
ALU6332,67,83,70,78,91,100,69,64,77.75,4
ALU6333,40,56,56,57,44,59,53,70,54.38,2
ALU6334,53,42,44,50,60,59,57,33,49.75,2
ALU6335,32,16,24,17,32,43,33,32,28.62,1
ALU6336,79,81,57,90,63,49,86,65,71.25,3
ALU6337,23,23,14,12,24,36,2,0,16.75,1
ALU6338,19,3,3,50,13,18,33,23,20.25,1
ALU6339,56,17,47,49,47,36,42,40,41.75,2
ALU6340,31,58,28,31,39,43,38,22,36.25,1
ALU6341,22,8,16,40,21,4,31,12,19.25,1
ALU6342,61,70,84,51,67,77,56,91,69.62,3
ALU6343,46,86,60,73,57,61,81,29,61.62,3
ALU6344,77,81,82,81,80,77,88,48,76.75,4
ALU6345,49,33,34,49,43,8,47,49,39.0,1
ALU6346,14,0,6,0,7,25,37,18,13.38,1
ALU6347,44,8,33,17,11,33,17,10,21.62,1
ALU6348,90,98,89,60,100,86,93,84,87.5,4
ALU6349,63,80,58,50,78,44,65,67,63.12,3
ALU6350,76,62,78,59,70,80,56,65,68.25,3
ALU6351,29,0,0,0,0,10,0,16,6.88,1
ALU6352,53,62,35,49,53,51,63,51,52.12,2
ALU6353,0,0,0,9,19,0,2,1,3.88,1
ALU6354,64,60,73,65,69,60,66,35,61.5,3
ALU6355,100,88,99,98,96,91,80,86,92.25,5
ALU6356,88,86,100,100,96,100,100,83,94.12,5
ALU6357,62,53,48,66,60,35,25,67,52.0,2
ALU6358,58,72,30,51,47,35,58,59,51.25,2
ALU6359,100,99,86,91,80,100,93,86,91.88,5
ALU6360,66,82,64,82,61,68,47,65,66.88,3
ALU6361,3,0,0,23,7,14,8,5,7.5,1
ALU6362,46,63,29,20,49,61,23,39,41.25,2
ALU6363,31,36,5,23,8,53,30,11,24.62,1
ALU6364,56,24,55,14,52,29,40,48,39.75,1
ALU6365,49,54,31,13,25,78,22,41,39.12,1
ALU6366,53,49,61,48,61,56,59,78,58.12,2
ALU6367,42,13,32,34,48,41,38,32,35.0,1
ALU6368,28,21,26,12,28,20,45,53,29.12,1
ALU6369,54,58,54,18,41,72,60,75,54.0,2
ALU6370,71,81,76,93,85,94,51,69,77.5,4
ALU6371,62,63,66,52,71,62,58,63,62.12,3
ALU6372,44,30,34,44,52,18,48,13,35.38,1
ALU6373,75,100,81,76,92,85,69,83,82.62,4
ALU6374,66,69,98,78,97,67,77,92,80.5,4
ALU6375,38,36,18,31,19,37,23,26,28.5,1
ALU6376,13,8,7,2,0,0,2,0,4.0,1
ALU6377,77,58,54,74,80,70,90,70,71.62,3
ALU6378,68,78,82,84,88,97,81,86,83.0,4
ALU6379,99,71,84,66,85,100,92,90,85.88,4
ALU6380,87,76,79,93,72,90,74,100,83.88,4
ALU6381,43,58,48,42,60,47,45,57,50.0,2
ALU6382,66,29,51,32,53,59,53,30,46.62,2
ALU6383,9,15,0,0,9,0,6,0,4.88,1
ALU6384,23,12,35,41,36,34,12,21,26.75,1
ALU6385,42,24,45,17,56,26,49,29,36.0,1
ALU6386,41,45,55,73,61,79,62,38,56.75,2
ALU6387,61,87,36,61,45,58,51,49,56.0,2
ALU6388,74,42,77,73,64,71,86,82,71.12,3
ALU6389,28,36,22,34,24,36,30,23,29.12,1
ALU6390,68,44,71,50,54,54,52,60,56.62,2
ALU6391,0,7,18,25,7,13,26,33,16.12,1
ALU6392,36,51,60,34,39,61,40,47,46.0,2
ALU6393,64,80,74,43,73,88,67,59,68.5,3
ALU6394,64,57,80,66,60,78,53,67,65.62,3
ALU6395,94,73,99,100,97,97,94,88,92.75,5
ALU6396,34,39,24,38,48,25,41,37,35.75,1
ALU6397,46,58,52,82,48,65,44,52,55.88,2
ALU6398,25,30,24,30,27,20,18,30,25.5,1
ALU6399,61,51,69,41,47,71,56,45,55.12,2
ALU6400,100,75,80,77,74,92,94,77,83.62,4
ALU6401,68,54,66,52,65,84,73,44,63.25,3
ALU6402,76,84,89,75,77,91,85,57,79.25,4
ALU6403,38,31,10,4,12,21,28,35,22.38,1
ALU6404,69,88,99,42,74,97,65,97,78.88,4
ALU6405,7,18,0,0,3,0,3,12,5.38,1
ALU6406,78,73,69,85,74,76,93,98,80.75,4
ALU6407,23,58,32,45,47,31,38,58,41.5,2
ALU6408,30,28,17,22,37,12,44,26,27.0,1
ALU6409,42,49,69,40,60,60,69,40,53.62,2
ALU6410,89,69,86,100,76,100,74,99,86.62,4
ALU6411,9,6,0,0,6,0,15,28,8.0,1
ALU6412,30,44,39,33,40,30,33,27,34.5,1
ALU6413,78,93,88,99,98,79,76,100,88.88,4
ALU6414,38,64,35,27,33,45,70,35,43.38,2
ALU6415,31,30,6,0,10,35,4,26,17.75,1
ALU6416,41,47,41,73,45,39,41,38,45.62,2
ALU6417,47,33,33,54,32,53,36,43,41.38,2
ALU6418,93,77,75,100,100,88,87,72,86.5,4
ALU6419,79,88,60,71,78,64,49,87,72.0,3
ALU6420,64,64,52,61,47,53,38,27,50.75,2
ALU6421,82,77,100,49,91,75,94,80,81.0,4
ALU6422,42,57,52,39,45,43,30,65,46.62,2
ALU6423,27,19,0,27,0,7,21,41,17.75,1
ALU6424,26,11,35,3,29,19,35,21,22.38,1
ALU6425,16,52,53,38,39,82,25,65,46.25,2
ALU6426,17,3,35,24,25,38,16,37,24.38,1
ALU6427,91,53,78,76,81,93,94,95,82.62,4
ALU6428,47,71,73,74,80,80,57,67,68.62,3
ALU6429,42,33,35,36,34,36,10,48,34.25,1
ALU6430,51,56,51,63,59,67,46,55,56.0,2
ALU6431,73,100,76,62,82,93,100,76,82.75,4
ALU6432,87,95,89,74,70,100,100,59,84.25,4
ALU6433,71,86,74,91,88,54,77,78,77.38,4
ALU6434,40,57,42,57,50,63,35,42,48.25,2
ALU6435,65,68,89,79,73,62,64,76,72.0,3
ALU6436,66,69,43,57,45,47,73,51,56.38,2
ALU6437,53,60,40,60,40,69,79,47,56.0,2
ALU6438,10,20,19,31,24,0,5,15,15.5,1
ALU6439,7,6,15,21,24,42,20,5,17.5,1
ALU6440,64,29,36,54,70,64,49,29,49.38,2
ALU6441,43,21,22,19,48,34,44,22,31.62,1
ALU6442,18,11,0,31,0,19,0,3,10.25,1
ALU6443,74,63,62,49,68,87,81,80,70.5,3
ALU6444,10,12,38,4,10,11,0,5,11.25,1
ALU6445,46,55,54,49,68,70,69,64,59.38,2
ALU6446,51,59,42,20,67,38,43,43,45.38,2
ALU6447,85,77,100,98,81,100,88,91,90.0,5
ALU6448,30,51,59,44,43,57,40,24,43.5,2
ALU6449,21,1,19,11,24,32,34,1,17.88,1
ALU6450,47,31,44,51,37,57,66,16,43.62,2
ALU6451,92,78,94,94,69,85,75,64,81.38,4
ALU6452,100,100,100,100,99,80,84,76,92.38,5
ALU6453,49,21,45,23,64,43,59,52,44.5,2
ALU6454,39,35,13,65,17,42,0,38,31.12,1
ALU6455,80,98,86,82,87,97,92,100,90.25,5
ALU6456,40,56,42,32,27,47,10,3,32.12,1
ALU6457,60,52,63,63,75,67,87,71,67.25,3
ALU6458,44,32,36,43,45,40,74,33,43.38,2
ALU6459,2,0,5,18,0,17,9,33,10.5,1
ALU6460,26,53,34,59,23,27,31,33,35.75,1
ALU6461,33,15,19,42,42,48,29,51,34.88,1
ALU6462,68,61,66,62,71,56,59,100,67.88,3
ALU6463,82,62,100,88,79,84,80,96,83.88,4
ALU6464,14,42,45,18,34,12,31,54,31.25,1
ALU6465,65,95,68,90,81,79,85,73,79.5,4
ALU6466,21,22,25,20,0,19,11,28,18.25,1
ALU6467,47,29,62,47,32,78,56,52,50.38,2
ALU6468,7,20,18,35,14,10,3,19,15.75,1
ALU6469,100,63,94,100,100,85,77,96,89.38,4
ALU6470,62,74,62,100,76,33,62,71,67.5,3
ALU6471,56,67,59,49,39,67,73,43,56.62,2
ALU6472,71,83,89,77,63,79,80,60,75.25,4
ALU6473,79,71,48,59,69,63,65,79,66.62,3
ALU6474,100,92,79,100,99,100,96,94,95.0,5
ALU6475,76,39,72,69,67,77,68,82,68.75,3
ALU6476,96,96,78,100,83,81,89,81,88.0,4
ALU6477,45,53,61,70,59,37,67,46,54.75,2
ALU6478,35,1,6,14,26,0,24,10,14.5,1
ALU6479,55,28,55,53,59,45,50,29,46.75,2
ALU6480,24,39,20,25,6,22,10,11,19.62,1
ALU6481,57,76,52,80,67,26,70,53,60.12,3
ALU6482,45,59,45,45,44,46,52,48,48.0,2
ALU6483,77,50,52,51,55,73,57,57,59.0,2
ALU6484,11,0,5,22,0,0,0,24,7.75,1
ALU6485,37,34,10,1,22,19,42,14,22.38,1
ALU6486,51,54,46,53,54,34,35,60,48.38,2
ALU6487,82,84,99,100,70,49,93,94,83.88,4
ALU6488,33,56,25,47,32,27,61,39,40.0,2
ALU6489,44,55,37,32,38,27,39,53,40.62,2
ALU6490,63,71,75,51,79,80,68,64,68.88,3
ALU6491,48,59,34,80,50,66,69,52,57.25,2
ALU6492,43,32,54,28,28,16,17,26,30.5,1
ALU6493,36,52,54,25,50,61,21,44,42.88,2
ALU6494,25,11,6,45,24,35,20,0,20.75,1
ALU6495,94,98,66,100,100,88,92,89,90.88,5
ALU6496,10,2,17,0,15,21,17,26,13.5,1
ALU6497,52,58,25,83,57,24,55,38,49.0,2
ALU6498,0,15,18,0,27,0,0,8,8.5,1
ALU6499,27,14,29,39,29,26,23,31,27.25,1
ALU6500,77,76,76,100,79,54,93,76,78.88,4
ALU6501,22,10,16,39,28,19,19,0,19.12,1
ALU6502,0,34,31,16,20,18,36,32,23.38,1
ALU6503,56,72,56,21,48,18,44,84,49.88,2
ALU6504,13,16,13,42,17,8,0,27,17.0,1
ALU6505,5,35,27,28,17,25,12,9,19.75,1
ALU6506,84,79,65,52,91,46,80,65,70.25,3
ALU6507,78,85,89,100,59,85,69,95,82.5,4
ALU6508,74,100,84,88,89,100,92,89,89.5,4
ALU6509,73,81,85,76,92,78,80,94,82.38,4
ALU6510,77,67,64,56,55,77,81,52,66.12,3
ALU6511,12,23,0,12,14,0,15,16,11.5,1
ALU6512,69,85,86,89,81,89,75,80,81.75,4
ALU6513,72,69,59,72,98,88,77,100,79.38,4
ALU6514,71,44,65,79,73,80,86,88,73.25,3
ALU6515,46,48,45,100,52,53,51,53,56.0,2
ALU6516,17,0,2,34,20,31,20,52,22.0,1
ALU6517,63,66,67,98,79,80,72,77,75.25,4
ALU6518,81,57,73,53,86,55,78,91,71.75,3
ALU6519,100,84,89,68,92,91,87,100,88.88,4
ALU6520,6,31,15,45,11,18,15,29,21.25,1
ALU6521,26,40,14,46,23,7,31,66,31.62,1
ALU6522,15,31,24,54,18,22,36,0,25.0,1
ALU6523,73,85,72,74,71,75,83,56,73.62,3
ALU6524,18,31,2,44,16,14,32,38,24.38,1
ALU6525,6,0,8,0,5,16,19,23,9.62,1
ALU6526,100,95,79,100,83,100,94,96,93.38,5
ALU6527,2,0,18,25,7,0,11,22,10.62,1
ALU6528,72,87,75,67,70,82,100,64,77.12,4
ALU6529,30,6,68,56,49,51,35,65,45.0,2
ALU6530,91,78,92,77,77,65,67,100,80.88,4
ALU6531,38,63,53,53,59,29,24,78,49.62,2
ALU6532,78,69,93,81,90,72,100,64,80.88,4
ALU6533,100,100,63,100,69,96,100,100,91.0,5
ALU6534,8,13,17,0,3,0,0,5,5.75,1
ALU6535,13,17,1,1,28,0,27,45,16.5,1
ALU6536,48,38,28,12,19,46,39,31,32.62,1
ALU6537,67,59,56,58,87,47,72,52,62.25,3
ALU6538,77,87,77,88,90,82,90,93,85.5,4
ALU6539,43,46,44,57,51,57,37,22,44.62,2
ALU6540,48,59,60,46,62,69,61,74,59.88,2
ALU6541,34,11,21,28,32,28,26,16,24.5,1
ALU6542,83,58,77,88,88,67,78,74,76.62,4
ALU6543,100,87,72,75,91,100,91,95,88.88,4
ALU6544,41,23,57,30,24,29,44,24,34.0,1
ALU6545,45,38,52,48,35,55,61,72,50.75,2
ALU6546,3,25,18,14,20,33,23,8,18.0,1
ALU6547,54,37,51,45,55,37,66,62,50.88,2
ALU6548,41,47,39,47,41,56,53,58,47.75,2
ALU6549,19,35,19,18,12,20,31,18,21.5,1
ALU6550,56,58,48,78,44,58,30,33,50.62,2
ALU6551,33,53,50,35,25,61,35,3,36.88,1
ALU6552,53,43,76,76,52,78,60,67,63.12,3
ALU6553,56,69,75,83,41,70,64,43,62.62,3
ALU6554,13,0,0,0,0,0,10,33,7.0,1
ALU6555,66,69,67,68,61,67,84,64,68.25,3
ALU6556,47,66,73,94,71,79,86,86,75.25,4
ALU6557,42,29,33,41,28,18,25,39,31.88,1
ALU6558,19,4,9,7,4,6,13,31,11.62,1
ALU6559,77,65,47,86,95,61,64,78,71.62,3
ALU6560,84,76,100,100,99,73,100,97,91.12,5
ALU6561,15,39,4,26,32,30,35,10,23.88,1
ALU6562,39,31,15,29,47,45,22,44,34.0,1
ALU6563,22,24,9,0,26,30,21,34,20.75,1
ALU6564,55,59,55,57,42,58,38,59,52.88,2
ALU6565,37,19,0,12,5,13,30,34,18.75,1
ALU6566,27,38,24,18,9,29,30,42,27.12,1
ALU6567,85,63,81,64,69,80,54,84,72.5,3
ALU6568,55,76,54,47,44,47,51,57,53.88,2
ALU6569,21,51,44,42,34,31,46,55,40.5,2
ALU6570,41,43,27,37,39,48,46,46,40.88,2
ALU6571,65,48,54,63,49,40,49,84,56.5,2
ALU6572,1,3,3,8,5,6,4,0,3.75,1
ALU6573,0,18,2,34,9,4,8,10,10.62,1
ALU6574,82,100,83,74,80,74,73,75,80.12,4
ALU6575,3,0,0,44,0,8,0,6,7.62,1
ALU6576,73,78,73,87,71,79,68,61,73.75,3
ALU6577,95,100,83,100,100,90,94,100,95.25,5
ALU6578,18,7,26,33,32,33,29,58,29.5,1
ALU6579,31,35,48,33,61,49,62,36,44.38,2
ALU6580,63,40,61,46,50,65,49,76,56.25,2
ALU6581,75,90,80,100,81,81,83,82,84.0,4
ALU6582,78,84,76,100,89,98,95,95,89.38,4
ALU6583,59,69,87,53,69,69,76,93,71.88,3
ALU6584,16,6,0,30,24,19,9,9,14.12,1
ALU6585,68,76,72,50,43,80,64,51,63.0,3
ALU6586,35,45,22,47,37,49,40,48,40.38,2
ALU6587,47,50,58,62,63,28,55,36,49.88,2
ALU6588,24,11,21,35,4,1,1,9,13.25,1
ALU6589,12,30,0,26,31,31,0,26,19.5,1
ALU6590,56,72,81,73,82,43,72,85,70.5,3
ALU6591,50,71,50,46,45,50,66,55,54.12,2
ALU6592,31,13,40,51,35,36,41,36,35.38,1
ALU6593,32,13,43,53,38,80,20,51,41.25,2
ALU6594,88,54,70,81,60,88,89,100,78.75,4
ALU6595,80,41,69,38,77,70,74,84,66.62,3
ALU6596,7,39,49,0,23,46,25,44,29.12,1
ALU6597,9,23,2,19,1,10,2,3,8.62,1
ALU6598,50,45,31,6,31,28,17,30,29.75,1
ALU6599,93,72,100,78,91,89,81,93,87.12,4
ALU6600,64,68,45,53,67,66,79,89,66.38,3
ALU6601,64,53,36,90,50,39,60,22,51.75,2
ALU6602,58,61,43,60,67,71,50,71,60.12,3
ALU6603,45,47,42,50,38,30,31,45,41.0,2
ALU6604,84,66,62,86,81,100,77,88,80.5,4
ALU6605,57,90,50,8,56,29,46,33,46.12,2
ALU6606,12,35,31,8,2,4,15,18,15.62,1
ALU6607,18,8,16,0,20,0,14,42,14.75,1
ALU6608,47,36,43,84,54,97,54,37,56.5,2
ALU6609,89,87,90,56,86,70,65,99,80.25,4
ALU6610,21,35,31,25,33,44,42,24,31.88,1
ALU6611,75,99,88,78,100,94,76,100,88.75,4
ALU6612,70,56,93,56,54,60,84,85,69.75,3
ALU6613,17,31,32,29,25,38,53,33,32.25,1
ALU6614,3,0,32,7,16,0,0,0,7.25,1
ALU6615,12,20,19,17,1,1,15,12,12.12,1
ALU6616,74,68,61,79,74,47,65,65,66.62,3
ALU6617,32,52,50,27,25,33,27,10,32.0,1
ALU6618,33,15,36,45,22,9,13,36,26.12,1
ALU6619,63,70,37,70,44,56,45,22,50.88,2
ALU6620,79,44,98,40,88,68,60,80,69.62,3
ALU6621,20,0,6,27,0,41,34,9,17.12,1
ALU6622,43,16,32,22,37,42,63,31,35.75,1
ALU6623,51,52,42,37,47,61,45,28,45.38,2
ALU6624,65,36,55,55,53,61,39,59,52.88,2
ALU6625,90,58,89,86,74,77,68,100,80.25,4
ALU6626,33,23,0,29,21,37,20,16,22.38,1
ALU6627,78,84,88,60,77,83,60,96,78.25,4
ALU6628,72,67,60,96,74,80,73,75,74.62,3
ALU6629,68,52,50,47,63,41,52,52,53.12,2
ALU6630,61,95,88,55,72,75,72,95,76.62,4
ALU6631,38,44,44,19,44,54,46,17,38.25,1
ALU6632,17,29,22,0,1,1,34,19,15.38,1
ALU6633,73,67,64,39,66,63,72,59,62.88,3
ALU6634,61,35,61,57,63,26,55,56,51.75,2
ALU6635,60,70,81,73,46,38,65,46,59.88,2
ALU6636,20,25,5,19,22,34,11,46,22.75,1
ALU6637,89,85,99,66,100,100,88,63,86.25,4
ALU6638,48,62,76,54,42,86,65,66,62.38,3
ALU6639,0,0,18,14,11,8,11,5,8.38,1
ALU6640,32,21,37,50,39,31,65,51,40.75,2
ALU6641,76,86,59,55,87,86,55,63,70.88,3
ALU6642,90,66,100,73,79,46,67,64,73.12,3
ALU6643,49,40,38,77,57,43,41,71,52.0,2
ALU6644,87,88,100,64,86,74,85,100,85.5,4
ALU6645,40,23,33,28,49,27,21,13,29.25,1
ALU6646,26,48,66,50,34,62,27,44,44.62,2
ALU6647,91,85,82,68,89,47,81,96,79.88,4
ALU6648,85,88,66,96,98,90,97,84,88.0,4
ALU6649,72,56,66,42,81,71,75,66,66.12,3
ALU6650,77,85,64,93,79,81,73,92,80.5,4
ALU6651,4,29,45,13,0,17,8,20,17.0,1
ALU6652,84,74,90,57,79,90,73,76,77.88,4
ALU6653,50,47,43,46,51,36,18,41,41.5,2
ALU6654,29,20,30,4,13,0,26,17,17.38,1
ALU6655,21,37,18,23,29,13,11,21,21.62,1
ALU6656,29,44,41,53,39,66,50,32,44.25,2
ALU6657,10,27,28,10,26,10,49,17,22.12,1
ALU6658,47,39,57,24,46,35,38,37,40.38,2
ALU6659,7,35,3,37,19,6,24,0,16.38,1
ALU6660,28,35,22,0,52,40,38,9,28.0,1
ALU6661,69,63,52,82,66,53,50,54,61.12,3
ALU6662,28,39,36,18,46,54,49,44,39.25,1
ALU6663,51,59,18,23,35,41,39,21,35.88,1
ALU6664,69,81,39,77,75,66,64,96,70.88,3
ALU6665,73,86,63,96,73,51,55,74,71.38,3
ALU6666,70,71,86,78,62,60,60,63,68.75,3
ALU6667,27,49,34,35,42,16,23,24,31.25,1
ALU6668,76,62,82,64,81,53,78,85,72.62,3
ALU6669,12,0,11,46,5,26,0,42,17.75,1
ALU6670,0,17,15,30,25,47,39,3,22.0,1
ALU6671,33,53,55,57,34,0,55,47,41.75,2
ALU6672,64,100,96,70,69,55,90,81,78.12,4
ALU6673,29,25,38,0,24,30,21,16,22.88,1
ALU6674,0,11,13,29,19,6,0,14,11.5,1
ALU6675,11,24,23,23,22,23,26,0,19.0,1
ALU6676,84,78,86,85,85,81,73,78,81.25,4
ALU6677,59,69,60,51,65,81,71,48,63.0,3
ALU6678,30,26,22,21,16,36,35,23,26.12,1
ALU6679,61,70,68,44,60,68,49,55,59.38,2
ALU6680,40,63,36,53,47,67,37,73,52.0,2
ALU6681,63,76,81,43,84,46,66,64,65.38,3
ALU6682,0,22,22,39,22,34,7,12,19.75,1
ALU6683,85,100,67,100,100,92,86,83,89.12,4
ALU6684,29,40,26,22,31,27,38,3,27.0,1
ALU6685,57,71,56,38,66,62,59,79,61.0,3
ALU6686,9,0,0,4,3,1,0,0,2.12,1
ALU6687,50,37,31,44,25,25,58,65,41.88,2
ALU6688,31,38,29,44,49,15,30,49,35.62,1
ALU6689,44,42,50,82,54,86,51,55,58.0,2
ALU6690,13,7,10,26,17,27,24,7,16.38,1
ALU6691,62,73,85,43,92,76,69,70,71.25,3
ALU6692,17,25,21,2,23,2,15,19,15.5,1
ALU6693,78,39,69,73,65,74,90,65,69.12,3
ALU6694,77,75,77,69,78,71,68,71,73.25,3
ALU6695,36,49,62,82,42,53,70,63,57.12,2
ALU6696,53,71,72,54,53,100,73,92,71.0,3
ALU6697,66,80,56,81,49,93,66,66,69.62,3
ALU6698,45,67,25,25,49,1,30,52,36.75,1
ALU6699,61,87,80,82,74,83,75,59,75.12,4
ALU6700,36,13,46,16,39,34,52,36,34.0,1
ALU6701,69,51,53,66,53,61,66,57,59.5,2
ALU6702,90,81,63,91,56,63,55,52,68.88,3
ALU6703,42,46,36,43,47,39,27,35,39.38,1
ALU6704,37,47,25,66,23,15,36,44,36.62,1
ALU6705,25,44,38,33,52,61,54,8,39.38,1
ALU6706,99,73,61,80,87,93,87,75,81.88,4
ALU6707,82,100,85,100,88,100,87,82,90.5,5
ALU6708,44,54,56,36,58,42,43,57,48.75,2
ALU6709,61,49,51,65,50,68,54,77,59.38,2
ALU6710,100,100,75,98,100,100,58,96,90.88,5
ALU6711,35,0,2,30,18,3,33,27,18.5,1
ALU6712,27,0,9,46,33,10,0,42,20.88,1
ALU6713,78,80,57,53,78,73,65,63,68.38,3
ALU6714,79,92,76,84,77,96,57,45,75.75,4
ALU6715,71,88,66,58,82,72,75,91,75.38,4
ALU6716,57,22,40,29,53,71,49,28,43.62,2
ALU6717,6,12,4,9,9,0,0,16,7.0,1
ALU6718,59,40,33,64,48,54,48,24,46.25,2
ALU6719,38,17,30,35,30,15,36,15,27.0,1
ALU6720,37,52,23,31,23,24,26,39,31.88,1
ALU6721,92,58,68,82,78,86,100,68,79.0,4
ALU6722,34,16,27,21,0,8,0,0,13.25,1
ALU6723,77,97,68,86,88,56,58,60,73.75,3
ALU6724,35,49,62,33,59,31,39,59,45.88,2
ALU6725,40,77,54,41,67,69,55,53,57.0,2
ALU6726,35,21,0,9,28,19,14,8,16.75,1
ALU6727,30,41,28,21,27,46,46,26,33.12,1
ALU6728,24,18,13,24,10,4,0,0,11.62,1
ALU6729,84,100,100,100,92,75,75,87,89.12,4
ALU6730,93,71,87,87,78,65,69,94,80.5,4
ALU6731,39,26,47,13,41,35,58,35,36.75,1
ALU6732,13,39,40,13,15,24,34,0,22.25,1
ALU6733,86,100,66,89,100,71,88,99,87.38,4
ALU6734,30,39,39,10,27,51,29,37,32.75,1
ALU6735,25,11,23,20,36,27,17,22,22.62,1
ALU6736,55,32,59,64,60,42,60,60,54.0,2
ALU6737,96,91,70,100,91,86,91,65,86.25,4
ALU6738,2,0,0,38,10,0,0,3,6.62,1
ALU6739,19,4,24,4,41,24,8,29,19.12,1
ALU6740,83,89,100,87,63,76,86,88,84.0,4
ALU6741,40,8,43,18,23,52,29,19,29.0,1
ALU6742,17,20,7,2,16,0,2,31,11.88,1
ALU6743,36,53,40,58,58,37,61,62,50.62,2
ALU6744,77,73,92,81,91,78,61,91,80.5,4
ALU6745,48,22,79,58,41,49,48,45,48.75,2
ALU6746,100,81,100,100,83,96,85,58,87.88,4
ALU6747,76,53,57,68,52,79,41,61,60.88,3
ALU6748,2,0,46,2,2,18,5,11,10.75,1
ALU6749,100,89,100,75,100,80,79,91,89.25,4
ALU6750,41,24,32,78,46,57,38,40,44.5,2
ALU6751,43,28,54,47,39,40,35,33,39.88,1
ALU6752,43,58,44,62,50,76,60,68,57.62,2
ALU6753,8,19,24,29,28,33,8,20,21.12,1
ALU6754,0,19,21,41,29,29,19,9,20.88,1
ALU6755,0,0,4,2,15,0,10,26,7.12,1
ALU6756,66,28,45,14,52,38,40,22,38.12,1
ALU6757,82,78,80,85,62,66,65,76,74.25,3
ALU6758,47,66,69,34,76,67,51,25,54.38,2
ALU6759,99,100,67,99,94,83,100,91,91.62,5
ALU6760,32,55,34,55,32,45,37,32,40.25,2
ALU6761,36,24,26,0,34,42,41,4,25.88,1
ALU6762,31,17,10,3,21,10,7,22,15.12,1
ALU6763,16,4,10,35,18,23,13,10,16.12,1
ALU6764,21,11,0,21,32,27,15,45,21.5,1
ALU6765,84,79,66,83,82,78,68,83,77.88,4
ALU6766,94,74,100,94,95,97,100,78,91.5,5
ALU6767,93,100,100,100,100,87,87,89,94.5,5
ALU6768,47,3,23,14,14,1,17,47,20.75,1
ALU6769,79,91,67,38,78,93,87,82,76.88,4
ALU6770,25,19,44,41,43,50,27,15,33.0,1
ALU6771,19,2,30,0,0,0,16,0,8.38,1
ALU6772,76,91,95,100,84,82,76,80,85.5,4
ALU6773,67,52,50,61,54,48,64,77,59.12,2
ALU6774,11,12,9,14,25,36,15,12,16.75,1
ALU6775,39,31,63,56,35,61,30,28,42.88,2
ALU6776,49,57,16,0,27,18,43,30,30.0,1
ALU6777,67,62,77,67,68,51,93,75,70.0,3
ALU6778,37,46,24,53,48,49,51,53,45.12,2
ALU6779,100,91,90,98,100,77,76,70,87.75,4
ALU6780,0,13,16,1,20,22,7,14,11.62,1
ALU6781,30,27,36,28,39,34,39,40,34.12,1
ALU6782,54,45,54,76,37,72,28,42,51.0,2
ALU6783,59,56,35,66,76,75,43,66,59.5,2
ALU6784,45,20,23,21,32,56,16,39,31.5,1
ALU6785,63,86,76,94,73,76,58,58,73.0,3
ALU6786,89,100,92,97,86,69,87,90,88.75,4
ALU6787,84,98,92,98,93,67,88,63,85.38,4
ALU6788,71,78,88,86,68,86,64,70,76.38,4
ALU6789,93,36,61,60,85,91,80,75,72.62,3
ALU6790,49,60,48,81,72,58,50,63,60.12,3
ALU6791,82,73,100,96,59,59,89,100,82.25,4
ALU6792,33,28,47,36,32,20,7,28,28.88,1
ALU6793,30,12,48,45,29,42,31,61,37.25,1
ALU6794,43,40,31,31,43,24,51,52,39.38,1
ALU6795,52,25,59,36,58,35,33,28,40.75,2
ALU6796,10,32,35,40,29,16,17,49,28.5,1
ALU6797,94,100,73,77,92,89,85,81,86.38,4
ALU6798,25,26,45,35,24,30,48,33,33.25,1
ALU6799,24,32,3,15,0,1,18,45,17.25,1
ALU6800,37,41,61,59,49,52,39,59,49.62,2
ALU6801,6,19,0,27,8,13,9,1,10.38,1
ALU6802,18,0,34,22,15,20,10,21,17.5,1
ALU6803,25,40,21,37,0,10,30,3,20.75,1
ALU6804,54,59,33,11,29,42,46,61,41.88,2
ALU6805,28,51,35,52,29,44,46,34,39.88,1
ALU6806,93,71,72,78,77,78,73,42,73.0,3
ALU6807,76,50,71,78,77,51,87,66,69.5,3
ALU6808,56,37,59,33,31,38,42,36,41.5,2
ALU6809,43,51,35,55,32,43,27,42,41.0,2
ALU6810,33,35,7,37,27,24,46,17,28.25,1
ALU6811,61,51,59,61,94,79,81,79,70.62,3
ALU6812,4,0,42,0,5,9,0,0,7.5,1
ALU6813,22,24,7,22,1,0,0,5,10.12,1
ALU6814,90,83,88,75,68,95,83,91,84.12,4
ALU6815,41,29,44,47,28,43,42,63,42.12,2
ALU6816,0,0,4,13,23,13,17,34,13.0,1
ALU6817,24,16,20,44,23,18,40,15,25.0,1
ALU6818,86,61,90,97,85,100,77,93,86.12,4
ALU6819,79,80,76,60,84,100,68,87,79.25,4
ALU6820,74,100,91,51,53,86,52,86,74.12,3
ALU6821,57,24,41,48,66,61,74,43,51.75,2
ALU6822,61,49,39,40,33,38,66,30,44.5,2
ALU6823,97,100,100,53,100,86,100,100,92.0,5
ALU6824,73,100,100,78,91,80,68,100,86.25,4
ALU6825,20,22,24,19,20,39,7,28,22.38,1
ALU6826,100,75,70,70,84,100,86,62,80.88,4
ALU6827,26,5,0,35,19,32,27,53,24.62,1
ALU6828,27,20,38,0,33,49,20,25,26.5,1
ALU6829,69,69,76,51,68,72,49,56,63.75,3
ALU6830,45,58,36,55,48,46,54,56,49.75,2
ALU6831,65,79,89,76,99,80,100,100,86.0,4
ALU6832,10,10,10,0,11,22,18,0,10.12,1
ALU6833,50,36,70,38,60,64,41,58,52.12,2
ALU6834,100,91,75,95,92,100,100,100,94.12,5
ALU6835,86,98,78,81,99,87,88,84,87.62,4
ALU6836,2,28,10,6,15,22,38,21,17.75,1
ALU6837,42,20,41,46,51,37,33,36,38.25,1
ALU6838,52,62,61,67,52,52,85,82,64.12,3
ALU6839,7,9,21,0,0,32,13,3,10.62,1
ALU6840,83,100,81,93,78,63,84,88,83.75,4
ALU6841,92,84,100,63,84,62,97,100,85.25,4
ALU6842,32,0,14,41,22,11,19,11,18.75,1
ALU6843,20,12,30,38,16,0,20,0,17.0,1
ALU6844,19,19,50,7,20,28,0,12,19.38,1
ALU6845,91,90,76,100,74,80,74,100,85.62,4
ALU6846,23,14,26,8,39,35,17,21,22.88,1
ALU6847,49,33,40,39,55,62,46,35,44.88,2
ALU6848,21,30,69,34,54,46,36,52,42.75,2
ALU6849,60,52,55,58,71,63,71,93,65.38,3
ALU6850,1,0,14,12,0,29,10,7,9.12,1
ALU6851,37,39,28,25,32,40,45,54,37.5,1
ALU6852,87,75,87,87,96,57,76,94,82.38,4
ALU6853,87,88,95,89,96,80,90,74,87.38,4
ALU6854,60,76,76,97,83,83,80,98,81.62,4
ALU6855,16,20,12,0,11,9,9,1,9.75,1
ALU6856,40,50,36,69,38,19,33,12,37.12,1
ALU6857,67,71,54,55,73,35,71,65,61.38,3
ALU6858,21,35,26,28,23,38,14,23,26.0,1
ALU6859,79,71,93,100,90,74,90,100,87.12,4
ALU6860,64,46,68,72,56,60,50,67,60.38,3
ALU6861,4,0,26,21,9,13,4,3,10.0,1
ALU6862,91,98,100,100,60,84,90,98,90.12,5
ALU6863,69,92,84,88,82,77,100,91,85.38,4
ALU6864,7,25,13,28,7,10,0,16,13.25,1
ALU6865,70,67,50,30,48,44,72,19,50.0,2
ALU6866,36,21,19,39,28,57,44,16,32.5,1
ALU6867,42,40,47,50,28,43,40,43,41.62,2
ALU6868,41,20,30,41,17,59,8,3,27.38,1
ALU6869,33,52,44,69,67,37,75,48,53.12,2
ALU6870,83,83,86,94,88,86,96,100,89.5,4
ALU6871,46,68,44,44,63,45,55,57,52.75,2
ALU6872,21,13,0,6,24,0,4,28,12.0,1
ALU6873,69,60,60,55,54,55,63,60,59.5,2
ALU6874,26,23,21,12,41,28,28,26,25.62,1
ALU6875,92,92,83,100,68,67,96,100,87.25,4
ALU6876,40,29,47,62,33,71,59,44,48.12,2
ALU6877,34,29,27,26,23,21,20,7,23.38,1
ALU6878,11,29,27,36,27,36,15,45,28.25,1
ALU6879,72,68,92,87,90,89,83,75,82.0,4
ALU6880,24,33,19,11,27,50,36,42,30.25,1
ALU6881,84,76,64,85,75,59,60,78,72.62,3
ALU6882,18,22,31,46,24,42,20,37,30.0,1
ALU6883,33,34,32,21,51,32,60,42,38.12,1
ALU6884,51,47,60,19,60,77,46,42,50.25,2
ALU6885,95,91,96,68,93,97,92,84,89.5,4
ALU6886,97,89,100,87,96,71,95,98,91.62,5
ALU6887,25,7,22,1,27,42,16,25,20.62,1
ALU6888,33,34,19,34,47,54,46,37,38.0,1
ALU6889,14,22,22,6,27,0,22,12,15.62,1
ALU6890,51,52,50,50,47,62,64,47,52.88,2
ALU6891,48,60,52,37,47,70,26,25,45.62,2
ALU6892,84,95,94,85,87,93,90,93,90.12,5
ALU6893,88,75,82,99,90,74,91,79,84.75,4
ALU6894,24,37,27,22,34,54,22,41,32.62,1
ALU6895,55,44,47,54,52,59,46,48,50.62,2
ALU6896,87,85,57,70,80,82,90,88,79.88,4
ALU6897,87,77,78,77,71,70,78,78,77.0,4
ALU6898,5,14,0,3,4,15,5,11,7.12,1
ALU6899,16,36,44,40,36,20,33,21,30.75,1
ALU6900,39,61,19,46,55,45,37,41,42.88,2
ALU6901,23,29,25,47,32,43,49,26,34.25,1
ALU6902,30,10,41,22,34,45,26,10,27.25,1
ALU6903,0,1,16,0,26,0,12,0,6.88,1
ALU6904,63,71,74,79,57,39,46,54,60.38,3
ALU6905,33,4,32,34,35,18,24,31,26.38,1
ALU6906,3,0,0,25,17,21,3,0,8.62,1
ALU6907,26,25,27,23,28,14,25,38,25.75,1
ALU6908,70,91,82,53,86,93,73,68,77.0,4
ALU6909,74,100,68,100,82,70,74,81,81.12,4
ALU6910,44,45,46,37,55,40,45,57,46.12,2
ALU6911,35,58,7,21,28,39,29,21,29.75,1
ALU6912,99,94,88,100,93,100,100,100,96.75,5
ALU6913,15,0,17,6,30,0,32,10,13.75,1
ALU6914,15,24,41,17,34,28,30,42,28.88,1
ALU6915,48,21,24,33,22,35,41,38,32.75,1
ALU6916,30,34,17,17,19,5,29,0,18.88,1
ALU6917,20,38,38,32,28,44,23,37,32.5,1
ALU6918,79,67,79,100,83,84,100,76,83.5,4
ALU6919,62,37,69,58,63,43,70,83,60.62,3
ALU6920,45,41,18,25,52,40,19,45,35.62,1
ALU6921,74,52,100,100,98,73,79,61,79.62,4
ALU6922,20,1,9,0,11,0,0,27,8.5,1
ALU6923,32,27,39,21,17,37,29,31,29.12,1
ALU6924,60,40,22,39,54,51,49,61,47.0,2
ALU6925,73,75,31,64,85,73,60,60,65.12,3
ALU6926,13,26,5,9,0,6,29,0,11.0,1
ALU6927,45,26,47,40,29,26,58,63,41.75,2
ALU6928,79,58,56,66,65,70,51,60,63.12,3
ALU6929,78,82,74,82,74,76,73,87,78.25,4
ALU6930,54,62,74,75,71,43,84,62,65.62,3
ALU6931,40,12,41,15,36,50,22,31,30.88,1
ALU6932,6,11,14,1,0,36,25,0,11.62,1
ALU6933,48,30,44,60,41,52,41,33,43.62,2
ALU6934,21,33,9,2,0,17,5,35,15.25,1
ALU6935,76,99,89,99,94,100,100,100,94.62,5
ALU6936,46,43,35,62,52,55,42,55,48.75,2
ALU6937,36,35,24,4,32,36,31,41,29.88,1
ALU6938,69,54,80,66,62,99,69,74,71.62,3
ALU6939,52,38,44,64,41,73,62,43,52.12,2
ALU6940,40,56,24,30,16,11,44,21,30.25,1
ALU6941,77,78,83,70,77,70,69,71,74.38,3
ALU6942,85,96,87,98,100,91,84,85,90.75,5
ALU6943,79,69,62,85,64,83,69,54,70.62,3
ALU6944,13,28,7,0,5,0,20,9,10.25,1
ALU6945,57,25,60,87,58,69,48,57,57.62,2
ALU6946,64,70,85,41,62,67,90,71,68.75,3
ALU6947,23,41,19,0,6,28,27,0,18.0,1
ALU6948,28,39,11,17,19,17,14,10,19.38,1
ALU6949,97,100,81,78,93,49,90,82,83.75,4
ALU6950,7,6,1,1,10,0,12,0,4.62,1
ALU6951,54,64,60,63,71,55,64,87,64.75,3
ALU6952,30,32,53,34,55,38,52,65,44.88,2
ALU6953,52,28,52,41,62,45,45,57,47.75,2
ALU6954,0,17,14,0,13,0,0,9,6.62,1
ALU6955,83,86,66,91,68,78,40,61,71.62,3
ALU6956,38,36,39,37,18,29,61,41,37.38,1
ALU6957,52,61,53,49,36,53,52,73,53.62,2
ALU6958,64,68,69,64,74,79,67,50,66.88,3
ALU6959,59,82,69,88,60,68,55,100,72.62,3
ALU6960,90,100,90,82,99,99,83,100,92.88,5
ALU6961,46,36,51,29,48,63,78,37,48.5,2
ALU6962,37,45,54,23,44,38,69,26,42.0,2
ALU6963,87,65,80,86,97,63,68,83,78.62,4
ALU6964,60,64,60,71,54,66,63,62,62.5,3
ALU6965,41,40,44,47,40,21,54,26,39.12,1
ALU6966,15,0,6,46,9,29,18,0,15.38,1
ALU6967,91,74,71,94,73,100,89,62,81.75,4
ALU6968,52,37,46,21,45,33,35,37,38.25,1
ALU6969,72,67,47,60,70,66,70,67,64.88,3
ALU6970,52,43,55,8,51,57,64,60,48.75,2
ALU6971,26,5,17,17,11,10,29,13,16.0,1
ALU6972,67,58,64,48,55,59,44,61,57.0,2
ALU6973,11,0,0,0,17,0,2,10,5.0,1
ALU6974,52,38,56,80,65,57,51,30,53.62,2
ALU6975,60,47,39,47,72,79,53,62,57.38,2
ALU6976,40,42,52,6,39,45,37,50,38.88,1
ALU6977,81,63,58,67,65,61,59,100,69.25,3
ALU6978,80,56,100,100,96,83,67,94,84.5,4
ALU6979,73,68,73,100,80,55,65,52,70.75,3
ALU6980,3,22,31,9,3,1,13,21,12.88,1
ALU6981,24,41,12,24,23,16,16,2,19.75,1
ALU6982,63,89,47,75,40,45,55,73,60.88,3
ALU6983,98,100,100,86,99,92,91,85,93.88,5
ALU6984,83,62,63,88,94,86,89,84,81.12,4
ALU6985,86,74,72,95,96,81,70,99,84.12,4
ALU6986,45,31,38,12,43,45,51,38,37.88,1
ALU6987,42,42,31,71,40,49,22,55,44.0,2
ALU6988,36,48,53,31,56,39,43,38,43.0,2
ALU6989,32,55,21,7,33,17,14,6,23.12,1
ALU6990,2,0,0,9,17,6,0,8,5.25,1
ALU6991,83,79,100,100,98,84,63,99,88.25,4
ALU6992,8,51,11,38,28,34,41,25,29.5,1
ALU6993,32,17,35,25,17,0,36,49,26.38,1
ALU6994,0,18,14,17,31,12,18,20,16.25,1
ALU6995,81,100,83,100,88,93,79,84,88.5,4
ALU6996,63,64,43,57,69,66,51,55,58.5,2
ALU6997,72,67,68,50,89,81,60,57,68.0,3
ALU6998,80,100,76,76,96,84,84,93,86.12,4
ALU6999,34,22,50,52,47,48,45,30,41.0,2
ALU7000,52,53,75,46,51,70,55,63,58.12,2
ALU7001,3,16,28,0,1,12,0,29,11.12,1
ALU7002,24,0,25,16,34,0,23,28,18.75,1
ALU7003,74,100,74,78,74,96,80,79,81.88,4
ALU7004,71,78,70,89,60,75,80,70,74.12,3
ALU7005,21,38,32,10,19,32,53,55,32.5,1
ALU7006,50,14,41,45,36,21,34,44,35.62,1
ALU7007,58,33,58,73,50,16,64,63,51.88,2
ALU7008,12,0,19,0,15,33,6,0,10.62,1
ALU7009,39,38,26,28,16,31,39,8,28.12,1
ALU7010,15,0,6,0,37,7,38,41,18.0,1
ALU7011,23,39,22,43,15,8,18,42,26.25,1
ALU7012,58,72,96,91,65,73,100,62,77.12,4
ALU7013,61,26,11,29,31,42,32,41,34.12,1
ALU7014,20,26,31,0,22,31,8,41,22.38,1
ALU7015,60,54,45,62,56,60,36,44,52.12,2
ALU7016,70,72,72,78,71,69,100,82,76.75,4
ALU7017,36,36,31,0,30,24,42,53,31.5,1
ALU7018,30,0,30,26,0,13,25,29,19.12,1
ALU7019,36,30,41,58,15,36,30,26,34.0,1
ALU7020,62,74,69,96,90,80,67,63,75.12,4
ALU7021,53,49,39,31,65,78,35,51,50.12,2
ALU7022,56,51,77,44,78,81,75,82,68.0,3
ALU7023,90,100,75,83,71,82,93,98,86.5,4
ALU7024,84,57,72,85,71,54,94,58,71.88,3
ALU7025,58,58,58,42,63,61,56,50,55.75,2
ALU7026,46,51,21,20,44,39,45,23,36.12,1
ALU7027,13,8,25,21,24,15,12,19,17.12,1
ALU7028,99,100,78,87,99,99,100,94,94.5,5
ALU7029,22,38,37,50,30,62,58,36,41.62,2
ALU7030,19,25,25,18,2,21,10,12,16.5,1
ALU7031,89,64,80,62,73,71,62,62,70.38,3
ALU7032,17,39,21,29,38,20,32,36,29.0,1
ALU7033,56,78,27,51,65,36,54,41,51.0,2
ALU7034,77,59,70,49,74,73,50,47,62.38,3
ALU7035,56,56,30,25,49,63,42,30,43.88,2
ALU7036,75,100,84,88,81,75,65,44,76.5,4
ALU7037,30,49,33,51,36,0,21,53,34.12,1
ALU7038,45,39,6,36,57,65,30,54,41.5,2
ALU7039,45,68,34,86,60,71,53,42,57.38,2
ALU7040,63,68,59,71,65,62,60,68,64.5,3
ALU7041,72,92,44,80,85,91,69,59,74.0,3
ALU7042,41,49,24,52,41,39,40,47,41.62,2
ALU7043,55,67,64,80,58,66,33,96,64.88,3
ALU7044,5,25,17,10,19,0,14,31,15.12,1
ALU7045,88,92,92,98,85,100,91,61,88.38,4
ALU7046,56,43,44,58,38,13,51,17,40.0,2
ALU7047,71,68,50,63,62,96,77,49,67.0,3
ALU7048,3,3,0,6,16,34,22,0,10.5,1
ALU7049,31,49,32,9,25,0,6,22,21.75,1
ALU7050,47,56,67,39,55,72,61,68,58.12,2
ALU7051,100,75,72,77,88,80,87,65,80.5,4
ALU7052,52,48,55,36,43,58,46,52,48.75,2
ALU7053,95,100,98,87,100,67,89,51,85.88,4
ALU7054,40,37,51,54,46,43,86,34,48.88,2
ALU7055,54,26,46,56,45,31,50,30,42.25,2
ALU7056,18,0,8,1,17,3,16,0,7.88,1
ALU7057,76,51,100,66,79,95,87,87,80.12,4
ALU7058,22,7,28,42,53,42,24,18,29.5,1
ALU7059,79,68,90,75,91,98,76,88,83.12,4
ALU7060,89,100,90,100,82,78,100,67,88.25,4
ALU7061,96,89,80,76,100,79,72,100,86.5,4
ALU7062,50,46,52,58,35,27,52,38,44.75,2
ALU7063,68,44,62,79,61,76,65,81,67.0,3
ALU7064,74,72,70,27,69,100,65,90,70.88,3
ALU7065,17,0,20,32,16,38,0,20,17.88,1
ALU7066,57,53,48,82,62,59,57,64,60.25,3
ALU7067,8,39,0,2,12,15,12,0,11.0,1
ALU7068,76,59,55,56,53,53,62,27,55.12,2
ALU7069,22,15,12,3,25,32,9,21,17.38,1
ALU7070,27,31,17,28,20,47,12,24,25.75,1
ALU7071,42,30,14,82,50,29,56,32,41.88,2
ALU7072,41,31,55,4,27,35,38,32,32.88,1
ALU7073,74,86,67,52,35,56,57,49,59.5,2
ALU7074,8,0,20,26,19,11,26,0,13.75,1
ALU7075,60,45,54,73,47,61,30,63,54.12,2
ALU7076,18,26,3,0,38,20,7,11,15.38,1
ALU7077,47,42,59,45,67,43,73,43,52.38,2
ALU7078,66,72,55,51,68,49,55,71,60.88,3
ALU7079,44,50,43,43,50,37,48,47,45.25,2
ALU7080,76,81,77,69,78,69,66,63,72.38,3
ALU7081,23,43,55,9,31,50,31,51,36.62,1
ALU7082,70,70,91,69,74,80,68,57,72.38,3
ALU7083,29,69,51,27,40,52,45,28,42.62,2
ALU7084,76,38,48,47,51,32,63,22,47.12,2
ALU7085,46,83,60,50,60,45,53,62,57.38,2
ALU7086,6,24,0,3,16,9,0,0,7.25,1
ALU7087,75,90,60,45,68,82,64,89,71.62,3
ALU7088,71,63,71,77,55,73,79,52,67.62,3
ALU7089,41,21,54,27,28,22,29,41,32.88,1
ALU7090,9,43,2,12,0,47,1,0,14.25,1
ALU7091,26,8,0,10,0,0,0,24,8.5,1
ALU7092,97,75,81,88,97,88,78,100,88.0,4
ALU7093,69,64,77,67,63,68,56,59,65.38,3
ALU7094,18,1,41,30,4,13,2,14,15.38,1
ALU7095,34,44,52,31,41,44,37,34,39.62,1
ALU7096,49,49,73,45,51,55,55,62,54.88,2
ALU7097,92,75,70,80,79,57,97,94,80.5,4
ALU7098,22,23,0,0,0,7,11,0,7.88,1
ALU7099,17,35,10,24,32,28,38,40,28.0,1
ALU7100,83,85,77,66,85,98,83,87,83.0,4
ALU7101,4,8,16,24,10,27,0,27,14.5,1
ALU7102,22,23,42,9,18,10,30,27,22.62,1
ALU7103,91,84,95,100,93,100,77,71,88.88,4
ALU7104,69,60,57,59,45,53,74,70,60.88,3
ALU7105,21,35,15,43,51,20,19,28,29.0,1
ALU7106,2,9,9,0,15,4,19,7,8.12,1
ALU7107,19,13,9,0,24,0,12,14,11.38,1
ALU7108,22,14,9,0,24,20,15,16,15.0,1
ALU7109,71,75,95,100,73,100,98,81,86.62,4
ALU7110,37,31,37,31,37,49,65,35,40.25,2
ALU7111,66,61,80,89,69,73,60,79,72.12,3
ALU7112,100,100,87,64,86,92,79,83,86.38,4
ALU7113,50,52,45,44,60,60,42,43,49.5,2
ALU7114,33,6,13,28,13,9,32,24,19.75,1
ALU7115,59,58,47,100,45,65,66,58,62.25,3
ALU7116,96,80,94,81,93,87,82,80,86.62,4
ALU7117,70,67,75,64,61,65,79,94,71.88,3
ALU7118,8,0,0,17,10,17,6,25,10.38,1
ALU7119,57,81,68,50,68,68,62,93,68.38,3
ALU7120,54,36,61,63,60,44,50,43,51.38,2
ALU7121,93,85,100,85,90,70,70,89,85.25,4
ALU7122,17,1,29,2,35,9,26,0,14.88,1
ALU7123,66,64,52,61,44,45,54,37,52.88,2
ALU7124,72,79,77,86,77,100,100,94,85.62,4
ALU7125,46,39,39,55,47,38,51,40,44.38,2
ALU7126,35,46,42,78,50,42,43,34,46.25,2
ALU7127,12,15,17,2,14,28,0,22,13.75,1
ALU7128,37,30,42,22,15,50,52,34,35.25,1
ALU7129,32,33,49,9,56,21,13,0,26.62,1
ALU7130,95,82,85,99,94,71,85,100,88.88,4
ALU7131,20,6,24,18,14,38,26,31,22.12,1
ALU7132,29,29,41,52,52,43,38,38,40.25,2
ALU7133,70,76,42,86,54,57,55,46,60.75,3
ALU7134,37,15,5,7,28,35,4,26,19.62,1
ALU7135,38,38,48,40,35,44,40,42,40.62,2
ALU7136,83,50,76,89,81,100,70,69,77.25,4
ALU7137,83,57,88,95,70,83,86,83,80.62,4
ALU7138,48,50,51,72,51,63,55,68,57.25,2
ALU7139,53,78,59,58,66,98,58,69,67.38,3
ALU7140,16,8,13,0,10,21,3,37,13.5,1
ALU7141,86,96,85,77,84,79,92,65,83.0,4
ALU7142,3,7,25,0,1,1,17,8,7.75,1
ALU7143,57,84,59,85,71,67,79,89,73.88,3
ALU7144,20,23,15,33,37,32,22,57,29.88,1
ALU7145,90,70,85,78,100,100,78,100,87.62,4
ALU7146,69,65,53,62,78,47,69,76,64.88,3
ALU7147,67,100,50,81,79,72,79,85,76.62,4
ALU7148,26,51,6,18,7,43,14,36,25.12,1
ALU7149,55,52,41,34,44,48,37,36,43.38,2
ALU7150,64,58,68,96,54,80,45,69,66.75,3
ALU7151,73,78,82,64,59,51,60,60,65.88,3
ALU7152,23,19,33,26,1,10,7,16,16.88,1
ALU7153,82,91,92,98,98,93,81,84,89.88,4
ALU7154,82,91,87,57,79,93,94,91,84.25,4
ALU7155,27,32,26,17,14,16,29,21,22.75,1
ALU7156,66,74,76,93,72,85,94,80,80.0,4
ALU7157,47,33,76,49,54,59,66,37,52.62,2
ALU7158,25,39,49,20,39,45,46,41,38.0,1
ALU7159,52,45,37,40,21,40,9,49,36.62,1
ALU7160,47,56,43,46,48,62,62,31,49.38,2
ALU7161,86,75,75,78,79,60,84,71,76.0,4
ALU7162,42,37,49,90,21,39,49,61,48.5,2
ALU7163,67,45,74,68,58,42,65,74,61.62,3
ALU7164,63,64,75,78,66,45,64,69,65.5,3
ALU7165,71,53,67,64,61,72,54,79,65.12,3
ALU7166,16,0,7,0,0,0,17,0,5.0,1
ALU7167,89,100,81,100,92,78,80,92,89.0,4
ALU7168,53,39,47,35,56,52,49,63,49.25,2
ALU7169,24,17,43,24,29,28,21,31,27.12,1
ALU7170,21,51,39,59,21,59,50,40,42.5,2
ALU7171,32,60,57,42,49,54,51,34,47.38,2
ALU7172,90,79,100,100,88,80,80,68,85.62,4
ALU7173,49,45,7,46,37,48,25,49,38.25,1
ALU7174,88,68,66,62,76,52,55,100,70.88,3
ALU7175,16,3,13,19,10,28,21,14,15.5,1
ALU7176,40,54,39,34,16,40,40,60,40.38,2
ALU7177,77,89,83,100,92,100,88,53,85.25,4
ALU7178,84,75,53,96,81,80,67,82,77.25,4
ALU7179,5,39,20,24,24,33,10,17,21.5,1
ALU7180,46,63,60,74,53,41,46,78,57.62,2
ALU7181,23,17,35,28,23,8,26,36,24.5,1
ALU7182,41,49,32,58,39,24,29,43,39.38,1
ALU7183,75,58,77,100,76,49,79,67,72.62,3
ALU7184,75,81,90,100,93,68,59,92,82.25,4
ALU7185,1,27,7,22,33,16,20,43,21.12,1
ALU7186,88,93,86,93,95,100,92,76,90.38,5
ALU7187,36,53,61,39,60,42,58,74,52.88,2
ALU7188,46,70,39,53,25,72,19,53,47.12,2
ALU7189,44,36,60,57,62,35,16,54,45.5,2
ALU7190,37,74,41,45,68,45,66,71,55.88,2
ALU7191,47,39,43,76,59,33,63,63,52.88,2
ALU7192,43,56,56,43,48,48,54,34,47.75,2
ALU7193,62,59,30,41,55,45,47,55,49.25,2
ALU7194,22,21,30,28,18,19,17,19,21.75,1
ALU7195,81,70,83,69,85,84,76,62,76.25,4
ALU7196,65,55,62,53,45,68,60,42,56.25,2
ALU7197,15,20,11,48,0,0,15,0,13.62,1
ALU7198,81,100,80,62,61,74,78,49,73.12,3
ALU7199,95,75,74,100,90,100,100,80,89.25,4
ALU7200,77,81,85,79,87,73,78,100,82.5,4
ALU7201,52,42,38,20,36,79,35,20,40.25,2
ALU7202,2,13,6,15,4,52,6,0,12.25,1
ALU7203,60,50,54,99,54,50,46,78,61.38,3
ALU7204,0,31,1,29,4,0,13,1,9.88,1
ALU7205,95,46,92,97,94,74,78,89,83.12,4
ALU7206,40,12,42,12,7,25,2,28,21.0,1
ALU7207,25,1,12,20,19,37,12,24,18.75,1
ALU7208,39,23,41,14,31,13,46,40,30.88,1
ALU7209,45,75,20,71,45,25,31,28,42.5,2
ALU7210,73,85,66,81,71,78,73,67,74.25,3
ALU7211,64,60,54,49,50,25,46,50,49.75,2
ALU7212,22,19,15,24,31,15,31,3,20.0,1
ALU7213,25,40,37,66,46,35,25,49,40.38,2
ALU7214,45,24,55,56,53,48,53,25,44.88,2
ALU7215,8,33,17,14,7,7,4,21,13.88,1
ALU7216,53,47,47,92,72,61,58,45,59.38,2
ALU7217,52,47,64,53,71,63,44,62,57.0,2
ALU7218,64,76,72,38,68,55,67,55,61.88,3
ALU7219,82,94,71,61,100,94,90,97,86.12,4
ALU7220,100,88,75,83,90,91,84,98,88.62,4
ALU7221,79,69,56,95,73,97,85,100,81.75,4
ALU7222,28,28,10,41,20,30,30,20,25.88,1
ALU7223,22,31,13,0,11,18,12,37,18.0,1
ALU7224,38,24,19,28,28,29,27,32,28.12,1
ALU7225,84,100,75,70,76,81,72,84,80.25,4
ALU7226,90,79,100,100,82,100,98,100,93.62,5
ALU7227,86,82,94,100,95,80,81,59,84.62,4
ALU7228,17,37,6,50,0,22,9,11,19.0,1
ALU7229,87,80,99,96,83,98,77,95,89.38,4
ALU7230,27,58,57,76,49,29,71,34,50.12,2
ALU7231,1,35,13,0,0,1,0,5,6.88,1
ALU7232,33,47,48,48,48,44,35,68,46.38,2
ALU7233,2,1,22,0,5,10,3,0,5.38,1
ALU7234,54,42,63,64,58,60,64,65,58.75,2
ALU7235,39,55,20,40,25,38,31,26,34.25,1
ALU7236,65,66,45,3,29,48,49,48,44.12,2
ALU7237,54,81,53,80,56,53,54,67,62.25,3
ALU7238,90,82,97,98,65,99,100,94,90.62,5
ALU7239,67,80,57,54,63,69,69,69,66.0,3
ALU7240,57,43,35,49,32,42,36,54,43.5,2
ALU7241,84,65,91,51,67,72,87,76,74.12,3
ALU7242,76,100,89,72,100,90,83,80,86.25,4
ALU7243,0,40,41,45,18,16,37,30,28.38,1
ALU7244,55,37,42,32,37,30,69,27,41.12,2
ALU7245,25,15,24,30,30,15,34,24,24.62,1
ALU7246,0,9,22,0,7,28,6,5,9.62,1
ALU7247,52,79,49,71,44,70,57,67,61.12,3
ALU7248,84,65,98,92,86,73,93,95,85.75,4
ALU7249,34,23,5,32,29,14,37,22,24.5,1
ALU7250,74,69,85,86,73,65,74,75,75.12,4
ALU7251,87,92,59,100,78,73,87,93,83.62,4
ALU7252,86,75,87,77,81,100,93,91,86.25,4
ALU7253,15,40,12,9,32,26,39,30,25.38,1
ALU7254,93,83,100,75,83,98,77,100,88.62,4
ALU7255,22,19,21,9,31,58,39,47,30.75,1
ALU7256,54,55,44,56,46,48,81,91,59.38,2
ALU7257,6,0,15,7,29,0,10,0,8.38,1
ALU7258,17,0,1,17,6,15,14,27,12.12,1
ALU7259,59,74,78,40,76,57,74,90,68.5,3
ALU7260,48,18,36,44,47,45,51,35,40.5,2
ALU7261,19,0,18,49,2,30,14,26,19.75,1
ALU7262,17,0,21,32,18,49,46,23,25.75,1
ALU7263,28,85,50,31,53,70,66,59,55.25,2
ALU7264,25,3,9,4,14,0,11,0,8.25,1
ALU7265,83,69,88,64,64,86,78,100,79.0,4
ALU7266,4,26,18,12,17,24,23,12,17.0,1
ALU7267,10,16,29,15,32,40,16,30,23.5,1
ALU7268,34,43,16,71,42,25,24,45,37.5,1
ALU7269,55,49,43,50,48,68,47,49,51.12,2
ALU7270,18,29,34,42,32,71,42,21,36.12,1
ALU7271,32,38,51,33,32,52,29,47,39.25,1
ALU7272,100,100,84,100,78,100,83,91,92.0,5
ALU7273,51,59,35,58,64,56,66,40,53.62,2
ALU7274,7,0,0,21,17,32,0,9,10.75,1
ALU7275,65,38,35,36,34,36,55,48,43.38,2
ALU7276,90,49,57,100,83,83,80,99,80.12,4
ALU7277,33,36,43,41,31,25,38,13,32.5,1
ALU7278,18,0,0,10,16,4,0,11,7.38,1
ALU7279,69,82,78,88,67,73,89,63,76.12,4
ALU7280,72,58,46,68,44,42,65,47,55.25,2
ALU7281,52,57,74,71,45,46,63,59,58.38,2
ALU7282,0,20,6,11,0,0,0,3,5.0,1
ALU7283,13,3,11,13,25,40,8,24,17.12,1
ALU7284,51,66,67,63,65,85,63,48,63.5,3
ALU7285,20,27,11,14,23,61,10,21,23.38,1
ALU7286,47,47,57,67,43,49,42,54,50.75,2
ALU7287,66,40,48,80,52,54,63,59,57.75,2
ALU7288,37,39,23,40,30,42,23,33,33.38,1
ALU7289,92,100,89,100,85,71,94,89,90.0,5
ALU7290,80,82,67,100,75,66,70,72,76.5,4
ALU7291,59,53,67,65,83,46,77,92,67.75,3
ALU7292,0,4,16,27,0,24,0,15,10.75,1
ALU7293,15,13,0,0,24,1,21,0,9.25,1
ALU7294,57,59,62,52,33,64,75,21,52.88,2
ALU7295,18,0,29,0,35,12,13,36,17.88,1
ALU7296,87,84,70,91,69,93,85,75,81.75,4
ALU7297,23,13,0,0,23,16,32,21,16.0,1
ALU7298,48,47,58,68,42,51,49,32,49.38,2
ALU7299,54,18,46,30,36,30,23,39,34.5,1
ALU7300,74,59,70,78,61,78,66,66,69.0,3
ALU7301,26,11,0,15,22,14,19,27,16.75,1
ALU7302,51,28,65,10,24,49,36,42,38.12,1
ALU7303,16,27,20,21,29,31,21,28,24.12,1
ALU7304,91,76,87,75,86,69,95,69,81.0,4
ALU7305,12,16,11,8,2,28,0,5,10.25,1
ALU7306,93,73,100,100,86,77,70,87,85.75,4
ALU7307,84,81,81,100,73,92,70,80,82.62,4
ALU7308,36,19,36,27,37,42,42,29,33.5,1
ALU7309,100,67,75,53,79,53,72,60,69.88,3
ALU7310,7,12,0,0,9,5,1,0,4.25,1
ALU7311,100,95,64,100,98,100,91,100,93.5,5
ALU7312,47,46,52,50,64,48,58,60,53.12,2
ALU7313,40,28,15,3,22,30,50,65,31.62,1
ALU7314,47,15,41,28,59,40,41,43,39.25,1
ALU7315,14,32,12,34,14,5,34,20,20.62,1
ALU7316,100,100,95,99,89,99,100,81,95.38,5
ALU7317,0,18,0,9,31,9,4,29,12.5,1
ALU7318,59,40,76,56,59,60,74,38,57.75,2
ALU7319,46,35,50,36,32,30,52,53,41.75,2
ALU7320,99,85,76,100,85,96,100,91,91.5,5
ALU7321,28,0,51,29,21,0,35,47,26.38,1
ALU7322,65,66,50,66,63,56,54,51,58.88,2
ALU7323,41,70,32,58,47,48,42,48,48.25,2
ALU7324,56,99,59,68,69,56,69,41,64.62,3
ALU7325,14,0,0,18,11,0,0,0,5.38,1
ALU7326,21,24,38,11,34,28,20,27,25.38,1
ALU7327,29,44,37,23,21,20,10,40,28.0,1
ALU7328,71,67,80,95,69,73,76,75,75.75,4
ALU7329,18,13,28,22,15,0,32,20,18.5,1
ALU7330,55,28,71,52,52,63,60,60,55.12,2
ALU7331,24,41,21,28,29,38,22,27,28.75,1
ALU7332,79,82,87,61,89,80,79,91,81.0,4
ALU7333,87,78,80,93,100,76,100,76,86.25,4
ALU7334,47,55,49,82,50,58,63,55,57.38,2
ALU7335,45,39,42,22,34,32,23,22,32.38,1
ALU7336,28,28,0,30,30,39,29,41,28.12,1
ALU7337,32,6,2,9,4,9,13,0,9.38,1
ALU7338,30,53,31,28,22,0,26,26,27.0,1
ALU7339,58,61,62,62,67,28,47,72,57.12,2
ALU7340,79,77,47,65,49,42,28,34,52.62,2
ALU7341,94,98,97,70,87,96,92,78,89.0,4
ALU7342,50,45,32,53,46,33,20,71,43.75,2
ALU7343,73,65,52,68,70,74,61,80,67.88,3
ALU7344,55,63,63,17,69,39,57,53,52.0,2
ALU7345,56,52,63,57,60,82,56,60,60.75,3
ALU7346,18,15,21,31,21,26,21,5,19.75,1
ALU7347,49,31,45,30,41,49,56,54,44.38,2
ALU7348,34,53,57,50,33,32,53,74,48.25,2
ALU7349,66,54,69,44,58,62,62,61,59.5,2
ALU7350,82,88,96,77,100,97,100,100,92.5,5
ALU7351,38,50,40,35,31,33,40,28,36.88,1
ALU7352,12,13,4,0,0,0,0,10,4.88,1
ALU7353,54,38,55,28,30,57,25,30,39.62,1
ALU7354,56,75,42,35,39,63,56,60,53.25,2
ALU7355,14,28,24,21,12,31,14,22,20.75,1
ALU7356,70,88,72,81,73,89,73,70,77.0,4
ALU7357,100,59,89,77,89,96,90,81,85.12,4
ALU7358,100,95,75,73,97,100,63,93,87.0,4
ALU7359,11,35,24,25,13,26,19,13,20.75,1
ALU7360,68,100,84,85,96,49,70,99,81.38,4
ALU7361,61,46,58,55,67,71,62,72,61.5,3
ALU7362,56,63,26,78,50,62,38,39,51.5,2
ALU7363,65,78,33,56,48,32,54,67,54.12,2
ALU7364,72,51,78,78,91,77,85,75,75.88,4
ALU7365,51,55,51,41,34,66,53,61,51.5,2
ALU7366,56,47,60,56,26,30,9,40,40.5,2
ALU7367,53,44,48,59,39,45,66,22,47.0,2
ALU7368,71,49,37,25,68,68,37,65,52.5,2
ALU7369,32,32,19,9,19,2,21,21,19.38,1
ALU7370,76,76,100,78,76,85,76,93,82.5,4
ALU7371,63,62,57,65,63,51,69,68,62.25,3
ALU7372,62,74,75,73,63,57,40,65,63.62,3
ALU7373,14,40,16,0,3,17,32,14,17.0,1
ALU7374,68,67,67,57,60,75,55,99,68.5,3
ALU7375,19,17,38,46,14,20,21,23,24.75,1
ALU7376,0,4,0,12,7,3,2,0,3.5,1
ALU7377,39,37,63,39,39,70,72,31,48.75,2
ALU7378,19,57,40,17,50,50,24,47,38.0,1
ALU7379,59,55,46,49,53,28,26,49,45.62,2
ALU7380,15,30,11,0,0,25,29,28,17.25,1
ALU7381,46,38,64,36,47,44,29,48,44.0,2
ALU7382,11,10,36,30,24,20,19,26,22.0,1
ALU7383,100,100,69,94,100,100,100,80,92.88,5
ALU7384,62,54,46,46,59,52,50,63,54.0,2
ALU7385,54,48,78,34,68,80,69,69,62.5,3
ALU7386,19,61,34,49,29,53,44,21,38.75,1
ALU7387,13,4,13,7,8,14,13,0,9.0,1
ALU7388,100,100,74,94,99,99,100,100,95.75,5
ALU7389,47,43,21,14,29,41,39,38,34.0,1
ALU7390,48,24,26,35,28,50,32,37,35.0,1
ALU7391,56,48,43,53,60,76,72,55,57.88,2
ALU7392,16,2,0,0,6,0,6,7,4.62,1
ALU7393,73,64,66,61,58,68,77,81,68.5,3
ALU7394,45,79,44,53,60,34,57,34,50.75,2
ALU7395,8,27,19,35,30,55,41,28,30.38,1
ALU7396,11,23,22,0,0,0,0,0,7.0,1
ALU7397,13,27,8,0,16,39,35,19,19.62,1
ALU7398,86,89,100,79,84,92,100,100,91.25,5
ALU7399,43,67,60,80,76,53,59,48,60.75,3
ALU7400,29,46,32,10,36,8,48,25,29.25,1
ALU7401,0,0,16,11,21,10,8,7,9.12,1
ALU7402,78,93,56,55,70,63,73,51,67.38,3
ALU7403,61,37,52,76,49,62,50,50,54.62,2
ALU7404,38,53,35,32,32,8,51,22,33.88,1
ALU7405,43,16,42,49,30,34,32,24,33.75,1
ALU7406,14,19,22,42,23,11,26,26,22.88,1
ALU7407,65,66,56,93,65,84,33,70,66.5,3
ALU7408,100,85,93,68,100,98,86,87,89.62,4
ALU7409,0,18,24,0,18,13,14,39,15.75,1
ALU7410,54,37,80,79,38,80,36,68,59.0,2
ALU7411,42,28,43,61,31,36,52,70,45.38,2
ALU7412,43,52,45,34,35,43,40,43,41.88,2
ALU7413,42,28,33,0,18,31,6,13,21.38,1
ALU7414,68,68,67,80,51,92,86,76,73.5,3
ALU7415,42,68,27,21,64,48,61,76,50.88,2
ALU7416,34,35,50,39,32,75,52,39,44.5,2
ALU7417,47,27,45,35,26,26,14,44,33.0,1
ALU7418,18,13,36,27,27,6,0,6,16.62,1
ALU7419,8,21,0,41,18,36,0,7,16.38,1
ALU7420,68,69,77,62,54,64,59,62,64.38,3
ALU7421,29,21,0,5,34,31,43,9,21.5,1
ALU7422,70,39,72,83,77,78,64,78,70.12,3
ALU7423,66,53,44,46,38,71,24,60,50.25,2
ALU7424,46,39,21,35,42,37,35,55,38.75,1
ALU7425,42,48,59,47,38,55,60,47,49.5,2
ALU7426,32,26,59,31,40,26,44,17,34.38,1
ALU7427,10,0,13,26,16,6,14,15,12.5,1
ALU7428,17,55,34,63,27,21,30,41,36.0,1
ALU7429,65,38,82,51,71,77,64,63,63.88,3
ALU7430,72,49,51,72,68,78,66,83,67.38,3
ALU7431,24,52,17,3,62,36,28,28,31.25,1
ALU7432,38,56,36,27,37,34,47,38,39.12,1
ALU7433,37,17,22,32,35,12,18,36,26.12,1
ALU7434,9,42,24,22,15,13,13,36,21.75,1
ALU7435,0,13,0,0,12,12,3,28,8.5,1
ALU7436,74,89,82,85,59,61,89,93,79.0,4
ALU7437,8,27,17,39,18,18,15,12,19.25,1
ALU7438,29,32,19,0,30,5,30,0,18.12,1
ALU7439,26,37,20,61,32,37,40,6,32.38,1
ALU7440,14,49,7,26,0,1,20,8,15.62,1
ALU7441,74,59,38,73,58,91,55,81,66.12,3
ALU7442,4,9,9,11,26,27,12,28,15.75,1
ALU7443,24,0,0,48,27,15,18,11,17.88,1
ALU7444,78,62,72,80,72,69,65,74,71.5,3
ALU7445,31,63,28,28,59,42,53,16,40.0,2
ALU7446,76,83,67,82,51,54,54,86,69.12,3
ALU7447,52,47,50,41,51,73,57,51,52.75,2
ALU7448,37,28,25,22,28,26,23,37,28.25,1
ALU7449,47,44,78,89,56,52,48,71,60.62,3
ALU7450,0,0,0,22,16,23,0,21,10.25,1
ALU7451,49,55,33,65,66,36,63,36,50.38,2
ALU7452,35,36,45,65,45,54,27,36,42.88,2
ALU7453,23,13,23,38,7,34,32,43,26.62,1
ALU7454,57,66,63,44,66,49,60,66,58.88,2
ALU7455,90,82,92,100,83,97,73,68,85.62,4
ALU7456,90,71,81,100,73,100,100,100,89.38,4
ALU7457,51,28,66,70,53,54,45,45,51.5,2
ALU7458,37,32,29,42,24,49,34,23,33.75,1
ALU7459,17,1,26,45,22,5,12,16,18.0,1
ALU7460,18,0,13,62,23,35,37,26,26.75,1
ALU7461,32,65,49,41,32,26,62,31,42.25,2
ALU7462,38,36,37,57,40,39,41,50,42.25,2
ALU7463,81,83,74,87,76,97,100,77,84.38,4
ALU7464,47,35,21,2,51,43,43,37,34.88,1
ALU7465,24,21,47,13,40,61,46,44,37.0,1
ALU7466,34,45,34,47,36,27,51,65,42.38,2
ALU7467,98,78,92,98,92,86,72,88,88.0,4
ALU7468,54,52,57,74,66,31,68,59,57.62,2
ALU7469,57,51,75,74,63,52,48,46,58.25,2
ALU7470,22,16,23,81,34,30,19,17,30.25,1
ALU7471,65,72,96,88,75,100,91,64,81.38,4
ALU7472,23,4,10,3,12,8,0,6,8.25,1
ALU7473,85,76,88,81,98,97,85,100,88.75,4
ALU7474,52,51,39,80,16,37,70,49,49.25,2
ALU7475,23,39,49,17,59,35,19,33,34.25,1
ALU7476,53,53,58,72,39,37,57,51,52.5,2
ALU7477,76,79,61,65,66,50,64,88,68.62,3
ALU7478,17,15,0,0,0,0,5,0,4.62,1
ALU7479,90,97,70,57,98,74,84,89,82.38,4
ALU7480,33,32,31,71,31,75,45,40,44.75,2
ALU7481,38,28,41,20,47,34,42,38,36.0,1
ALU7482,24,27,11,18,15,0,4,26,15.62,1
ALU7483,26,54,39,27,42,36,50,63,42.12,2
ALU7484,38,39,42,85,37,64,36,48,48.62,2
ALU7485,50,50,58,43,53,30,66,57,50.88,2
ALU7486,74,51,66,41,64,88,64,71,64.88,3
ALU7487,27,50,45,35,50,58,45,24,41.75,2
ALU7488,99,91,84,100,70,88,100,88,90.0,5
ALU7489,59,38,58,41,50,49,49,91,54.38,2
ALU7490,85,71,65,71,80,63,77,76,73.5,3
ALU7491,8,47,18,36,0,17,0,10,17.0,1
ALU7492,47,43,26,46,44,46,29,36,39.62,1
ALU7493,43,69,44,13,28,55,18,28,37.25,1
ALU7494,52,34,47,60,48,61,65,36,50.38,2
ALU7495,82,93,93,79,87,77,89,50,81.25,4
ALU7496,5,0,34,12,13,32,6,1,12.88,1
ALU7497,28,11,11,28,0,23,5,6,14.0,1
ALU7498,80,90,97,85,92,71,93,89,87.12,4
ALU7499,14,36,33,22,29,22,24,18,24.75,1
ALU7500,58,53,47,62,45,75,54,66,57.5,2
ALU7501,55,69,55,73,50,58,66,37,57.88,2
ALU7502,87,71,85,66,83,64,78,55,73.62,3
ALU7503,2,13,23,0,15,18,24,21,14.5,1
ALU7504,35,10,18,12,0,6,17,25,15.38,1
ALU7505,58,38,57,61,55,56,80,68,59.12,2
ALU7506,94,100,90,82,97,70,87,100,90.0,5
ALU7507,41,43,43,32,41,28,18,60,38.25,1
ALU7508,34,50,19,27,34,65,31,44,38.0,1
ALU7509,58,75,56,59,69,53,62,51,60.38,3
ALU7510,98,74,71,65,72,100,94,92,83.25,4
ALU7511,80,98,74,92,87,78,90,75,84.25,4
ALU7512,100,100,87,46,97,76,87,91,85.5,4
ALU7513,2,0,0,16,0,0,25,12,6.88,1
ALU7514,17,21,2,20,22,3,26,32,17.88,1
ALU7515,51,44,63,68,77,92,61,70,65.75,3
ALU7516,91,100,75,44,82,75,70,78,76.88,4
ALU7517,22,42,25,35,36,33,53,32,34.75,1
ALU7518,23,25,9,16,15,36,35,31,23.75,1
ALU7519,72,94,72,100,69,83,69,92,81.38,4
ALU7520,6,0,23,16,0,23,26,36,16.25,1
ALU7521,45,27,52,17,42,30,40,40,36.62,1
ALU7522,47,46,55,20,45,32,68,47,45.0,2
ALU7523,69,88,51,44,49,41,45,57,55.5,2
ALU7524,62,54,77,85,77,47,68,85,69.38,3
ALU7525,38,11,28,57,53,29,53,44,39.12,1
ALU7526,52,38,56,63,59,4,52,52,47.0,2
ALU7527,61,71,48,59,41,68,54,57,57.38,2
ALU7528,54,45,65,48,54,62,21,54,50.38,2
ALU7529,61,60,72,62,64,48,67,53,60.88,3
ALU7530,40,39,27,50,36,7,42,19,32.5,1
ALU7531,6,10,33,6,9,35,1,0,12.5,1
ALU7532,21,18,20,27,24,30,21,13,21.75,1
ALU7533,17,33,29,15,32,21,18,41,25.75,1
ALU7534,51,43,53,68,47,39,31,64,49.5,2
ALU7535,68,78,65,91,88,81,76,80,78.38,4
ALU7536,61,71,57,85,77,46,61,93,68.88,3
ALU7537,75,89,75,100,65,80,77,75,79.5,4
ALU7538,54,24,36,0,46,18,32,31,30.12,1
ALU7539,42,0,48,54,40,5,57,13,32.38,1
ALU7540,56,50,32,48,37,28,33,43,40.88,2
ALU7541,24,36,23,30,21,7,20,9,21.25,1
ALU7542,6,13,11,14,22,37,13,30,18.25,1
ALU7543,73,62,59,62,70,83,57,40,63.25,3
ALU7544,98,85,94,100,98,77,87,100,92.38,5
ALU7545,13,27,3,36,22,18,20,22,20.12,1
ALU7546,13,21,0,24,8,0,15,0,10.12,1
ALU7547,72,76,63,74,100,100,85,51,77.62,4
ALU7548,7,65,21,24,20,0,2,32,21.38,1
ALU7549,89,56,65,80,75,86,85,66,75.25,4
ALU7550,79,70,67,60,71,87,60,40,66.75,3
ALU7551,100,72,100,100,81,81,100,100,91.75,5
ALU7552,46,55,50,18,52,42,52,53,46.0,2
ALU7553,62,40,70,78,49,80,75,48,62.75,3
ALU7554,55,26,58,60,39,30,39,21,41.0,2
ALU7555,70,52,50,52,57,71,45,78,59.38,2
ALU7556,61,49,39,50,35,22,60,26,42.75,2
ALU7557,21,13,29,44,32,0,36,23,24.75,1
ALU7558,49,41,45,44,37,63,26,56,45.12,2
ALU7559,45,49,47,76,42,38,69,45,51.38,2
ALU7560,83,74,100,98,71,80,82,64,81.5,4
ALU7561,55,93,72,58,79,53,72,44,65.75,3
ALU7562,72,75,85,44,79,68,54,71,68.5,3
ALU7563,21,10,0,18,20,0,27,48,18.0,1
ALU7564,75,100,62,47,56,89,64,53,68.25,3
ALU7565,51,57,54,0,43,62,44,36,43.38,2
ALU7566,100,70,86,76,100,76,59,96,82.88,4
ALU7567,96,91,63,100,88,59,78,53,78.5,4
ALU7568,3,17,7,1,0,6,0,0,4.25,1
ALU7569,72,68,100,85,100,73,53,81,79.0,4
ALU7570,0,0,11,20,2,0,27,0,7.5,1
ALU7571,43,39,45,37,37,53,36,45,41.88,2
ALU7572,43,48,46,47,46,72,36,59,49.62,2
ALU7573,29,40,21,40,8,24,6,19,23.38,1
ALU7574,85,83,72,72,85,94,65,61,77.12,4
ALU7575,0,0,19,4,7,0,0,0,3.75,1
ALU7576,18,26,33,34,23,15,29,21,24.88,1
ALU7577,57,76,62,38,44,51,54,60,55.25,2
ALU7578,78,48,70,46,66,81,70,89,68.5,3
ALU7579,100,72,67,58,81,82,84,97,80.12,4
ALU7580,51,68,47,78,60,76,82,63,65.62,3
ALU7581,62,65,66,62,70,58,81,73,67.12,3
ALU7582,37,39,50,55,37,30,38,49,41.88,2
ALU7583,0,0,21,6,12,17,0,0,7.0,1
ALU7584,10,10,5,0,23,15,14,23,12.5,1
ALU7585,57,58,34,46,48,57,15,49,45.5,2
ALU7586,62,82,76,81,70,47,69,69,69.5,3
ALU7587,27,35,32,37,37,52,26,56,37.75,1
ALU7588,99,100,51,92,62,54,68,85,76.38,4
ALU7589,54,81,46,43,41,77,57,39,54.75,2
ALU7590,12,31,5,24,12,7,4,0,11.88,1
ALU7591,11,31,38,0,14,16,17,47,21.75,1
ALU7592,83,100,90,76,94,93,83,100,89.88,4
ALU7593,68,65,61,63,86,69,63,80,69.38,3
ALU7594,66,73,100,60,90,96,96,81,82.75,4
ALU7595,4,7,17,35,18,11,24,11,15.88,1
ALU7596,100,79,100,82,94,100,100,80,91.88,5
ALU7597,43,25,39,10,47,22,16,26,28.5,1
ALU7598,9,10,2,29,25,19,12,4,13.75,1
ALU7599,100,97,100,97,92,100,85,93,95.5,5
ALU7600,28,30,25,44,28,6,29,14,25.5,1
ALU7601,64,67,76,34,68,70,33,78,61.25,3
ALU7602,31,46,21,6,9,48,34,27,27.75,1
ALU7603,73,66,68,94,39,66,77,63,68.25,3
ALU7604,99,100,100,100,72,100,89,61,90.12,5
ALU7605,23,36,40,14,30,19,14,12,23.5,1
ALU7606,64,41,64,69,55,69,62,49,59.12,2
ALU7607,24,0,20,3,36,29,22,32,20.75,1
ALU7608,58,92,25,86,46,53,61,54,59.38,2
ALU7609,39,27,26,0,21,16,65,20,26.75,1
ALU7610,32,14,35,28,5,56,21,33,28.0,1
ALU7611,43,36,44,37,26,50,26,28,36.25,1
ALU7612,37,29,12,1,17,29,23,26,21.75,1
ALU7613,82,96,88,81,85,86,84,71,84.12,4
ALU7614,27,67,38,47,40,42,31,40,41.5,2
ALU7615,30,49,35,0,20,36,5,45,27.5,1
ALU7616,64,33,71,22,34,66,54,62,50.75,2
ALU7617,29,48,42,31,38,23,23,22,32.0,1
ALU7618,78,66,63,57,63,73,59,68,65.88,3
ALU7619,99,90,91,84,100,86,82,100,91.5,5
ALU7620,46,28,61,44,29,28,26,45,38.38,1
ALU7621,82,57,65,66,75,73,90,87,74.38,3
ALU7622,46,55,48,55,76,59,62,75,59.5,2
ALU7623,0,4,27,24,40,14,21,22,19.0,1
ALU7624,56,81,82,81,53,67,75,58,69.12,3
ALU7625,47,46,58,28,63,62,56,68,53.5,2
ALU7626,74,68,56,52,79,80,70,52,66.38,3
ALU7627,84,100,91,95,95,100,100,84,93.62,5
ALU7628,39,22,49,17,43,56,56,36,39.75,1
ALU7629,77,75,90,88,66,76,88,69,78.62,4
ALU7630,79,75,71,73,73,89,61,71,74.0,3
ALU7631,62,53,49,2,53,44,29,49,42.62,2
ALU7632,69,75,48,50,61,48,38,55,55.5,2
ALU7633,40,47,64,40,39,43,45,48,45.75,2
ALU7634,78,94,95,89,85,100,86,82,88.62,4
ALU7635,61,69,71,56,60,55,66,70,63.5,3
ALU7636,28,13,6,11,0,13,0,0,8.88,1
ALU7637,45,12,44,52,43,41,60,67,45.5,2
ALU7638,45,58,45,70,52,46,39,51,50.75,2
ALU7639,9,13,0,0,7,0,11,0,5.0,1
ALU7640,10,14,6,0,9,0,2,3,5.5,1
ALU7641,37,31,70,54,39,64,45,48,48.5,2
ALU7642,11,15,49,13,24,27,31,47,27.12,1
ALU7643,45,40,34,34,47,34,33,59,40.75,2
ALU7644,20,58,34,32,10,33,15,37,29.88,1
ALU7645,11,7,12,40,27,39,44,31,26.38,1
ALU7646,63,84,72,90,73,49,63,82,72.0,3
ALU7647,49,75,57,52,45,22,55,54,51.12,2
ALU7648,22,23,34,13,18,45,3,12,21.25,1
ALU7649,24,23,14,12,23,41,8,35,22.5,1
ALU7650,56,65,43,93,54,42,50,48,56.38,2
ALU7651,0,14,10,6,9,4,21,26,11.25,1
ALU7652,21,5,5,30,15,3,18,35,16.5,1
ALU7653,0,1,0,15,26,21,5,29,12.12,1
ALU7654,75,84,81,69,60,93,83,62,75.88,4
ALU7655,81,86,61,63,63,82,66,87,73.62,3
ALU7656,62,67,99,47,80,75,89,64,72.88,3
ALU7657,76,68,63,89,90,75,86,74,77.62,4
ALU7658,76,75,62,63,56,54,58,76,65.0,3
ALU7659,14,45,51,73,58,41,38,27,43.38,2
ALU7660,61,58,44,54,51,62,61,74,58.12,2
ALU7661,0,0,14,3,4,4,13,0,4.75,1
ALU7662,59,49,65,40,61,60,57,58,56.12,2
ALU7663,74,100,70,69,68,50,87,88,75.75,4
ALU7664,25,47,53,27,45,63,53,68,47.62,2
ALU7665,56,57,42,44,23,21,50,48,42.62,2
ALU7666,32,55,47,31,36,0,16,22,29.88,1
ALU7667,54,60,92,89,53,52,55,54,63.62,3
ALU7668,82,72,54,41,60,64,73,65,63.88,3
ALU7669,65,84,67,100,75,100,84,84,82.38,4
ALU7670,23,11,37,18,28,28,33,48,28.25,1
ALU7671,51,50,49,80,75,77,68,73,65.38,3
ALU7672,73,56,63,34,56,60,56,49,55.88,2
ALU7673,87,78,85,88,100,61,100,79,84.75,4
ALU7674,59,80,56,7,50,50,28,68,49.75,2
ALU7675,54,48,47,39,50,47,49,52,48.25,2
ALU7676,62,86,60,58,70,58,55,78,65.88,3
ALU7677,73,65,78,100,74,78,59,85,76.5,4
ALU7678,94,100,94,53,90,100,89,84,88.0,4
ALU7679,12,19,0,11,10,0,0,5,7.12,1
ALU7680,3,18,11,0,11,17,2,8,8.75,1
ALU7681,88,81,100,54,99,78,86,87,84.12,4
ALU7682,55,61,55,32,66,39,52,68,53.5,2
ALU7683,61,85,61,51,70,86,82,52,68.5,3
ALU7684,33,46,67,56,53,21,38,49,45.38,2
ALU7685,0,8,4,15,15,5,0,18,8.12,1
ALU7686,84,70,84,50,94,77,86,84,78.62,4
ALU7687,69,96,65,39,67,63,18,78,61.88,3
ALU7688,38,45,46,40,40,35,25,38,38.38,1
ALU7689,21,54,42,29,44,12,28,25,31.88,1
ALU7690,65,85,75,100,90,52,69,75,76.38,4
ALU7691,3,12,8,5,3,0,10,14,6.88,1
ALU7692,82,90,96,100,100,86,76,81,88.88,4
ALU7693,21,44,5,37,44,25,7,15,24.75,1
ALU7694,71,54,53,73,68,67,65,52,62.88,3
ALU7695,91,100,96,97,79,67,97,91,89.75,4
ALU7696,84,71,62,74,75,57,54,82,69.88,3
ALU7697,46,6,43,1,19,41,35,29,27.5,1
ALU7698,42,80,42,62,64,52,89,51,60.25,3
ALU7699,46,16,25,24,37,38,41,46,34.12,1
ALU7700,14,42,38,52,25,25,29,24,31.12,1
ALU7701,97,100,85,76,100,100,100,82,92.5,5
ALU7702,64,77,56,67,73,76,53,72,67.25,3
ALU7703,84,71,75,77,53,35,38,50,60.38,3
ALU7704,51,53,43,42,44,59,38,67,49.62,2
ALU7705,2,1,0,12,13,0,19,0,5.88,1
ALU7706,6,19,9,27,0,0,0,10,8.88,1
ALU7707,57,72,42,59,68,53,39,62,56.5,2
ALU7708,82,99,71,63,74,78,83,86,79.5,4
ALU7709,53,36,55,30,63,49,39,38,45.38,2
ALU7710,70,86,70,89,84,72,77,87,79.38,4
ALU7711,0,0,16,0,4,6,10,0,4.5,1
ALU7712,37,22,48,33,42,45,49,42,39.75,1
ALU7713,38,31,29,45,25,9,22,25,28.0,1
ALU7714,49,46,50,41,48,28,51,55,46.0,2
ALU7715,3,28,0,3,17,0,0,15,8.25,1
ALU7716,97,85,100,85,92,100,97,89,93.12,5
ALU7717,21,23,23,20,29,30,14,24,23.0,1
ALU7718,96,91,76,70,84,96,71,67,81.38,4
ALU7719,68,30,45,73,37,67,68,31,52.38,2
ALU7720,90,82,100,83,100,100,100,100,94.38,5
ALU7721,62,71,61,68,69,57,56,57,62.62,3
ALU7722,81,80,75,70,83,100,100,98,85.88,4
ALU7723,4,23,14,15,8,0,1,0,8.12,1
ALU7724,72,81,71,75,58,68,70,84,72.38,3
ALU7725,84,63,92,86,100,100,84,82,86.38,4
ALU7726,42,25,7,20,29,0,6,0,16.12,1
ALU7727,10,21,26,21,7,1,0,12,12.25,1
ALU7728,49,49,45,39,39,55,39,61,47.0,2
ALU7729,69,86,100,85,100,90,100,60,86.25,4
ALU7730,58,39,35,64,55,61,57,64,54.12,2
ALU7731,63,72,35,31,58,23,62,54,49.75,2
ALU7732,12,16,14,0,7,5,22,53,16.12,1
ALU7733,0,0,22,8,10,14,0,37,11.38,1
ALU7734,77,84,100,41,76,64,80,53,71.88,3
ALU7735,13,1,2,0,15,25,8,32,12.0,1
ALU7736,69,47,62,94,58,66,49,56,62.62,3
ALU7737,100,81,89,100,85,69,98,84,88.25,4
ALU7738,19,13,32,13,24,28,8,15,19.0,1
ALU7739,56,51,75,82,59,76,56,55,63.75,3
ALU7740,0,24,0,30,34,17,38,30,21.62,1
ALU7741,61,57,60,67,48,67,67,26,56.62,2
ALU7742,24,38,0,18,24,0,22,10,17.0,1
ALU7743,65,58,80,82,74,100,45,80,73.0,3
ALU7744,39,6,28,46,39,74,30,3,33.12,1
ALU7745,51,48,32,58,21,68,32,43,44.12,2
ALU7746,59,86,62,31,42,60,58,42,55.0,2
ALU7747,11,28,15,57,14,14,18,23,22.5,1
ALU7748,66,100,86,100,80,65,61,72,78.75,4
ALU7749,7,37,21,0,29,43,46,45,28.5,1
ALU7750,66,68,91,73,61,80,76,32,68.38,3
ALU7751,19,0,29,56,19,9,5,25,20.25,1
ALU7752,68,73,82,84,58,66,85,56,71.5,3
ALU7753,21,19,4,34,21,35,2,36,21.5,1
ALU7754,47,37,64,17,45,41,63,37,43.88,2
ALU7755,26,25,12,41,32,28,24,15,25.38,1
ALU7756,72,71,69,76,87,93,67,64,74.88,3
ALU7757,14,25,44,42,26,46,46,36,34.88,1
ALU7758,78,100,90,65,85,96,82,94,86.25,4
ALU7759,85,79,70,65,75,69,98,84,78.12,4
ALU7760,15,25,36,20,10,6,7,8,15.88,1
ALU7761,68,54,64,53,60,49,60,43,56.38,2
ALU7762,6,24,7,10,13,5,18,22,13.12,1
ALU7763,42,42,21,31,47,43,54,47,40.88,2
ALU7764,70,65,74,65,74,67,77,74,70.75,3
ALU7765,71,35,62,52,66,61,64,86,62.12,3
ALU7766,70,64,63,60,78,57,66,50,63.5,3
ALU7767,37,25,11,4,27,17,21,58,25.0,1
ALU7768,17,38,33,48,37,32,46,43,36.75,1
ALU7769,26,0,20,18,17,50,19,7,19.62,1
ALU7770,84,91,92,46,57,80,60,68,72.25,3
ALU7771,45,63,47,74,57,50,51,33,52.5,2
ALU7772,71,90,86,53,69,46,78,54,68.38,3
ALU7773,18,44,36,48,28,12,56,25,33.38,1
ALU7774,14,43,37,40,39,33,48,45,37.38,1
ALU7775,27,17,22,53,38,55,37,25,34.25,1
ALU7776,1,34,0,10,11,10,10,37,14.12,1
ALU7777,32,21,43,45,31,38,33,35,34.75,1
ALU7778,67,73,70,95,92,93,78,68,79.5,4
ALU7779,78,96,78,100,71,71,95,67,82.0,4
ALU7780,51,62,49,70,44,72,60,44,56.5,2
ALU7781,38,54,44,54,40,40,44,66,47.5,2
ALU7782,13,1,18,0,0,25,0,31,11.0,1
ALU7783,90,75,78,40,66,100,81,92,77.75,4
ALU7784,29,44,15,3,22,0,0,6,14.88,1
ALU7785,100,89,95,77,96,90,75,69,86.38,4
ALU7786,51,46,28,36,42,60,56,13,41.5,2
ALU7787,29,25,39,34,42,31,39,38,34.62,1
ALU7788,91,91,56,100,86,84,77,82,83.38,4
ALU7789,10,10,0,0,4,1,3,0,3.5,1
ALU7790,52,57,62,73,47,29,61,62,55.38,2
ALU7791,62,60,54,55,54,70,57,35,55.88,2
ALU7792,10,51,3,25,18,9,30,45,23.88,1
ALU7793,41,34,30,77,33,9,34,69,40.88,2
ALU7794,69,64,32,66,73,79,68,73,65.5,3
ALU7795,67,60,54,69,62,77,69,66,65.5,3
ALU7796,2,9,12,14,19,0,14,0,8.75,1
ALU7797,87,80,82,100,82,100,100,84,89.38,4
ALU7798,11,11,21,18,4,29,56,24,21.75,1
ALU7799,37,4,26,33,31,26,41,40,29.75,1
ALU7800,18,30,29,26,24,23,30,35,26.88,1
ALU7801,11,14,20,6,0,6,7,26,11.25,1
ALU7802,20,43,13,7,18,19,4,23,18.38,1
ALU7803,84,100,100,83,80,81,82,100,88.75,4
ALU7804,34,26,3,63,13,50,36,32,32.12,1
ALU7805,6,0,28,5,22,23,19,0,12.88,1
ALU7806,28,0,0,0,29,12,46,32,18.38,1
ALU7807,58,50,56,72,65,95,61,100,69.62,3
ALU7808,75,100,73,100,94,77,71,86,84.5,4
ALU7809,15,32,41,50,36,51,31,20,34.5,1
ALU7810,0,0,0,0,13,11,0,13,4.62,1
ALU7811,40,10,17,45,23,36,29,20,27.5,1
ALU7812,15,0,0,47,4,4,4,10,10.5,1
ALU7813,15,5,17,1,17,0,10,15,10.0,1
ALU7814,37,63,52,40,50,51,48,33,46.75,2
ALU7815,34,25,46,3,13,7,18,15,20.12,1
ALU7816,43,29,80,84,48,42,47,50,52.88,2
ALU7817,35,62,35,0,25,28,34,25,30.5,1
ALU7818,80,72,94,82,86,80,90,97,85.12,4
ALU7819,80,77,71,100,79,86,78,90,82.62,4
ALU7820,63,75,78,43,42,59,50,64,59.25,2
ALU7821,45,43,39,19,33,14,49,34,34.5,1
ALU7822,45,32,35,38,36,43,43,28,37.5,1
ALU7823,31,23,46,85,37,32,37,27,39.75,1
ALU7824,66,55,62,65,76,54,80,84,67.75,3
ALU7825,47,32,17,41,31,15,50,38,33.88,1
ALU7826,73,82,88,62,84,58,98,73,77.25,4
ALU7827,100,92,100,96,72,90,100,100,93.75,5
ALU7828,11,33,41,51,34,35,49,29,35.38,1
ALU7829,47,54,55,44,32,63,51,24,46.25,2
ALU7830,8,0,13,23,4,39,2,16,13.12,1
ALU7831,0,27,25,12,22,43,32,15,22.0,1
ALU7832,28,61,43,8,27,57,51,32,38.38,1
ALU7833,29,21,22,31,9,41,22,21,24.5,1
ALU7834,84,81,84,100,93,86,71,55,81.75,4
ALU7835,34,20,37,0,3,21,22,0,17.12,1
ALU7836,61,62,51,49,44,69,50,39,53.12,2
ALU7837,63,46,60,83,74,62,43,67,62.25,3
ALU7838,70,89,75,65,68,70,71,63,71.38,3
ALU7839,40,45,47,13,39,56,53,35,41.0,2
ALU7840,56,83,94,84,76,79,67,83,77.75,4
ALU7841,42,74,47,82,49,54,62,68,59.75,2
ALU7842,45,26,38,35,42,24,60,45,39.38,1
ALU7843,17,18,1,15,0,4,27,10,11.5,1
ALU7844,49,53,56,27,56,41,24,39,43.12,2
ALU7845,69,64,87,77,80,74,91,73,76.88,4
ALU7846,69,67,45,67,42,72,56,62,60.0,3
ALU7847,94,84,84,82,90,64,74,98,83.75,4
ALU7848,58,46,65,41,56,71,79,52,58.5,2
ALU7849,25,28,12,23,20,0,18,4,16.25,1
ALU7850,0,0,9,18,28,15,1,2,9.12,1
ALU7851,43,36,41,45,33,44,41,47,41.25,2
ALU7852,69,65,51,62,83,78,88,68,70.5,3
ALU7853,81,66,77,64,76,92,78,56,73.75,3
ALU7854,35,39,46,66,36,28,25,37,39.0,1
ALU7855,48,46,42,52,44,68,50,40,48.75,2
ALU7856,34,20,52,38,24,32,55,26,35.12,1
ALU7857,41,14,42,15,23,32,38,43,31.0,1
ALU7858,35,37,17,9,24,56,38,14,28.75,1
ALU7859,12,0,16,5,14,19,15,28,13.62,1
ALU7860,31,26,16,30,10,36,0,23,21.5,1
ALU7861,17,10,0,3,7,17,28,28,13.75,1
ALU7862,19,17,19,23,27,33,26,27,23.88,1
ALU7863,19,35,6,0,18,0,18,0,12.0,1
ALU7864,57,64,59,86,54,67,65,54,63.25,3
ALU7865,48,44,30,20,37,33,33,28,34.12,1
ALU7866,96,96,95,96,100,100,100,99,97.75,5
ALU7867,22,18,28,12,29,10,20,2,17.62,1
ALU7868,27,35,22,30,28,54,57,39,36.5,1
ALU7869,36,59,34,22,38,19,36,24,33.5,1
ALU7870,3,22,0,11,7,0,27,37,13.38,1
ALU7871,67,100,78,62,86,56,87,88,78.0,4
ALU7872,5,11,9,13,8,0,0,16,7.75,1
ALU7873,81,76,96,87,94,89,77,90,86.25,4
ALU7874,91,78,87,96,95,100,95,62,88.0,4
ALU7875,66,35,59,66,42,53,42,53,52.0,2
ALU7876,41,65,54,48,40,34,37,59,47.25,2
ALU7877,80,55,55,70,69,32,79,55,61.88,3
ALU7878,38,0,26,31,38,49,20,38,30.0,1
ALU7879,53,100,60,86,71,53,72,72,70.88,3
ALU7880,16,0,0,2,19,1,4,10,6.5,1
ALU7881,5,1,8,6,0,26,18,13,9.62,1
ALU7882,45,71,40,37,37,44,49,53,47.0,2
ALU7883,50,36,59,41,53,49,29,71,48.5,2
ALU7884,76,100,85,100,74,87,81,73,84.5,4
ALU7885,21,5,19,23,9,36,11,41,20.62,1
ALU7886,76,59,84,80,66,82,83,100,78.75,4
ALU7887,9,49,21,15,19,0,27,16,19.5,1
ALU7888,45,54,39,60,30,28,37,49,42.75,2
ALU7889,21,47,39,23,36,29,19,58,34.0,1
ALU7890,29,46,70,43,50,53,46,61,49.75,2
ALU7891,30,27,6,58,22,0,28,0,21.38,1
ALU7892,38,31,50,33,76,52,54,48,47.75,2
ALU7893,53,78,62,86,86,75,74,70,73.0,3
ALU7894,50,30,44,49,53,59,40,56,47.62,2
ALU7895,46,28,41,58,48,34,38,62,44.38,2
ALU7896,79,87,79,76,78,83,84,64,78.75,4
ALU7897,65,85,70,57,81,91,70,58,72.12,3
ALU7898,51,43,43,53,46,62,59,27,48.0,2
ALU7899,20,25,6,19,28,37,20,26,22.62,1
ALU7900,99,67,100,42,82,79,86,80,79.38,4
ALU7901,42,57,67,42,62,59,41,63,54.12,2
ALU7902,29,36,23,19,33,23,20,50,29.12,1
ALU7903,35,41,18,9,39,42,22,32,29.75,1
ALU7904,69,85,78,79,74,85,89,73,79.0,4
ALU7905,0,0,13,0,10,0,29,20,9.0,1
ALU7906,100,84,100,93,97,100,80,89,92.88,5
ALU7907,6,28,27,55,31,34,27,14,27.75,1
ALU7908,70,88,89,98,58,63,84,79,78.62,4
ALU7909,49,37,19,51,40,35,33,23,35.88,1
ALU7910,49,42,45,81,42,46,40,44,48.62,2
ALU7911,66,100,96,82,78,96,75,73,83.25,4
ALU7912,59,36,31,41,33,30,37,53,40.0,2
ALU7913,48,64,68,34,58,43,49,38,50.25,2
ALU7914,5,7,31,32,0,22,7,0,13.0,1
ALU7915,7,0,19,40,3,13,0,0,10.25,1
ALU7916,33,51,34,43,8,0,36,16,27.62,1
ALU7917,85,68,60,91,59,76,72,89,75.0,4
ALU7918,0,5,19,0,13,0,13,31,10.12,1
ALU7919,23,0,0,57,11,5,8,22,15.75,1
ALU7920,49,22,32,40,48,36,35,36,37.25,1
ALU7921,61,57,54,100,75,56,68,62,66.62,3
ALU7922,76,97,69,100,88,59,69,91,81.12,4
ALU7923,30,12,16,34,20,5,23,16,19.5,1
ALU7924,0,33,15,5,23,19,22,0,14.62,1
ALU7925,100,87,100,92,100,65,88,100,91.5,5
ALU7926,12,10,19,0,23,20,44,25,19.12,1
ALU7927,70,74,83,98,94,93,57,79,81.0,4
ALU7928,80,63,77,36,60,88,66,79,68.62,3
ALU7929,93,61,76,69,77,53,96,72,74.62,3
ALU7930,17,6,28,47,36,0,15,27,22.0,1
ALU7931,78,50,90,91,79,62,82,74,75.75,4
ALU7932,88,96,82,46,72,41,89,78,74.0,3
ALU7933,55,61,63,34,56,60,62,73,58.0,2
ALU7934,23,25,18,24,50,28,46,56,33.75,1
ALU7935,24,31,15,30,12,22,36,15,23.12,1
ALU7936,29,3,6,31,12,23,27,30,20.12,1
ALU7937,51,10,55,61,59,63,56,66,52.62,2
ALU7938,76,100,42,38,60,61,66,75,64.75,3
ALU7939,44,40,41,48,49,33,30,38,40.38,2
ALU7940,41,38,50,60,54,37,54,44,47.25,2
ALU7941,38,8,14,46,32,32,37,16,27.88,1
ALU7942,54,40,49,100,68,65,61,64,62.62,3
ALU7943,79,100,98,99,72,99,65,100,89.0,4
ALU7944,64,42,28,37,0,0,14,24,26.12,1
ALU7945,49,50,29,73,33,22,37,36,41.12,2
ALU7946,26,0,5,32,18,17,36,25,19.88,1
ALU7947,55,83,31,51,53,29,57,44,50.38,2
ALU7948,86,77,88,92,72,74,73,66,78.5,4
ALU7949,99,98,89,81,89,100,100,100,94.5,5
ALU7950,48,36,52,12,11,65,15,37,34.5,1
ALU7951,100,67,88,74,85,91,85,83,84.12,4
ALU7952,0,0,14,32,20,23,21,35,18.12,1
ALU7953,48,51,69,70,64,59,88,38,60.88,3
ALU7954,0,19,29,29,3,34,0,14,16.0,1
ALU7955,76,64,91,96,91,79,84,97,84.75,4
ALU7956,55,50,52,56,70,57,60,69,58.62,2
ALU7957,59,62,65,70,60,74,75,66,66.38,3
ALU7958,100,91,67,90,87,85,100,90,88.75,4
ALU7959,37,28,13,7,24,6,10,18,17.88,1
ALU7960,8,0,9,0,3,0,5,31,7.0,1
ALU7961,100,100,100,75,72,99,64,88,87.25,4
ALU7962,48,15,28,43,49,37,34,49,37.88,1
ALU7963,12,32,29,4,27,17,22,0,17.88,1
ALU7964,27,38,46,85,44,60,72,45,52.12,2
ALU7965,56,61,73,66,70,71,79,66,67.75,3
ALU7966,1,11,15,9,13,13,25,15,12.75,1
ALU7967,31,32,37,18,41,39,21,21,30.0,1
ALU7968,8,18,19,24,0,0,13,0,10.25,1
ALU7969,43,48,52,21,38,50,47,18,39.62,1
ALU7970,90,97,98,91,100,62,91,72,87.62,4
ALU7971,81,100,100,85,100,93,92,100,93.88,5
ALU7972,66,43,81,64,58,73,75,19,59.88,2
ALU7973,15,23,25,28,15,8,15,17,18.25,1
ALU7974,88,78,81,65,93,88,90,82,83.12,4
ALU7975,61,34,55,21,54,55,68,52,50.0,2
ALU7976,6,14,0,2,24,5,44,17,14.0,1
ALU7977,85,90,97,100,66,100,78,74,86.25,4
ALU7978,71,76,60,79,70,77,79,87,74.88,3
ALU7979,65,86,84,63,78,45,76,48,68.12,3
ALU7980,77,88,92,100,45,70,83,95,81.25,4
ALU7981,15,28,5,46,6,44,42,29,26.88,1
ALU7982,18,31,23,42,6,23,19,11,21.62,1
ALU7983,59,68,54,53,73,57,66,57,60.88,3
ALU7984,35,36,4,43,15,16,25,40,26.75,1
ALU7985,39,51,43,50,32,42,50,25,41.5,2
ALU7986,79,74,83,62,75,57,85,76,73.88,3
ALU7987,95,100,84,73,63,96,71,75,82.12,4
ALU7988,45,37,47,27,50,59,68,44,47.12,2
ALU7989,87,98,56,63,100,92,54,83,79.12,4
ALU7990,97,60,81,59,76,57,66,89,73.12,3
ALU7991,74,76,46,81,44,65,71,69,65.75,3
ALU7992,25,47,8,24,21,41,23,41,28.75,1
ALU7993,36,1,17,12,34,15,22,33,21.25,1
ALU7994,20,35,45,42,37,32,44,26,35.12,1
ALU7995,7,26,22,15,23,0,25,0,14.75,1
ALU7996,23,33,33,48,23,42,44,30,34.5,1
ALU7997,46,29,13,26,21,20,11,29,24.38,1
ALU7998,37,48,41,20,21,44,55,21,35.88,1
ALU7999,78,70,70,77,92,69,96,92,80.5,4
ALU8000,3,49,30,0,1,37,2,2,15.5,1
ALU8001,75,62,96,79,71,70,70,57,72.5,3
ALU8002,68,73,73,86,58,78,78,68,72.75,3
ALU8003,24,3,22,0,12,19,29,0,13.62,1
ALU8004,94,53,86,85,97,74,86,100,84.38,4
ALU8005,42,42,36,76,51,31,42,68,48.5,2
ALU8006,29,16,27,9,30,34,56,21,27.75,1
ALU8007,86,89,67,65,73,89,73,70,76.5,4
ALU8008,26,19,23,28,21,0,5,30,19.0,1
ALU8009,79,59,60,86,57,96,64,56,69.62,3
ALU8010,7,0,9,18,27,21,22,1,13.12,1
ALU8011,70,81,70,94,61,83,65,78,75.25,4
ALU8012,42,34,71,56,51,43,46,45,48.5,2
ALU8013,52,77,45,55,60,75,58,60,60.25,3
ALU8014,19,29,35,54,16,6,24,25,26.0,1
ALU8015,67,57,62,53,69,72,60,71,63.88,3
ALU8016,79,87,80,24,74,79,80,69,71.5,3
ALU8017,31,47,53,15,60,74,44,53,47.12,2
ALU8018,60,60,62,58,49,55,68,76,61.0,3
ALU8019,40,24,32,40,40,46,41,52,39.38,1
ALU8020,78,84,81,75,95,84,98,100,86.88,4
ALU8021,51,54,51,52,47,42,49,30,47.0,2
ALU8022,75,100,82,100,86,100,66,72,85.12,4
ALU8023,90,65,64,85,89,62,66,82,75.38,4
ALU8024,53,76,57,53,47,19,28,45,47.25,2
ALU8025,37,34,0,6,19,29,12,20,19.62,1
ALU8026,36,18,38,32,38,30,25,50,33.38,1
ALU8027,69,66,68,91,91,83,66,82,77.0,4
ALU8028,26,46,27,27,27,34,25,41,31.62,1
ALU8029,50,70,64,60,50,54,61,37,55.75,2
ALU8030,71,77,60,88,81,77,61,78,74.12,3
ALU8031,25,39,65,39,23,5,27,30,31.62,1
ALU8032,62,45,65,91,60,71,72,74,67.5,3
ALU8033,23,46,31,17,26,30,25,34,29.0,1
ALU8034,21,0,0,0,13,42,0,8,10.5,1
ALU8035,83,89,75,44,72,93,76,90,77.75,4
ALU8036,24,34,25,27,10,0,18,13,18.88,1
ALU8037,16,30,31,19,28,45,33,12,26.75,1
ALU8038,85,96,83,100,96,62,100,78,87.5,4
ALU8039,28,63,35,40,14,48,27,68,40.38,2
ALU8040,80,96,76,86,99,100,100,89,90.75,5
ALU8041,88,90,76,74,92,100,92,96,88.5,4
ALU8042,39,28,43,44,28,23,34,33,34.0,1
ALU8043,4,0,19,7,4,19,0,8,7.62,1
ALU8044,84,56,80,73,73,83,60,89,74.75,3
ALU8045,51,52,35,56,55,52,30,55,48.25,2
ALU8046,10,11,12,18,0,0,0,23,9.25,1
ALU8047,80,73,83,53,89,70,76,64,73.5,3
ALU8048,12,0,0,17,9,16,1,17,9.0,1
ALU8049,73,81,96,98,84,83,100,79,86.75,4
ALU8050,36,32,10,23,3,4,11,23,17.75,1
ALU8051,19,0,6,27,10,13,24,45,18.0,1
ALU8052,20,21,20,33,34,34,21,42,28.12,1
ALU8053,82,63,78,84,92,97,69,89,81.75,4
ALU8054,79,47,44,59,71,74,51,70,61.88,3
ALU8055,82,89,78,100,72,73,58,61,76.62,4
ALU8056,47,36,47,64,60,47,58,37,49.5,2
ALU8057,30,62,49,34,33,3,50,4,33.12,1
ALU8058,34,32,33,38,37,25,49,38,35.75,1
ALU8059,57,56,71,31,46,42,21,37,45.12,2
ALU8060,47,38,70,43,58,55,38,53,50.25,2
ALU8061,47,56,70,39,65,44,69,55,55.62,2
ALU8062,33,17,33,33,37,33,18,42,30.75,1
ALU8063,74,74,100,95,97,100,98,100,92.25,5
ALU8064,21,30,0,39,15,21,14,40,22.5,1
ALU8065,87,100,86,88,100,92,85,74,89.0,4
ALU8066,18,12,0,25,0,43,0,15,14.12,1
ALU8067,44,35,56,60,36,34,41,36,42.75,2
ALU8068,46,39,26,79,32,42,39,37,42.5,2
ALU8069,40,16,81,75,49,69,33,58,52.62,2
ALU8070,66,76,50,83,46,50,57,52,60.0,3
ALU8071,64,24,45,59,43,56,31,47,46.12,2
ALU8072,31,25,37,26,28,44,33,33,32.12,1
ALU8073,73,72,65,76,68,54,62,86,69.5,3
ALU8074,94,69,51,100,76,64,72,63,73.62,3
ALU8075,80,78,64,89,71,79,90,72,77.88,4
ALU8076,28,10,1,12,15,17,49,32,20.5,1
ALU8077,67,76,66,65,63,35,69,72,64.12,3
ALU8078,58,32,52,39,49,51,62,38,47.62,2
ALU8079,21,16,61,22,62,15,59,44,37.5,1
ALU8080,60,47,33,56,50,56,52,41,49.38,2
ALU8081,13,14,50,46,43,41,40,42,36.12,1
ALU8082,13,36,36,3,4,0,29,10,16.38,1
ALU8083,36,6,39,14,28,25,26,12,23.25,1
ALU8084,10,37,17,0,4,0,13,4,10.62,1
ALU8085,59,82,62,64,64,61,64,68,65.5,3
ALU8086,73,82,79,29,56,54,57,71,62.62,3
ALU8087,82,100,81,85,100,97,84,81,88.75,4
ALU8088,58,71,73,72,73,46,83,71,68.38,3
ALU8089,12,0,9,0,10,24,0,0,6.88,1
ALU8090,82,83,73,66,98,100,86,79,83.38,4
ALU8091,70,74,85,81,82,80,82,75,78.62,4
ALU8092,51,34,53,41,55,24,27,34,39.88,1
ALU8093,62,59,46,55,75,26,67,40,53.75,2
ALU8094,89,88,98,98,94,100,76,91,91.75,5
ALU8095,49,41,26,22,55,82,43,68,48.25,2
ALU8096,91,82,73,99,96,87,85,87,87.5,4
ALU8097,24,20,6,6,26,0,30,8,15.0,1
ALU8098,19,36,26,11,23,5,28,33,22.62,1
ALU8099,51,20,55,11,38,62,48,37,40.25,2
ALU8100,63,53,58,52,66,60,73,60,60.62,3
ALU8101,87,76,85,87,84,63,75,56,76.62,4
ALU8102,94,76,92,96,100,100,100,93,93.88,5
ALU8103,30,38,44,43,46,55,46,35,42.12,2
ALU8104,4,11,13,3,11,17,10,0,8.62,1
ALU8105,80,84,70,76,79,68,55,70,72.75,3
ALU8106,77,60,55,39,66,77,71,26,58.88,2
ALU8107,18,9,30,22,8,36,29,14,20.75,1
ALU8108,57,79,71,40,62,47,46,56,57.25,2
ALU8109,68,84,86,51,76,88,65,59,72.12,3
ALU8110,75,82,60,87,65,90,98,64,77.62,4
ALU8111,65,65,36,21,51,54,40,28,45.0,2
ALU8112,40,36,26,41,45,15,36,36,34.38,1
ALU8113,80,100,93,100,95,77,93,86,90.5,5
ALU8114,58,65,65,55,57,40,72,64,59.5,2
ALU8115,54,41,56,60,28,61,18,57,46.88,2
ALU8116,31,39,45,20,54,8,38,16,31.38,1
ALU8117,59,94,70,59,53,71,89,88,72.88,3
ALU8118,18,49,24,5,30,2,3,23,19.25,1
ALU8119,27,29,26,20,14,45,9,35,25.62,1
ALU8120,62,60,65,35,63,35,59,51,53.75,2
ALU8121,31,41,37,16,18,35,29,8,26.88,1
ALU8122,86,76,56,60,77,38,69,44,63.25,3
ALU8123,23,35,8,15,14,28,24,11,19.75,1
ALU8124,61,60,50,86,61,80,66,40,63.0,3
ALU8125,22,50,32,47,27,30,51,37,37.0,1
ALU8126,0,10,12,14,0,4,14,16,8.75,1
ALU8127,19,26,25,13,12,28,0,0,15.38,1
ALU8128,84,100,100,81,96,79,97,85,90.25,5
ALU8129,99,94,100,82,65,99,82,81,87.75,4
ALU8130,40,39,9,16,18,30,32,35,27.38,1
ALU8131,81,69,79,62,90,51,89,80,75.12,4
ALU8132,47,82,65,58,58,87,79,53,66.12,3
ALU8133,85,100,91,76,86,95,93,72,87.25,4
ALU8134,51,40,28,23,25,33,48,38,35.75,1
ALU8135,60,82,83,83,54,68,53,64,68.38,3
ALU8136,21,49,3,0,20,0,5,0,12.25,1
ALU8137,45,23,14,21,32,38,33,70,34.5,1
ALU8138,92,79,91,100,99,100,100,94,94.38,5
ALU8139,46,93,50,46,43,63,74,44,57.38,2
ALU8140,29,37,53,55,29,40,69,23,41.88,2
ALU8141,17,18,21,0,15,6,26,27,16.25,1
ALU8142,78,66,64,69,60,55,81,84,69.62,3
ALU8143,54,81,60,76,63,68,42,71,64.38,3
ALU8144,36,77,36,22,17,50,17,52,38.38,1
ALU8145,91,80,100,100,89,79,80,73,86.5,4
ALU8146,13,5,15,0,11,3,0,6,6.62,1
ALU8147,23,27,15,41,23,38,38,16,27.62,1
ALU8148,74,98,84,75,90,86,100,99,88.25,4
ALU8149,40,52,33,60,35,51,34,46,43.88,2
ALU8150,12,52,14,33,29,8,19,13,22.5,1
ALU8151,65,64,31,90,39,31,56,44,52.5,2
ALU8152,77,100,86,100,80,95,70,65,84.12,4
ALU8153,0,5,4,29,0,23,7,17,10.62,1
ALU8154,85,77,100,72,83,91,87,88,85.38,4
ALU8155,80,98,76,78,76,71,81,77,79.62,4
ALU8156,15,23,15,15,23,28,1,16,17.0,1
ALU8157,69,48,40,69,56,71,44,94,61.38,3
ALU8158,47,34,54,42,36,44,29,53,42.38,2
ALU8159,39,45,44,24,49,40,47,39,40.88,2
ALU8160,66,65,70,72,65,83,60,54,66.88,3
ALU8161,88,76,80,89,70,100,100,67,83.75,4
ALU8162,30,13,35,0,21,29,26,0,19.25,1
ALU8163,59,26,30,57,33,49,50,48,44.0,2
ALU8164,28,57,43,52,41,48,58,45,46.5,2
ALU8165,49,9,45,53,40,45,43,56,42.5,2
ALU8166,40,39,55,46,38,55,43,47,45.38,2
ALU8167,18,17,7,0,19,7,24,0,11.5,1
ALU8168,61,65,57,51,64,62,78,55,61.62,3
ALU8169,26,60,42,74,44,51,47,20,45.5,2
ALU8170,28,1,33,36,5,33,45,16,24.62,1
ALU8171,69,67,91,49,84,76,79,82,74.62,3
ALU8172,63,72,60,85,70,83,71,78,72.75,3
ALU8173,35,59,50,33,81,36,30,48,46.5,2
ALU8174,37,35,14,0,29,31,23,15,23.0,1
ALU8175,63,94,73,92,66,85,76,94,80.38,4
ALU8176,38,18,36,32,37,40,30,33,33.0,1
ALU8177,32,5,15,30,25,16,31,48,25.25,1
ALU8178,66,97,89,48,75,63,71,82,73.88,3
ALU8179,7,0,12,0,31,0,0,17,8.38,1
ALU8180,8,23,16,0,5,37,10,22,15.12,1
ALU8181,3,0,3,31,0,0,0,0,4.62,1
ALU8182,9,0,18,0,5,0,13,10,6.88,1
ALU8183,15,5,6,40,21,0,0,9,12.0,1
ALU8184,100,100,85,76,89,95,100,92,92.12,5
ALU8185,22,12,45,8,54,20,40,0,25.12,1
ALU8186,31,27,12,17,25,20,18,18,21.0,1
ALU8187,27,38,20,14,20,31,2,34,23.25,1
ALU8188,91,70,87,91,81,79,73,71,80.38,4
ALU8189,34,48,68,36,47,38,59,36,45.75,2
ALU8190,19,61,51,32,17,51,28,38,37.12,1
ALU8191,85,93,78,69,86,88,74,89,82.75,4
ALU8192,48,36,55,56,47,0,41,38,40.12,2
ALU8193,28,41,36,44,25,12,25,39,31.25,1
ALU8194,40,13,13,28,8,0,0,25,15.88,1
ALU8195,46,55,33,57,29,36,27,33,39.5,1
ALU8196,24,50,49,38,43,36,28,33,37.62,1
ALU8197,66,67,90,69,73,63,59,65,69.0,3
ALU8198,55,34,34,28,33,21,39,31,34.38,1
ALU8199,44,41,50,44,73,72,58,54,54.5,2
ALU8200,16,0,9,0,0,15,11,15,8.25,1
ALU8201,18,16,13,24,20,8,36,35,21.25,1
ALU8202,48,40,34,59,47,28,22,47,40.62,2
ALU8203,100,100,80,99,97,77,100,57,88.75,4
ALU8204,35,52,38,49,46,33,58,19,41.25,2
ALU8205,75,67,66,44,72,65,63,73,65.62,3
ALU8206,50,45,26,37,41,34,23,16,34.0,1
ALU8207,17,2,13,9,24,4,32,32,16.62,1
ALU8208,18,26,19,13,0,0,7,0,10.38,1
ALU8209,26,20,29,42,27,38,36,44,32.75,1
ALU8210,19,37,17,0,2,31,22,6,16.75,1
ALU8211,18,20,18,23,30,46,26,36,27.12,1
ALU8212,81,43,91,77,85,79,60,63,72.38,3
ALU8213,18,17,0,24,0,0,11,0,8.75,1
ALU8214,54,67,62,45,51,64,44,56,55.38,2
ALU8215,54,32,30,38,21,36,31,18,32.5,1
ALU8216,65,45,54,53,49,30,61,37,49.25,2
ALU8217,64,53,62,46,47,54,49,67,55.25,2
ALU8218,28,4,46,23,21,37,25,53,29.62,1
ALU8219,25,0,26,21,31,53,34,28,27.25,1
ALU8220,62,90,57,68,89,72,87,64,73.62,3
ALU8221,92,71,74,100,91,71,100,62,82.62,4
ALU8222,10,50,33,20,19,0,36,31,24.88,1
ALU8223,20,34,38,22,13,0,27,7,20.12,1
ALU8224,74,100,95,86,100,71,85,68,84.88,4
ALU8225,44,26,21,30,49,61,67,40,42.25,2
ALU8226,54,30,64,54,51,51,57,36,49.62,2
ALU8227,50,21,26,51,42,36,36,39,37.62,1
ALU8228,27,9,12,15,6,32,20,10,16.38,1
ALU8229,72,22,60,55,58,67,61,60,56.88,2
ALU8230,66,45,56,48,59,48,36,31,48.62,2
ALU8231,24,20,24,5,33,40,14,26,23.25,1
ALU8232,34,26,38,64,39,35,50,20,38.25,1
ALU8233,66,61,89,68,86,80,67,80,74.62,3
ALU8234,37,54,51,84,59,39,65,56,55.62,2
ALU8235,2,19,28,18,10,17,14,0,13.5,1
ALU8236,55,40,38,79,73,69,65,54,59.12,2
ALU8237,62,72,70,64,64,81,66,78,69.62,3
ALU8238,74,78,61,63,65,89,82,70,72.75,3
ALU8239,66,62,51,80,54,100,39,43,61.88,3
ALU8240,15,8,12,8,25,14,0,12,11.75,1
ALU8241,57,48,87,92,59,55,59,37,61.75,3
ALU8242,65,91,81,76,74,72,69,70,74.75,3
ALU8243,0,16,17,33,0,0,0,17,10.38,1
ALU8244,39,57,42,24,41,25,50,35,39.12,1
ALU8245,48,33,37,52,57,31,39,31,41.0,2
ALU8246,62,62,80,51,56,94,59,80,68.0,3
ALU8247,42,31,32,0,4,34,27,45,26.88,1
ALU8248,72,30,58,74,71,63,52,68,61.0,3
ALU8249,81,70,100,87,73,62,90,72,79.38,4
ALU8250,65,64,86,94,68,67,70,94,76.0,4
ALU8251,87,81,90,89,95,100,92,96,91.25,5
ALU8252,100,79,87,93,99,89,100,96,92.88,5
ALU8253,1,10,0,32,0,38,0,10,11.38,1
ALU8254,70,62,57,63,57,67,52,75,62.88,3
ALU8255,54,63,47,33,50,39,34,16,42.0,2
ALU8256,74,100,92,80,100,77,86,80,86.12,4
ALU8257,20,8,10,30,15,26,37,11,19.62,1
ALU8258,100,95,69,42,100,71,72,99,81.0,4
ALU8259,61,62,48,69,53,74,58,48,59.12,2
ALU8260,69,76,71,100,86,83,76,100,82.62,4
ALU8261,9,0,27,11,2,8,23,23,12.88,1
ALU8262,20,7,18,13,19,19,10,5,13.88,1
ALU8263,57,76,76,80,77,85,82,86,77.38,4
ALU8264,14,0,11,38,16,37,10,1,15.88,1
ALU8265,73,80,66,86,84,100,99,79,83.38,4
ALU8266,0,2,23,10,1,9,32,4,10.12,1
ALU8267,63,66,56,57,59,51,73,38,57.88,2
ALU8268,30,23,56,18,55,14,34,29,32.38,1
ALU8269,76,62,58,60,62,61,65,44,61.0,3
ALU8270,61,54,63,68,62,55,74,33,58.75,2
ALU8271,24,38,22,1,41,38,42,28,29.25,1
ALU8272,19,34,17,1,20,19,19,11,17.5,1
ALU8273,4,15,38,32,0,22,17,0,16.0,1
ALU8274,50,62,62,53,62,40,70,73,59.0,2
ALU8275,56,64,55,7,36,38,78,57,48.88,2
ALU8276,61,50,63,100,65,67,50,73,66.12,3
ALU8277,36,76,57,34,41,54,66,58,52.75,2
ALU8278,60,27,44,34,41,46,44,50,43.25,2
ALU8279,46,54,40,59,36,79,31,44,48.62,2
ALU8280,4,18,13,0,5,0,0,29,8.62,1
ALU8281,35,21,13,0,16,51,38,5,22.38,1
ALU8282,97,100,91,96,92,100,93,100,96.12,5
ALU8283,93,91,69,97,72,69,70,78,79.88,4
ALU8284,27,62,34,26,57,27,34,54,40.12,2
ALU8285,61,60,49,55,53,84,70,63,61.88,3
ALU8286,76,79,73,60,78,71,99,79,76.88,4
ALU8287,42,36,28,26,51,35,46,64,41.0,2
ALU8288,8,0,20,0,19,8,8,4,8.38,1
ALU8289,11,6,3,23,0,19,19,17,12.25,1
ALU8290,58,46,43,52,56,65,64,42,53.25,2
ALU8291,97,96,100,100,100,100,94,94,97.62,5
ALU8292,52,46,74,97,69,79,71,96,73.0,3
ALU8293,0,7,0,27,13,0,6,23,9.5,1
ALU8294,18,30,38,0,16,21,20,28,21.38,1
ALU8295,92,84,94,69,71,84,66,55,76.88,4
ALU8296,72,52,99,96,79,91,68,100,82.12,4
ALU8297,58,71,68,58,56,49,46,43,56.12,2
ALU8298,57,59,49,33,71,47,52,63,53.88,2
ALU8299,2,4,6,0,0,0,0,14,3.25,1
ALU8300,81,44,62,38,88,86,83,88,71.25,3
ALU8301,89,98,65,70,89,91,81,66,81.12,4
ALU8302,32,30,14,15,32,30,23,37,26.62,1
ALU8303,60,45,61,62,50,52,58,51,54.88,2
ALU8304,51,29,26,45,30,27,50,47,38.12,1
ALU8305,9,13,3,0,2,0,3,0,3.75,1
ALU8306,17,41,17,10,17,12,15,15,18.0,1
ALU8307,35,16,17,0,24,15,2,29,17.25,1
ALU8308,30,35,53,54,46,23,41,33,39.38,1
ALU8309,59,33,68,63,26,25,64,63,50.12,2
ALU8310,42,59,45,57,51,74,48,68,55.5,2
ALU8311,62,36,51,53,67,19,43,54,48.12,2
ALU8312,31,15,19,7,18,20,32,19,20.12,1
ALU8313,20,6,16,11,5,4,11,5,9.75,1
ALU8314,78,41,53,39,53,77,29,39,51.12,2
ALU8315,29,64,32,41,47,45,48,28,41.75,2
ALU8316,44,60,55,25,19,27,54,28,39.0,1
ALU8317,68,76,66,72,67,71,83,95,74.75,3
ALU8318,61,51,42,72,80,89,70,78,67.88,3
ALU8319,74,87,91,94,84,70,91,78,83.62,4
ALU8320,54,42,45,81,37,52,57,38,50.75,2
ALU8321,17,34,9,26,16,14,18,27,20.12,1
ALU8322,65,55,100,100,54,74,76,59,72.88,3
ALU8323,25,31,32,27,32,47,33,33,32.5,1
ALU8324,50,46,44,76,47,55,30,51,49.88,2
ALU8325,17,0,2,18,3,8,0,25,9.12,1
ALU8326,90,82,84,83,73,100,63,67,80.25,4
ALU8327,34,29,0,13,11,40,0,10,17.12,1
ALU8328,86,87,80,91,75,100,96,86,87.62,4
ALU8329,77,84,82,90,96,87,92,78,85.75,4
ALU8330,52,33,49,21,58,35,52,37,42.12,2
ALU8331,60,89,70,84,67,36,91,62,69.88,3
ALU8332,53,76,52,34,57,63,57,42,54.25,2
ALU8333,87,71,88,89,66,88,68,66,77.88,4
ALU8334,42,41,24,54,42,23,45,53,40.5,2
ALU8335,63,96,72,100,80,81,89,88,83.62,4
ALU8336,31,29,40,31,58,39,39,50,39.62,1
ALU8337,90,98,100,71,80,97,100,86,90.25,5
ALU8338,60,40,43,68,31,39,47,47,46.88,2
ALU8339,57,73,51,27,36,35,52,66,49.62,2
ALU8340,76,76,79,54,81,74,77,87,75.5,4
ALU8341,99,97,56,82,78,61,74,42,73.62,3
ALU8342,53,43,54,54,64,69,65,42,55.5,2
ALU8343,19,2,0,23,21,21,0,13,12.38,1
ALU8344,21,43,51,56,63,29,43,68,46.75,2
ALU8345,87,96,83,100,76,82,100,100,90.5,5
ALU8346,81,65,87,71,47,81,55,52,67.38,3
ALU8347,93,89,75,78,91,73,69,87,81.88,4
ALU8348,0,4,0,6,0,18,2,48,9.75,1
ALU8349,51,15,61,47,48,32,43,58,44.38,2
ALU8350,73,71,52,38,64,59,55,51,57.88,2
ALU8351,79,66,90,93,82,78,67,100,81.88,4
ALU8352,0,4,15,28,4,42,8,14,14.38,1
ALU8353,84,100,77,93,72,70,91,72,82.38,4
ALU8354,61,80,38,64,44,63,58,55,57.88,2
ALU8355,13,14,37,4,28,29,35,19,22.38,1
ALU8356,31,42,39,8,41,59,31,23,34.25,1
ALU8357,18,22,21,45,27,50,45,13,30.12,1
ALU8358,27,48,55,53,46,45,37,44,44.38,2
ALU8359,19,0,21,12,15,0,25,8,12.5,1
ALU8360,19,0,20,23,4,0,32,30,16.0,1
ALU8361,94,79,81,82,97,81,59,60,79.12,4
ALU8362,25,21,29,28,21,32,22,0,22.25,1
ALU8363,22,15,44,24,24,43,24,27,27.88,1
ALU8364,44,62,44,11,54,41,44,41,42.62,2
ALU8365,57,44,35,63,57,52,52,46,50.75,2
ALU8366,83,64,58,84,76,95,66,60,73.25,3
ALU8367,48,53,36,21,26,33,56,33,38.25,1
ALU8368,87,52,64,55,80,38,76,60,64.0,3
ALU8369,57,74,40,76,75,77,47,35,60.12,3
ALU8370,5,9,37,35,9,0,14,19,16.0,1
ALU8371,18,33,25,0,28,14,13,25,19.5,1
ALU8372,46,63,38,52,52,51,51,67,52.5,2
ALU8373,28,50,40,36,43,33,24,48,37.75,1
ALU8374,58,59,50,73,73,88,95,71,70.88,3
ALU8375,61,38,71,59,62,97,58,63,63.62,3
ALU8376,35,18,16,26,44,27,25,34,28.12,1
ALU8377,18,36,26,32,39,22,17,8,24.75,1
ALU8378,21,23,3,13,35,25,19,34,21.62,1
ALU8379,72,47,51,70,63,61,47,61,59.0,2
ALU8380,55,41,58,60,53,34,48,25,46.75,2
ALU8381,38,67,31,35,58,41,78,50,49.75,2
ALU8382,15,32,18,5,0,10,42,8,16.25,1
ALU8383,73,71,72,66,63,57,67,77,68.25,3
ALU8384,87,91,87,100,75,75,72,75,82.75,4
ALU8385,27,30,29,17,31,0,31,52,27.12,1
ALU8386,37,53,55,41,43,50,58,65,50.25,2
ALU8387,85,96,85,98,98,88,95,77,90.25,5
ALU8388,29,34,58,46,30,24,43,25,36.12,1
ALU8389,61,69,39,68,75,59,63,67,62.62,3
ALU8390,30,18,27,13,29,13,16,13,19.88,1
ALU8391,52,46,61,54,45,53,44,55,51.25,2
ALU8392,2,20,20,19,16,13,11,13,14.25,1
ALU8393,90,95,100,33,86,82,100,89,84.38,4
ALU8394,79,78,76,100,71,51,75,83,76.62,4
ALU8395,61,74,66,72,81,100,89,71,76.75,4
ALU8396,82,80,64,71,55,60,92,74,72.25,3
ALU8397,56,57,40,95,48,62,43,64,58.12,2
ALU8398,38,56,41,32,37,84,76,62,53.25,2
ALU8399,66,75,86,100,76,76,93,81,81.62,4
ALU8400,98,85,98,100,85,98,100,93,94.62,5
ALU8401,48,58,54,57,57,84,41,55,56.75,2
ALU8402,90,83,67,100,91,64,97,79,83.88,4
ALU8403,48,90,50,42,48,77,47,55,57.12,2
ALU8404,50,61,45,23,50,56,55,40,47.5,2
ALU8405,41,46,30,24,22,38,49,55,38.12,1
ALU8406,22,36,13,43,44,24,20,45,30.88,1
ALU8407,0,0,5,0,5,0,19,0,3.62,1
ALU8408,11,40,43,0,36,50,20,40,30.0,1
ALU8409,78,64,39,49,58,50,26,50,51.75,2
ALU8410,25,57,25,49,38,49,36,56,41.88,2
ALU8411,47,38,38,46,21,37,60,49,42.0,2
ALU8412,75,74,97,100,87,97,100,100,91.25,5
ALU8413,16,27,51,57,40,30,52,35,38.5,1
ALU8414,46,41,44,55,46,24,58,46,45.0,2
ALU8415,18,42,0,14,27,36,12,30,22.38,1
ALU8416,21,42,0,0,9,14,36,43,20.62,1
ALU8417,78,79,77,88,93,86,82,67,81.25,4
ALU8418,54,56,68,61,45,45,65,57,56.38,2
ALU8419,63,68,95,57,78,91,81,63,74.5,3
ALU8420,33,30,4,41,8,25,4,15,20.0,1
ALU8421,65,89,58,61,65,58,61,49,63.25,3
ALU8422,15,54,15,39,20,43,10,13,26.12,1
ALU8423,25,42,14,18,7,20,35,32,24.12,1
ALU8424,7,22,0,26,0,25,10,8,12.25,1
ALU8425,13,29,12,0,12,6,9,4,10.62,1
ALU8426,40,32,22,62,48,33,46,16,37.38,1
ALU8427,23,4,45,0,22,1,11,27,16.62,1
ALU8428,91,93,88,68,98,76,89,86,86.12,4
ALU8429,29,39,44,37,32,25,39,64,38.62,1
ALU8430,31,0,8,7,5,14,16,15,12.0,1
ALU8431,32,20,49,17,13,31,25,23,26.25,1
ALU8432,58,45,61,48,52,48,70,54,54.5,2
ALU8433,0,25,20,0,4,19,1,0,8.62,1
ALU8434,86,74,75,88,76,77,72,62,76.25,4
ALU8435,98,96,100,90,82,84,88,100,92.25,5
ALU8436,0,16,31,43,27,36,26,45,28.0,1
ALU8437,48,69,40,46,37,37,53,31,45.12,2
ALU8438,2,0,0,0,18,34,30,13,12.12,1
ALU8439,60,69,59,76,73,69,62,81,68.62,3
ALU8440,33,23,38,9,48,21,42,23,29.62,1
ALU8441,27,21,39,0,34,27,21,29,24.75,1
ALU8442,37,26,20,0,8,13,14,16,16.75,1
ALU8443,59,67,40,57,86,39,71,66,60.62,3
ALU8444,52,45,50,49,39,58,42,59,49.25,2
ALU8445,13,23,36,0,29,37,36,26,25.0,1
ALU8446,74,57,47,66,75,56,80,75,66.25,3
ALU8447,55,53,77,49,45,66,66,24,54.38,2
ALU8448,85,82,99,84,76,95,64,92,84.62,4
ALU8449,15,18,8,0,19,15,23,15,14.12,1
ALU8450,82,74,62,100,60,89,64,100,78.88,4
ALU8451,39,76,78,66,64,70,43,74,63.75,3
ALU8452,1,16,0,0,0,32,18,10,9.62,1
ALU8453,71,70,59,69,67,49,83,93,70.12,3
ALU8454,24,38,28,71,58,46,53,43,45.12,2
ALU8455,84,74,90,66,90,93,79,93,83.62,4
ALU8456,17,20,35,0,3,0,51,0,15.75,1
ALU8457,54,80,67,60,57,46,72,54,61.25,3
ALU8458,32,46,51,38,45,15,29,29,35.62,1
ALU8459,93,78,86,100,92,91,66,88,86.75,4
ALU8460,44,46,35,61,39,28,32,17,37.75,1
ALU8461,82,86,76,100,89,72,68,67,80.0,4
ALU8462,80,96,84,61,78,100,73,87,82.38,4
ALU8463,22,23,20,10,30,35,8,8,19.5,1
ALU8464,53,82,75,62,77,66,68,87,71.25,3
ALU8465,96,86,91,100,100,97,88,100,94.75,5
ALU8466,37,20,23,38,23,24,17,30,26.5,1
ALU8467,54,20,69,67,44,20,71,47,49.0,2
ALU8468,43,59,73,61,50,55,49,20,51.25,2
ALU8469,19,37,48,20,54,56,47,40,40.12,2
ALU8470,6,12,27,2,0,27,13,5,11.5,1
ALU8471,33,28,41,0,20,26,22,31,25.12,1
ALU8472,31,18,30,41,20,23,24,13,25.0,1
ALU8473,47,59,43,33,57,53,61,41,49.25,2
ALU8474,31,35,23,42,34,24,7,37,29.12,1
ALU8475,76,71,81,94,81,81,76,72,79.0,4
ALU8476,66,76,55,100,80,96,60,63,74.5,3
ALU8477,29,25,16,20,15,6,13,25,18.62,1
ALU8478,61,56,44,70,70,77,52,73,62.88,3
ALU8479,51,59,65,60,53,65,75,78,63.25,3
ALU8480,84,99,79,84,92,93,100,81,89.0,4
ALU8481,0,0,4,0,23,0,0,3,3.75,1
ALU8482,30,10,29,45,42,43,33,14,30.75,1
ALU8483,79,73,84,64,96,100,78,75,81.12,4
ALU8484,91,61,69,90,98,91,91,75,83.25,4
ALU8485,62,86,55,39,94,85,83,69,71.62,3
ALU8486,52,44,79,80,81,80,75,96,73.38,3
ALU8487,16,18,6,4,6,0,11,31,11.5,1
ALU8488,52,63,57,60,63,36,78,58,58.38,2
ALU8489,31,21,25,12,25,24,30,13,22.62,1
ALU8490,14,11,18,16,26,0,11,7,12.88,1
ALU8491,70,81,82,89,79,94,66,73,79.25,4
ALU8492,21,17,9,19,10,13,44,22,19.38,1
ALU8493,62,62,51,74,50,49,38,54,55.0,2
ALU8494,89,50,84,80,99,74,81,92,81.12,4
ALU8495,25,7,52,11,29,31,22,20,24.62,1
ALU8496,89,100,79,100,97,90,100,96,93.88,5
ALU8497,79,95,90,87,92,89,79,86,87.12,4
ALU8498,64,66,51,47,38,76,51,34,53.38,2
ALU8499,29,24,4,27,19,39,4,16,20.25,1
ALU8500,40,31,42,30,38,44,31,36,36.5,1
ALU8501,41,38,38,37,21,46,53,41,39.38,1
ALU8502,38,67,4,20,32,25,29,11,28.25,1
ALU8503,39,53,38,54,29,25,53,27,39.75,1
ALU8504,100,99,84,89,83,87,82,83,88.38,4
ALU8505,28,19,17,8,26,24,21,37,22.5,1
ALU8506,71,79,79,65,80,70,86,78,76.0,4
ALU8507,0,17,0,11,23,4,17,0,9.0,1
ALU8508,60,64,54,84,58,81,90,59,68.75,3
ALU8509,90,76,100,84,100,100,91,71,89.0,4
ALU8510,38,57,5,15,22,19,20,10,23.25,1
ALU8511,35,25,6,56,17,26,22,0,23.38,1
ALU8512,62,93,50,66,70,52,53,75,65.12,3
ALU8513,90,71,90,67,62,78,70,83,76.38,4
ALU8514,49,63,59,68,65,95,81,45,65.62,3
ALU8515,37,54,36,11,42,28,42,49,37.38,1
ALU8516,19,32,22,26,27,39,26,57,31.0,1
ALU8517,71,93,98,100,81,100,82,88,89.12,4
ALU8518,86,70,87,100,82,86,91,75,84.62,4
ALU8519,31,56,49,39,43,53,52,45,46.0,2
ALU8520,79,73,96,84,87,100,66,97,85.25,4
ALU8521,46,38,50,67,42,31,33,64,46.38,2
ALU8522,54,35,34,43,18,27,39,42,36.5,1
ALU8523,4,25,22,32,26,0,3,6,14.75,1
ALU8524,52,20,72,51,49,54,21,46,45.62,2
ALU8525,54,50,60,41,42,38,41,52,47.25,2
ALU8526,17,21,8,0,0,15,11,8,10.0,1
ALU8527,40,26,28,64,58,65,46,39,45.75,2
ALU8528,61,77,84,27,72,65,69,78,66.62,3
ALU8529,54,56,76,54,73,54,54,40,57.62,2
ALU8530,49,56,65,37,55,72,66,67,58.38,2
ALU8531,91,100,88,100,93,87,90,100,93.62,5
ALU8532,21,0,40,31,0,0,21,3,14.5,1
ALU8533,49,66,65,42,59,78,24,56,54.88,2
ALU8534,82,68,90,100,79,84,54,53,76.25,4
ALU8535,38,45,54,78,33,48,64,61,52.62,2
ALU8536,35,17,32,37,35,27,39,47,33.62,1
ALU8537,23,28,24,44,10,27,28,40,28.0,1
ALU8538,70,82,83,73,95,84,74,51,76.5,4
ALU8539,45,42,46,42,49,48,42,54,46.0,2
ALU8540,91,85,89,92,81,86,68,59,81.38,4
ALU8541,28,55,51,45,72,45,29,63,48.5,2
ALU8542,79,35,68,42,46,60,67,57,56.75,2
ALU8543,80,70,78,60,96,74,94,84,79.5,4
ALU8544,71,77,75,60,83,52,62,70,68.75,3
ALU8545,36,18,33,49,36,44,32,41,36.12,1
ALU8546,33,34,27,45,60,58,37,44,42.25,2
ALU8547,82,70,73,47,82,100,90,79,77.88,4
ALU8548,37,27,43,47,13,27,39,51,35.5,1
ALU8549,40,39,51,62,38,53,41,43,45.88,2
ALU8550,24,0,5,1,0,34,0,24,11.0,1
ALU8551,94,81,93,100,73,100,76,67,85.5,4
ALU8552,32,12,26,28,10,5,22,14,18.62,1
ALU8553,64,73,72,44,60,58,57,56,60.5,3
ALU8554,35,60,32,30,54,64,34,53,45.25,2
ALU8555,39,37,33,35,33,38,71,48,41.75,2
ALU8556,70,94,71,62,62,65,66,58,68.5,3
ALU8557,21,8,30,0,24,3,8,13,13.38,1
ALU8558,43,70,58,44,56,70,56,56,56.62,2
ALU8559,74,100,72,64,69,37,66,79,70.12,3
ALU8560,95,81,63,100,88,67,78,84,82.0,4
ALU8561,17,0,15,24,25,5,43,21,18.75,1
ALU8562,95,87,77,71,86,100,90,67,84.12,4
ALU8563,68,54,64,56,73,67,44,84,63.75,3
ALU8564,93,80,66,92,71,81,79,99,82.62,4
ALU8565,40,78,44,41,42,45,49,49,48.5,2
ALU8566,45,35,41,43,73,33,35,61,45.75,2
ALU8567,87,92,98,77,57,100,82,96,86.12,4
ALU8568,70,72,75,94,79,80,74,76,77.5,4
ALU8569,42,40,38,20,33,54,40,62,41.12,2
ALU8570,32,40,33,10,30,19,30,1,24.38,1
ALU8571,58,45,34,23,46,39,48,16,38.62,1
ALU8572,43,36,68,20,50,26,26,29,37.25,1
ALU8573,37,21,41,15,26,27,29,35,28.88,1
ALU8574,40,33,29,45,19,44,25,31,33.25,1
ALU8575,72,100,86,100,67,84,79,83,83.88,4
ALU8576,9,0,0,16,11,16,1,10,7.88,1
ALU8577,90,94,80,69,87,66,65,61,76.5,4
ALU8578,19,38,26,8,14,45,26,2,22.25,1
ALU8579,47,56,35,0,35,23,19,16,28.88,1
ALU8580,20,15,17,13,11,8,31,0,14.38,1
ALU8581,14,46,37,34,25,32,40,13,30.12,1
ALU8582,77,59,69,62,88,59,55,54,65.38,3
ALU8583,86,74,89,65,96,86,100,64,82.5,4
ALU8584,28,36,37,2,33,25,43,21,28.12,1
ALU8585,39,51,52,49,56,48,40,61,49.5,2
ALU8586,36,45,44,48,40,49,49,53,45.5,2
ALU8587,78,46,87,100,72,73,84,70,76.25,4
ALU8588,72,67,90,59,66,49,57,63,65.38,3
ALU8589,63,33,60,45,53,53,63,77,55.88,2
ALU8590,83,72,51,65,62,51,42,58,60.5,3
ALU8591,95,78,88,71,86,79,84,66,80.88,4
ALU8592,14,0,11,20,6,0,24,1,9.5,1
ALU8593,31,80,55,63,27,19,20,33,41.0,2
ALU8594,82,100,87,66,99,92,83,74,85.38,4
ALU8595,73,87,67,63,66,82,85,72,74.38,3
ALU8596,47,86,37,77,61,70,58,71,63.38,3
ALU8597,58,64,44,58,44,45,62,34,51.12,2
ALU8598,43,24,50,38,27,36,28,41,35.88,1
ALU8599,57,38,54,57,42,56,40,65,51.12,2
ALU8600,74,78,62,75,49,79,61,70,68.5,3
ALU8601,33,11,58,49,28,16,45,57,37.12,1
ALU8602,78,68,82,73,73,47,76,76,71.62,3
ALU8603,75,49,73,82,73,100,87,72,76.38,4
ALU8604,9,20,33,43,22,0,30,44,25.12,1
ALU8605,50,58,25,40,46,59,47,52,47.12,2
ALU8606,53,45,47,41,50,61,29,73,49.88,2
ALU8607,71,80,70,94,56,78,50,40,67.38,3
ALU8608,27,56,41,33,38,12,36,60,37.88,1
ALU8609,65,60,67,61,53,49,74,74,62.88,3
ALU8610,85,100,81,95,56,83,100,90,86.25,4
ALU8611,31,45,40,46,44,68,71,29,46.75,2
ALU8612,74,100,100,73,78,100,98,97,90.0,5
ALU8613,93,85,95,98,100,98,98,100,95.88,5
ALU8614,15,38,21,0,17,0,9,0,12.5,1
ALU8615,26,41,1,58,25,28,15,33,28.38,1
ALU8616,97,100,80,94,92,87,91,81,90.25,5
ALU8617,89,92,97,74,86,91,89,99,89.62,4
ALU8618,19,0,0,6,30,0,36,0,11.38,1
ALU8619,4,13,12,20,0,10,13,24,12.0,1
ALU8620,37,0,10,0,24,0,16,18,13.12,1
ALU8621,95,89,82,100,86,56,84,100,86.5,4
ALU8622,44,24,12,0,21,24,27,34,23.25,1
ALU8623,53,85,68,66,37,79,51,54,61.62,3
ALU8624,79,86,85,72,83,68,75,69,77.12,4
ALU8625,0,8,0,0,7,0,0,15,3.75,1
ALU8626,44,58,68,69,64,72,65,58,62.25,3
ALU8627,20,9,39,21,34,47,25,32,28.38,1
ALU8628,73,83,78,100,82,84,78,77,81.88,4
ALU8629,34,32,42,5,50,19,24,5,26.38,1
ALU8630,61,52,78,76,66,86,100,67,73.25,3
ALU8631,67,47,75,60,66,47,67,57,60.75,3
ALU8632,37,17,16,30,24,17,15,29,23.12,1
ALU8633,7,9,0,17,10,16,0,7,8.25,1
ALU8634,62,34,21,10,38,18,22,34,29.88,1
ALU8635,19,15,23,35,27,36,27,60,30.25,1
ALU8636,76,82,73,97,85,94,98,73,84.75,4
ALU8637,71,85,73,85,76,100,100,78,83.5,4
ALU8638,55,47,45,39,56,40,43,72,49.62,2
ALU8639,37,51,80,34,40,52,63,45,50.25,2
ALU8640,44,68,55,68,74,70,57,71,63.38,3
ALU8641,78,76,78,100,88,70,84,68,80.25,4
ALU8642,58,25,21,55,42,38,40,40,39.88,1
ALU8643,32,45,56,50,29,34,23,35,38.0,1
ALU8644,15,34,13,45,35,34,20,44,30.0,1
ALU8645,41,51,44,46,42,24,61,38,43.38,2
ALU8646,62,21,53,47,45,27,61,49,45.62,2
ALU8647,38,33,47,60,46,17,39,34,39.25,1
ALU8648,3,43,32,0,0,0,21,22,15.12,1
ALU8649,84,47,78,81,73,52,71,83,71.12,3
ALU8650,34,20,23,46,10,20,19,33,25.62,1
ALU8651,35,22,35,21,33,20,30,11,25.88,1
ALU8652,32,46,56,56,55,9,58,26,42.25,2
ALU8653,10,3,17,15,40,11,15,23,16.75,1
ALU8654,58,60,69,58,54,34,53,40,53.25,2
ALU8655,41,13,35,33,35,35,56,45,36.62,1
ALU8656,49,46,44,53,25,35,44,65,45.12,2
ALU8657,68,43,55,51,60,72,43,42,54.25,2
ALU8658,5,10,18,0,8,21,25,30,14.62,1
ALU8659,27,31,13,6,4,9,19,7,14.5,1
ALU8660,73,80,96,100,81,80,96,100,88.25,4
ALU8661,52,51,25,54,32,34,43,58,43.62,2
ALU8662,37,49,29,4,32,62,41,40,36.75,1
ALU8663,0,27,16,29,8,3,7,18,13.5,1
ALU8664,43,31,48,29,58,56,51,61,47.12,2
ALU8665,40,68,66,70,60,66,73,38,60.12,3
ALU8666,55,55,59,78,57,45,63,62,59.25,2
ALU8667,60,62,52,70,80,41,56,59,60.0,3
ALU8668,28,3,21,3,22,13,24,22,17.0,1
ALU8669,34,36,34,14,22,37,31,22,28.75,1
ALU8670,94,64,80,89,70,52,82,78,76.12,4
ALU8671,93,98,84,69,95,94,72,100,88.12,4
ALU8672,22,46,13,6,6,29,18,1,17.62,1
ALU8673,63,64,43,59,53,70,42,25,52.38,2
ALU8674,17,45,8,12,19,34,6,18,19.88,1
ALU8675,0,0,0,35,2,14,24,25,12.5,1
ALU8676,36,45,38,15,25,37,30,21,30.88,1
ALU8677,3,0,7,0,27,0,14,10,7.62,1
ALU8678,93,65,75,54,60,54,79,85,70.62,3
ALU8679,67,79,45,58,50,27,65,72,57.88,2
ALU8680,39,8,2,33,13,19,14,27,19.38,1
ALU8681,6,22,0,0,16,12,6,11,9.12,1
ALU8682,83,92,100,72,93,79,65,91,84.38,4
ALU8683,16,36,19,20,29,25,9,15,21.12,1
ALU8684,68,40,67,90,55,70,75,69,66.75,3
ALU8685,23,43,37,42,38,15,35,24,32.12,1
ALU8686,32,55,40,48,48,58,69,80,53.75,2
ALU8687,25,49,50,70,35,37,31,48,43.12,2
ALU8688,0,0,9,13,0,5,17,22,8.25,1
ALU8689,39,30,9,0,27,0,4,20,16.12,1
ALU8690,40,25,15,0,21,6,32,31,21.25,1
ALU8691,29,13,41,53,47,35,43,43,38.0,1
ALU8692,77,50,73,32,64,66,58,56,59.5,2
ALU8693,38,1,20,37,37,29,36,36,29.25,1
ALU8694,0,0,37,0,0,34,18,0,11.12,1
ALU8695,47,59,40,72,59,65,46,64,56.5,2
ALU8696,53,62,66,62,64,59,45,45,57.0,2
ALU8697,99,94,67,62,100,93,100,100,89.38,4
ALU8698,45,42,56,74,69,77,55,37,56.88,2
ALU8699,46,64,51,71,37,67,24,41,50.12,2
ALU8700,49,56,43,33,61,61,51,62,52.0,2
ALU8701,93,89,100,74,76,100,93,100,90.62,5
ALU8702,77,93,84,88,91,66,78,69,80.75,4
ALU8703,28,19,30,46,25,33,32,21,29.25,1
ALU8704,24,29,31,68,22,73,22,40,38.62,1
ALU8705,48,34,21,44,30,39,23,55,36.75,1
ALU8706,46,42,65,93,57,48,35,37,52.88,2
ALU8707,61,81,84,72,75,73,56,35,67.12,3
ALU8708,56,57,54,57,57,52,54,71,57.25,2
ALU8709,9,9,18,0,11,36,25,9,14.62,1
ALU8710,55,68,52,60,72,82,66,57,64.0,3
ALU8711,99,85,95,80,59,76,94,78,83.25,4
ALU8712,27,42,29,20,41,5,44,58,33.25,1
ALU8713,60,65,77,18,61,53,63,73,58.75,2
ALU8714,44,60,52,31,39,44,51,54,46.88,2
ALU8715,100,94,97,100,100,83,90,87,93.88,5
ALU8716,64,54,68,82,53,97,75,87,72.5,3
ALU8717,55,31,41,53,53,48,26,76,47.88,2
ALU8718,88,84,94,53,44,79,68,54,70.5,3
ALU8719,85,80,66,90,87,62,92,95,82.12,4
ALU8720,37,52,36,79,42,41,42,49,47.25,2
ALU8721,27,50,33,58,3,43,57,32,37.88,1
ALU8722,74,72,73,79,83,100,85,56,77.75,4
ALU8723,38,25,18,9,11,22,7,30,20.0,1
ALU8724,36,26,47,71,49,52,37,48,45.75,2
ALU8725,91,88,93,100,73,100,72,80,87.12,4
ALU8726,55,78,69,43,65,84,65,90,68.62,3
ALU8727,26,32,38,9,18,52,49,42,33.25,1
ALU8728,19,10,24,0,28,19,21,0,15.12,1
ALU8729,51,76,31,28,31,59,30,44,43.75,2
ALU8730,31,29,10,46,26,10,31,14,24.62,1
ALU8731,23,10,24,36,19,1,29,40,22.75,1
ALU8732,74,82,81,78,55,99,80,98,80.88,4
ALU8733,38,26,25,25,34,33,35,41,32.12,1
ALU8734,39,29,18,88,40,27,62,45,43.5,2
ALU8735,46,46,32,40,62,18,38,48,41.25,2
ALU8736,85,80,100,91,88,71,89,82,85.75,4
ALU8737,60,63,22,31,36,70,38,48,46.0,2
ALU8738,4,19,20,52,0,10,2,1,13.5,1
ALU8739,4,8,7,26,0,5,3,39,11.5,1
ALU8740,63,59,57,39,66,82,67,44,59.62,2
ALU8741,59,72,50,38,69,62,68,36,56.75,2
ALU8742,45,45,29,12,37,37,10,40,31.88,1
ALU8743,46,75,61,42,45,59,55,52,54.38,2
ALU8744,0,26,19,0,22,18,4,42,16.38,1
ALU8745,67,58,59,30,54,60,43,41,51.5,2
ALU8746,59,36,61,69,55,46,46,51,52.88,2
ALU8747,32,16,24,34,19,5,3,18,18.88,1
ALU8748,9,21,25,41,7,0,12,0,14.38,1
ALU8749,20,3,8,0,19,17,39,2,13.5,1
ALU8750,16,33,30,0,32,14,0,0,15.62,1
ALU8751,71,45,75,48,54,67,67,81,63.5,3
ALU8752,34,13,27,52,31,16,34,11,27.25,1
ALU8753,29,19,24,28,29,46,34,0,26.12,1
ALU8754,5,31,5,53,14,0,39,15,20.25,1
ALU8755,100,79,93,100,100,97,100,100,96.12,5
ALU8756,87,54,100,79,89,68,89,89,81.88,4
ALU8757,19,42,11,36,31,22,38,32,28.88,1
ALU8758,38,27,46,3,51,20,46,57,36.0,1
ALU8759,8,7,18,0,42,18,19,38,18.75,1
ALU8760,59,37,44,53,49,33,56,12,42.88,2
ALU8761,0,32,0,7,5,0,3,0,5.88,1
ALU8762,63,55,56,100,51,79,49,71,65.5,3
ALU8763,54,50,59,27,67,31,74,54,52.0,2
ALU8764,96,79,95,92,85,95,79,93,89.25,4
ALU8765,20,1,22,32,13,32,32,57,26.12,1
ALU8766,83,66,71,83,68,88,83,63,75.62,4
ALU8767,75,56,63,96,66,75,65,44,67.5,3
ALU8768,16,30,17,5,34,0,7,0,13.62,1
ALU8769,41,42,36,55,49,17,45,53,42.25,2
ALU8770,18,57,22,30,5,2,25,18,22.12,1
ALU8771,11,17,24,48,13,10,23,7,19.12,1
ALU8772,21,15,25,19,29,32,9,25,21.88,1
ALU8773,57,78,56,33,44,33,64,48,51.62,2
ALU8774,39,57,46,30,39,38,6,37,36.5,1
ALU8775,88,96,100,71,100,90,94,63,87.75,4
ALU8776,13,0,12,6,27,11,29,24,15.25,1
ALU8777,83,100,99,86,75,88,70,100,87.62,4
ALU8778,20,24,47,9,15,44,27,27,26.62,1
ALU8779,71,68,81,74,77,82,69,73,74.38,3
ALU8780,35,52,49,14,46,46,37,38,39.62,1
ALU8781,21,17,10,16,9,12,29,18,16.5,1
ALU8782,80,64,73,73,85,93,66,57,73.88,3
ALU8783,22,33,30,30,28,37,30,21,28.88,1
ALU8784,50,52,63,71,81,67,62,67,64.12,3
ALU8785,81,10,68,48,62,50,32,45,49.5,2
ALU8786,36,34,38,33,45,51,54,59,43.75,2
ALU8787,44,41,48,37,34,81,69,30,48.0,2
ALU8788,76,53,83,89,60,79,78,100,77.25,4
ALU8789,16,21,15,35,0,38,14,41,22.5,1
ALU8790,70,53,65,55,67,36,75,61,60.25,3
ALU8791,81,92,88,82,92,86,78,64,82.88,4
ALU8792,12,0,0,0,17,22,0,2,6.62,1
ALU8793,18,31,3,14,11,23,23,34,19.62,1
ALU8794,66,50,50,43,82,77,72,64,63.0,3
ALU8795,46,9,46,35,60,38,48,49,41.38,2
ALU8796,51,59,52,60,34,59,31,42,48.5,2
ALU8797,17,4,26,0,29,0,0,25,12.62,1
ALU8798,50,76,64,34,52,48,38,57,52.38,2
ALU8799,27,24,33,0,11,18,6,12,16.38,1
ALU8800,57,59,49,17,60,39,23,68,46.5,2
ALU8801,89,89,72,89,61,74,79,80,79.12,4
ALU8802,10,29,45,33,13,0,12,44,23.25,1
ALU8803,57,50,39,80,44,28,32,44,46.75,2
ALU8804,100,100,80,76,91,100,91,91,91.12,5
ALU8805,57,68,62,34,50,70,55,100,62.0,3
ALU8806,83,69,75,97,85,75,61,80,78.12,4
ALU8807,52,51,42,35,34,57,24,59,44.25,2
ALU8808,65,42,63,65,61,94,80,53,65.38,3
ALU8809,13,28,13,35,15,35,4,13,19.5,1
ALU8810,24,36,9,19,11,0,0,10,13.62,1
ALU8811,12,41,38,39,33,44,40,44,36.38,1
ALU8812,39,58,26,29,45,23,32,31,35.38,1
ALU8813,84,79,79,68,79,85,87,75,79.5,4
ALU8814,28,34,32,29,47,45,34,44,36.62,1
ALU8815,55,45,66,75,68,88,65,49,63.88,3
ALU8816,67,95,79,69,68,75,69,70,74.0,3
ALU8817,65,50,60,66,62,61,41,49,56.75,2
ALU8818,43,42,35,0,42,24,64,39,36.12,1
ALU8819,48,60,65,23,45,31,47,55,46.75,2
ALU8820,42,15,45,0,59,22,45,61,36.12,1
ALU8821,4,0,15,5,13,33,3,19,11.5,1
ALU8822,78,94,99,69,95,94,81,76,85.75,4
ALU8823,12,9,24,46,0,41,32,3,20.88,1
ALU8824,22,10,0,11,12,0,30,5,11.25,1
ALU8825,90,100,79,87,85,95,89,74,87.38,4
ALU8826,32,35,36,12,20,34,41,52,32.75,1
ALU8827,59,74,60,43,53,82,48,55,59.25,2
ALU8828,30,41,31,62,25,31,42,34,37.0,1
ALU8829,41,35,44,72,37,38,48,48,45.38,2
ALU8830,17,13,33,36,30,46,33,67,34.38,1
ALU8831,32,39,41,0,33,4,55,33,29.62,1
ALU8832,39,43,32,34,44,39,14,65,38.75,1
ALU8833,56,83,52,75,76,44,67,63,64.5,3
ALU8834,42,48,60,46,56,50,68,64,54.25,2
ALU8835,94,85,81,51,93,83,76,78,80.12,4
ALU8836,8,5,0,42,11,17,16,19,14.75,1
ALU8837,47,36,39,35,53,57,44,45,44.5,2
ALU8838,48,79,71,33,56,53,58,70,58.5,2
ALU8839,100,100,90,87,81,73,75,99,88.12,4
ALU8840,1,0,13,30,8,10,36,18,14.5,1
ALU8841,59,68,64,65,63,76,42,62,62.38,3
ALU8842,76,54,81,58,88,67,80,75,72.38,3
ALU8843,27,41,38,0,31,4,23,36,25.0,1
ALU8844,88,73,69,44,79,56,96,61,70.75,3
ALU8845,0,12,0,1,4,0,7,42,8.25,1
ALU8846,70,41,57,62,68,70,52,79,62.38,3
ALU8847,100,70,94,98,82,67,81,96,86.0,4
ALU8848,81,71,70,51,73,58,38,70,64.0,3
ALU8849,43,33,38,62,26,51,45,34,41.5,2
ALU8850,9,0,6,20,29,0,30,0,11.75,1
ALU8851,100,100,100,74,100,100,85,91,93.75,5
ALU8852,58,80,38,54,47,68,51,40,54.5,2
ALU8853,1,21,11,31,11,35,20,0,16.25,1
ALU8854,60,50,58,49,75,89,58,65,63.0,3
ALU8855,57,74,61,44,40,84,61,53,59.25,2
ALU8856,6,0,23,12,21,19,39,16,17.0,1
ALU8857,35,19,7,17,37,36,2,39,24.0,1
ALU8858,14,11,7,25,0,7,24,13,12.62,1
ALU8859,61,85,31,72,42,66,38,78,59.12,2
ALU8860,58,74,71,68,68,63,51,93,68.25,3
ALU8861,44,43,75,56,47,25,64,48,50.25,2
ALU8862,93,64,52,68,74,55,82,62,68.75,3
ALU8863,80,97,65,88,79,100,76,66,81.38,4
ALU8864,56,52,62,37,49,62,87,59,58.0,2
ALU8865,5,9,5,50,2,27,2,17,14.62,1
ALU8866,69,47,62,91,54,59,80,62,65.5,3
ALU8867,32,51,21,59,55,29,38,42,40.88,2
ALU8868,50,63,59,63,57,54,61,48,56.88,2
ALU8869,57,44,74,70,64,75,69,58,63.88,3
ALU8870,44,51,70,6,43,57,37,38,43.25,2
ALU8871,78,95,100,64,100,90,70,100,87.12,4
ALU8872,0,28,1,0,6,26,20,30,13.88,1
ALU8873,45,59,65,66,47,63,58,34,54.62,2
ALU8874,0,8,12,0,5,27,0,14,8.25,1
ALU8875,100,89,79,100,69,100,95,97,91.12,5
ALU8876,15,12,24,0,11,3,21,13,12.38,1
ALU8877,18,16,21,32,22,19,4,8,17.5,1
ALU8878,40,53,49,20,50,20,37,43,39.0,1
ALU8879,39,54,48,31,22,50,38,40,40.25,2
ALU8880,23,6,27,40,14,18,13,21,20.25,1
ALU8881,68,72,50,66,61,45,48,88,62.25,3
ALU8882,46,62,29,22,52,14,35,52,39.0,1
ALU8883,22,5,10,27,16,24,7,0,13.88,1
ALU8884,39,41,28,35,48,36,30,44,37.62,1
ALU8885,71,85,74,39,85,81,80,84,74.88,3
ALU8886,62,54,80,51,65,79,56,72,64.88,3
ALU8887,62,64,86,62,80,58,68,82,70.25,3
ALU8888,80,79,53,46,68,54,66,61,63.38,3
ALU8889,28,25,30,57,35,41,36,36,36.0,1
ALU8890,5,28,8,7,9,31,31,2,15.12,1
ALU8891,32,49,33,37,31,37,42,40,37.62,1
ALU8892,78,97,52,83,63,100,78,80,78.88,4
ALU8893,96,100,75,100,100,100,74,81,90.75,5
ALU8894,68,48,48,79,39,57,43,48,53.75,2
ALU8895,15,8,15,18,0,18,16,9,12.38,1
ALU8896,17,22,18,48,0,14,16,30,20.62,1
ALU8897,19,33,42,46,25,15,18,51,31.12,1
ALU8898,52,65,59,59,47,57,54,70,57.88,2
ALU8899,18,0,27,17,13,22,6,19,15.25,1
ALU8900,78,92,100,42,76,77,100,100,83.12,4
ALU8901,59,17,28,29,33,16,30,34,30.75,1
ALU8902,87,72,97,84,80,76,92,71,82.38,4
ALU8903,75,86,81,83,57,95,83,65,78.12,4
ALU8904,66,70,100,72,75,80,58,73,74.25,3
ALU8905,64,70,50,65,57,57,50,56,58.62,2
ALU8906,49,58,60,37,61,46,56,57,53.0,2
ALU8907,84,79,50,33,70,66,64,66,64.0,3
ALU8908,74,57,49,40,61,64,54,75,59.25,2
ALU8909,64,25,59,83,51,61,38,58,54.88,2
ALU8910,79,97,96,70,100,100,81,86,88.62,4
ALU8911,72,38,77,56,67,78,82,53,65.38,3
ALU8912,87,53,81,76,69,64,99,72,75.12,4
ALU8913,89,70,80,54,90,62,87,54,73.25,3
ALU8914,14,9,21,8,16,16,37,39,20.0,1
ALU8915,6,4,0,24,24,5,16,13,11.5,1
ALU8916,43,32,40,40,50,60,56,73,49.25,2
ALU8917,45,30,50,81,66,41,60,70,55.38,2
ALU8918,94,100,81,49,79,64,87,87,80.12,4
ALU8919,25,34,53,38,54,53,49,37,42.88,2
ALU8920,62,22,63,48,39,47,58,51,48.75,2
ALU8921,39,47,71,52,65,61,47,74,57.0,2
ALU8922,0,0,0,0,15,0,14,15,5.5,1
ALU8923,40,47,57,49,53,53,64,41,50.5,2
ALU8924,74,90,68,93,88,70,68,74,78.12,4
ALU8925,34,12,34,14,6,25,33,38,24.5,1
ALU8926,61,41,52,39,53,56,70,73,55.62,2
ALU8927,46,65,72,95,49,40,60,64,61.38,3
ALU8928,29,37,37,20,28,0,33,38,27.75,1
ALU8929,28,24,21,27,28,11,24,0,20.38,1
ALU8930,94,56,96,100,88,71,87,84,84.5,4
ALU8931,60,23,40,39,27,34,18,38,34.88,1
ALU8932,33,26,21,11,15,29,3,18,19.5,1
ALU8933,27,16,15,24,21,2,35,30,21.25,1
ALU8934,57,60,63,52,65,77,64,76,64.25,3
ALU8935,66,45,81,66,56,80,55,66,64.38,3
ALU8936,65,41,50,59,54,79,55,48,56.38,2
ALU8937,18,43,15,31,29,22,13,37,26.0,1
ALU8938,78,85,93,64,79,91,96,90,84.5,4
ALU8939,41,49,36,52,31,43,30,17,37.38,1
ALU8940,25,33,38,44,44,38,34,16,34.0,1
ALU8941,25,47,28,42,43,37,78,35,41.88,2
ALU8942,50,39,56,53,45,39,61,63,50.75,2
ALU8943,67,65,96,90,73,84,55,70,75.0,4
ALU8944,89,65,87,100,93,98,66,73,83.88,4
ALU8945,35,38,21,43,39,8,53,47,35.5,1
ALU8946,86,85,92,83,71,85,93,95,86.25,4
ALU8947,72,89,61,64,69,91,75,67,73.5,3
ALU8948,91,99,76,77,79,79,95,95,86.38,4
ALU8949,31,14,26,23,21,25,23,23,23.25,1
ALU8950,64,73,75,72,72,28,48,65,62.12,3
ALU8951,47,41,37,41,32,30,38,25,36.38,1
ALU8952,81,89,71,97,98,56,78,86,82.0,4
ALU8953,6,39,0,25,20,0,15,5,13.75,1
ALU8954,46,86,56,51,67,55,49,47,57.12,2
ALU8955,39,45,38,70,50,26,44,48,45.0,2
ALU8956,40,42,33,32,45,31,37,35,36.88,1
ALU8957,61,79,84,54,80,68,47,76,68.62,3
ALU8958,87,72,80,87,87,81,99,88,85.12,4
ALU8959,56,51,32,68,66,61,42,59,54.38,2
ALU8960,88,91,76,68,88,53,97,98,82.38,4
ALU8961,37,15,34,25,24,26,34,32,28.38,1
ALU8962,60,60,56,43,60,18,59,58,51.75,2
ALU8963,46,47,43,48,58,39,39,41,45.12,2
ALU8964,0,0,1,20,0,33,1,0,6.88,1
ALU8965,48,55,31,50,46,69,55,57,51.38,2
ALU8966,70,84,65,74,59,43,49,52,62.0,3
ALU8967,82,59,54,33,71,50,65,60,59.25,2
ALU8968,67,72,74,87,68,68,66,74,72.0,3
ALU8969,60,61,62,48,45,64,30,42,51.5,2
ALU8970,5,17,25,2,0,23,33,29,16.75,1
ALU8971,5,10,4,22,6,39,18,35,17.38,1
ALU8972,51,63,43,66,51,44,62,77,57.12,2
ALU8973,8,14,22,27,15,33,21,27,20.88,1
ALU8974,25,0,3,0,18,0,16,14,9.5,1
ALU8975,21,33,33,35,41,49,52,38,37.75,1
ALU8976,52,61,72,56,60,62,37,65,58.12,2
ALU8977,22,36,36,43,11,34,41,32,31.88,1
ALU8978,60,67,93,55,80,79,57,72,70.38,3
ALU8979,76,73,62,51,62,50,47,68,61.12,3
ALU8980,36,40,20,39,39,15,24,19,29.0,1
ALU8981,63,68,63,71,88,58,98,72,72.62,3
ALU8982,57,47,75,66,67,68,72,76,66.0,3
ALU8983,54,50,48,15,83,82,62,100,61.75,3
ALU8984,54,32,61,49,36,41,75,30,47.25,2
ALU8985,7,8,1,21,2,0,0,0,4.88,1
ALU8986,86,54,56,56,49,69,55,59,60.5,3
ALU8987,19,31,55,47,41,90,27,21,41.38,2
ALU8988,89,87,82,68,90,83,100,100,87.38,4
ALU8989,75,94,68,50,67,93,89,78,76.75,4
ALU8990,67,71,56,65,79,55,48,55,62.0,3
ALU8991,31,26,21,26,24,19,19,36,25.25,1
ALU8992,29,42,49,17,1,3,26,15,22.75,1
ALU8993,39,5,48,50,42,31,22,45,35.25,1
ALU8994,38,76,40,42,54,60,45,39,49.25,2
ALU8995,43,42,25,20,26,18,19,51,30.5,1
ALU8996,59,52,27,38,59,52,50,53,48.75,2
ALU8997,29,6,21,2,10,7,29,39,17.88,1
ALU8998,100,86,84,100,88,86,100,100,93.0,5
ALU8999,18,23,15,9,18,0,0,0,10.38,1
ALU9000,100,98,65,100,98,100,96,71,91.0,5
ALU9001,90,97,86,34,84,91,95,100,84.62,4
ALU9002,50,41,72,68,47,47,49,47,52.62,2
ALU9003,70,56,70,76,69,89,63,45,67.25,3
ALU9004,44,47,34,42,23,42,37,37,38.25,1
ALU9005,56,73,61,38,58,68,39,56,56.12,2
ALU9006,51,35,34,5,15,59,44,53,37.0,1
ALU9007,35,54,58,45,23,54,22,20,38.88,1
ALU9008,57,57,53,61,42,39,37,55,50.12,2
ALU9009,53,49,35,53,55,50,53,65,51.62,2
ALU9010,86,67,57,55,49,76,60,50,62.5,3
ALU9011,19,49,33,46,43,14,40,19,32.88,1
ALU9012,29,17,44,27,19,34,59,43,34.0,1
ALU9013,0,0,21,6,10,8,13,23,10.12,1
ALU9014,7,5,33,6,10,17,6,8,11.5,1
ALU9015,30,75,20,23,32,39,23,36,34.75,1
ALU9016,7,7,3,35,33,28,8,4,15.62,1
ALU9017,8,12,0,0,0,15,5,0,5.0,1
ALU9018,79,87,86,42,70,62,72,90,73.5,3
ALU9019,3,23,0,0,28,3,0,0,7.12,1
ALU9020,67,66,75,76,55,48,51,55,61.62,3
ALU9021,40,46,23,27,33,19,50,32,33.75,1
ALU9022,90,65,100,54,74,94,100,97,84.25,4
ALU9023,57,37,31,50,34,27,26,47,38.62,1
ALU9024,43,49,44,26,24,24,36,25,33.88,1
ALU9025,54,51,62,61,71,64,50,72,60.62,3
ALU9026,37,20,45,53,27,49,41,35,38.38,1
ALU9027,48,35,42,100,52,43,38,52,51.25,2
ALU9028,11,3,21,0,12,1,0,0,6.0,1
ALU9029,89,94,96,61,100,100,94,96,91.25,5
ALU9030,50,50,21,53,54,48,38,63,47.12,2
ALU9031,39,31,55,54,37,24,29,15,35.5,1
ALU9032,75,74,64,45,37,68,66,58,60.88,3
ALU9033,26,31,55,14,28,54,44,37,36.12,1
ALU9034,94,98,79,86,68,66,90,87,83.5,4
ALU9035,41,84,57,76,57,32,34,50,53.88,2
ALU9036,58,63,59,53,60,73,59,70,61.88,3
ALU9037,10,21,17,16,31,0,16,5,14.5,1
ALU9038,100,87,82,46,85,71,95,100,83.25,4
ALU9039,67,73,67,67,82,64,68,41,66.12,3
ALU9040,20,33,13,22,46,0,25,39,24.75,1
ALU9041,16,25,0,44,8,19,1,46,19.88,1
ALU9042,31,26,23,20,17,42,7,43,26.12,1
ALU9043,85,100,100,100,94,100,100,84,95.38,5
ALU9044,29,31,11,14,37,37,31,32,27.75,1
ALU9045,56,40,31,47,39,30,33,29,38.12,1
ALU9046,10,44,0,45,8,0,0,0,13.38,1
ALU9047,29,39,43,73,52,68,58,48,51.25,2
ALU9048,52,60,45,91,67,63,45,64,60.88,3
ALU9049,85,93,100,97,84,100,79,95,91.62,5
ALU9050,52,49,60,47,54,42,42,34,47.5,2
ALU9051,92,85,81,83,69,75,80,100,83.12,4
ALU9052,52,41,57,62,39,53,61,62,53.38,2
ALU9053,7,17,0,15,22,22,5,7,11.88,1
ALU9054,51,6,24,20,12,26,20,34,24.12,1
ALU9055,65,37,65,43,58,65,84,48,58.12,2
ALU9056,96,100,100,79,86,90,84,78,89.12,4
ALU9057,100,63,90,100,87,64,82,100,85.75,4
ALU9058,30,0,19,46,18,25,7,13,19.75,1
ALU9059,4,6,20,82,36,41,31,15,29.38,1
ALU9060,31,49,11,30,20,23,36,18,27.25,1
ALU9061,72,61,97,73,100,83,77,78,80.12,4
ALU9062,86,67,58,73,83,100,59,81,75.88,4
ALU9063,57,52,48,71,64,80,70,68,63.75,3
ALU9064,35,36,16,67,45,19,63,38,39.88,1
ALU9065,46,43,24,63,54,46,42,45,45.38,2
ALU9066,39,39,63,22,45,50,77,43,47.25,2
ALU9067,24,55,37,26,20,31,21,6,27.5,1
ALU9068,60,32,36,23,59,58,28,46,42.75,2
ALU9069,0,6,6,18,0,5,1,6,5.25,1
ALU9070,22,21,34,4,8,13,0,13,14.38,1
ALU9071,75,70,90,73,90,85,76,81,80.0,4
ALU9072,70,79,98,38,70,84,77,85,75.12,4
ALU9073,46,37,41,56,23,32,37,35,38.38,1
ALU9074,41,57,43,73,41,50,64,65,54.25,2
ALU9075,25,36,25,25,42,42,31,66,36.5,1
ALU9076,76,40,71,68,68,63,53,62,62.62,3
ALU9077,86,95,86,66,74,82,77,80,80.75,4
ALU9078,72,100,74,69,76,78,71,77,77.12,4
ALU9079,65,67,65,55,74,39,69,70,63.0,3
ALU9080,24,9,38,3,24,23,8,0,16.12,1
ALU9081,35,58,41,60,2,56,38,47,42.12,2
ALU9082,49,75,45,0,46,69,63,42,48.62,2
ALU9083,9,32,25,43,29,45,19,51,31.62,1
ALU9084,62,69,69,78,73,91,50,72,70.5,3
ALU9085,26,33,40,64,45,32,16,50,38.25,1
ALU9086,18,0,8,13,6,25,17,24,13.88,1
ALU9087,42,36,26,34,41,43,21,51,36.75,1
ALU9088,99,100,87,78,97,100,97,100,94.75,5
ALU9089,27,22,24,31,22,53,29,23,28.88,1
ALU9090,47,44,76,47,47,75,64,55,56.88,2
ALU9091,58,51,30,23,31,38,75,50,44.5,2
ALU9092,24,1,14,0,11,35,0,21,13.25,1
ALU9093,36,47,45,31,42,52,28,48,41.12,2
ALU9094,71,49,65,50,48,77,83,79,65.25,3
ALU9095,45,35,69,52,43,47,57,40,48.5,2
ALU9096,84,94,84,79,70,94,97,87,86.12,4
ALU9097,41,32,20,40,38,36,6,47,32.5,1
ALU9098,34,1,23,15,0,29,0,16,14.75,1
ALU9099,96,91,99,67,100,81,100,87,90.12,5
ALU9100,41,29,27,0,60,53,37,51,37.25,1
ALU9101,53,45,42,37,49,20,72,78,49.5,2
ALU9102,78,93,81,90,70,67,71,84,79.25,4
ALU9103,47,45,33,47,43,14,31,12,34.0,1
ALU9104,69,69,63,87,80,74,96,58,74.5,3
ALU9105,8,19,29,32,12,31,4,31,20.75,1
ALU9106,15,31,24,50,26,31,40,24,30.12,1
ALU9107,23,25,23,25,13,38,0,19,20.75,1
ALU9108,80,66,92,100,69,66,67,70,76.25,4
ALU9109,18,37,20,30,34,4,33,37,26.62,1
ALU9110,79,74,47,100,71,80,52,76,72.38,3
ALU9111,85,85,85,78,82,100,100,81,87.0,4
ALU9112,51,45,54,40,53,54,49,64,51.25,2
ALU9113,53,66,65,50,49,80,41,66,58.75,2
ALU9114,42,44,40,45,71,54,45,54,49.38,2
ALU9115,36,23,55,28,31,40,27,37,34.62,1
ALU9116,59,42,32,57,55,41,39,99,53.0,2
ALU9117,47,70,61,57,63,39,53,39,53.62,2
ALU9118,98,69,90,82,92,89,77,89,85.75,4
ALU9119,91,84,100,82,93,100,68,89,88.38,4
ALU9120,84,98,64,100,84,85,57,100,84.0,4
ALU9121,93,82,90,90,100,79,91,81,88.25,4
ALU9122,47,51,44,16,46,33,52,63,44.0,2
ALU9123,68,80,82,91,38,72,54,56,67.62,3
ALU9124,92,98,75,93,100,68,84,92,87.75,4
ALU9125,35,33,45,51,35,45,56,52,44.0,2
ALU9126,94,89,81,100,92,84,84,83,88.38,4
ALU9127,39,55,44,60,36,38,39,53,45.5,2
ALU9128,57,73,54,42,53,68,82,79,63.5,3
ALU9129,65,67,64,49,57,54,73,67,62.0,3
ALU9130,95,89,66,100,70,90,100,77,85.88,4
ALU9131,27,31,31,14,19,4,35,23,23.0,1
ALU9132,76,92,59,78,77,70,78,71,75.12,4
ALU9133,51,67,38,81,35,59,43,65,54.88,2
ALU9134,13,39,10,21,34,41,17,16,23.88,1
ALU9135,75,58,62,68,98,91,82,84,77.25,4
ALU9136,55,50,60,71,57,64,60,62,59.88,2
ALU9137,66,61,69,68,50,58,67,71,63.75,3
ALU9138,28,55,42,42,38,6,37,51,37.38,1
ALU9139,36,44,35,46,57,63,39,52,46.5,2
ALU9140,66,79,63,51,73,52,46,53,60.38,3
ALU9141,38,32,34,35,43,19,32,40,34.12,1
ALU9142,24,15,34,44,28,50,19,23,29.62,1
ALU9143,88,98,96,86,100,90,84,84,90.75,5
ALU9144,50,74,43,58,57,58,69,30,54.88,2
ALU9145,66,67,83,53,74,74,88,72,72.12,3
ALU9146,32,3,48,78,35,41,52,45,41.75,2
ALU9147,41,13,20,42,46,31,51,36,35.0,1
ALU9148,35,46,21,47,36,32,26,42,35.62,1
ALU9149,43,19,25,58,67,75,50,29,45.75,2
ALU9150,58,40,73,45,47,32,53,20,46.0,2
ALU9151,48,54,41,75,61,47,48,50,53.0,2
ALU9152,37,13,72,22,36,36,46,31,36.62,1
ALU9153,41,11,4,6,12,24,13,22,16.62,1
ALU9154,44,32,35,35,43,43,45,34,38.88,1
ALU9155,26,0,30,0,6,12,12,19,13.12,1
ALU9156,35,4,27,6,10,25,0,12,14.88,1
ALU9157,96,72,95,88,92,100,70,78,86.38,4
ALU9158,56,66,67,39,56,46,64,73,58.38,2
ALU9159,63,82,54,42,76,41,30,48,54.5,2
ALU9160,32,35,51,41,31,42,64,8,38.0,1
ALU9161,95,77,89,85,93,99,79,69,85.75,4
ALU9162,68,56,58,57,56,59,40,83,59.62,2
ALU9163,69,57,75,51,85,83,80,70,71.25,3
ALU9164,27,18,50,31,46,29,36,53,36.25,1
ALU9165,78,66,96,79,100,100,80,91,86.25,4
ALU9166,88,58,52,80,77,88,71,95,76.12,4
ALU9167,83,100,92,71,95,74,80,70,83.12,4
ALU9168,22,10,30,19,3,9,33,24,18.75,1
ALU9169,21,0,24,5,33,33,0,40,19.5,1
ALU9170,16,21,32,5,32,40,34,12,24.0,1
ALU9171,39,5,30,39,37,9,49,14,27.75,1
ALU9172,82,82,58,95,81,82,72,78,78.75,4
ALU9173,16,7,3,0,0,19,16,14,9.38,1
ALU9174,7,12,7,12,0,16,19,0,9.12,1
ALU9175,27,29,27,21,29,39,52,45,33.62,1
ALU9176,30,17,16,42,20,45,25,36,28.88,1
ALU9177,33,4,33,22,34,0,34,24,23.0,1
ALU9178,84,75,67,67,86,80,89,83,78.88,4
ALU9179,52,70,66,73,56,20,63,65,58.12,2
ALU9180,11,32,12,0,5,4,0,17,10.12,1
ALU9181,54,40,59,46,54,63,34,50,50.0,2
ALU9182,40,39,62,22,39,39,44,33,39.75,1
ALU9183,10,22,36,27,13,1,25,0,16.75,1
ALU9184,79,88,51,80,52,78,69,68,70.62,3
ALU9185,61,60,72,44,76,70,55,85,65.38,3
ALU9186,76,80,61,43,68,72,66,88,69.25,3
ALU9187,69,58,100,75,81,100,53,75,76.38,4
ALU9188,0,9,12,39,0,0,12,0,9.0,1
ALU9189,100,100,100,100,85,81,100,100,95.75,5
ALU9190,50,58,83,74,87,83,84,62,72.62,3
ALU9191,66,78,54,70,89,100,62,77,74.5,3
ALU9192,11,20,0,0,0,0,7,0,4.75,1
ALU9193,94,98,80,100,98,82,88,100,92.5,5
ALU9194,71,93,73,94,64,76,71,54,74.5,3
ALU9195,81,93,84,68,88,78,55,86,79.12,4
ALU9196,0,8,19,8,3,23,19,45,15.62,1
ALU9197,78,100,39,72,83,70,82,77,75.12,4
ALU9198,93,93,88,100,92,100,80,77,90.38,5
ALU9199,65,20,60,67,69,48,55,60,55.5,2
ALU9200,56,52,72,38,55,58,52,35,52.25,2
ALU9201,95,83,97,69,90,90,100,77,87.62,4
ALU9202,44,56,42,28,45,57,41,34,43.38,2
ALU9203,40,52,61,81,65,96,49,47,61.38,3
ALU9204,69,64,27,57,47,62,43,49,52.25,2
ALU9205,100,97,96,82,100,78,95,50,87.25,4
ALU9206,0,0,7,0,4,21,0,0,4.0,1
ALU9207,46,47,40,34,58,49,47,58,47.38,2
ALU9208,64,55,82,73,72,61,62,96,70.62,3
ALU9209,87,79,79,82,88,68,74,82,79.88,4
ALU9210,35,45,49,63,58,48,49,45,49.0,2
ALU9211,81,87,79,62,90,69,70,98,79.5,4
ALU9212,72,85,94,92,92,70,100,100,88.12,4
ALU9213,7,8,14,0,0,20,0,0,6.12,1
ALU9214,36,71,41,41,45,35,59,29,44.62,2
ALU9215,7,1,0,0,39,9,11,29,12.0,1
ALU9216,28,5,21,53,50,21,42,19,29.88,1
ALU9217,45,68,44,59,45,62,54,77,56.75,2
ALU9218,93,100,84,84,68,76,100,94,87.38,4
ALU9219,85,51,80,100,81,61,87,99,80.5,4
ALU9220,21,5,14,9,27,39,32,30,22.12,1
ALU9221,11,19,12,0,12,16,23,28,15.12,1
ALU9222,52,65,80,77,76,53,71,42,64.5,3
ALU9223,51,52,63,57,45,50,44,63,53.12,2
ALU9224,33,29,43,23,31,23,24,46,31.5,1
ALU9225,64,71,91,74,84,93,86,82,80.62,4
ALU9226,92,52,89,97,95,65,88,60,79.75,4
ALU9227,44,71,46,55,49,14,48,22,43.62,2
ALU9228,85,70,87,71,97,86,76,63,79.38,4
ALU9229,38,42,49,49,38,13,39,34,37.75,1
ALU9230,45,68,59,75,83,42,78,51,62.62,3
ALU9231,43,61,56,32,51,61,24,39,45.88,2
ALU9232,33,17,18,16,29,18,28,44,25.38,1
ALU9233,88,90,66,78,100,91,100,100,89.12,4
ALU9234,42,6,46,68,46,29,34,54,40.62,2
ALU9235,71,58,55,59,64,91,88,86,71.5,3
ALU9236,41,49,31,65,40,53,40,20,42.38,2
ALU9237,13,16,4,9,16,0,0,0,7.25,1
ALU9238,11,0,0,0,0,12,23,15,7.62,1
ALU9239,53,25,49,10,44,43,72,40,42.0,2
ALU9240,83,68,67,63,73,66,62,61,67.88,3
ALU9241,45,0,44,59,9,51,22,43,34.12,1
ALU9242,90,50,62,89,57,61,40,80,66.12,3
ALU9243,61,94,71,70,61,82,66,75,72.5,3
ALU9244,85,90,67,55,67,42,70,84,70.0,3
ALU9245,41,56,44,41,46,40,71,12,43.88,2
ALU9246,90,91,67,91,84,81,100,100,88.0,4
ALU9247,56,19,47,68,35,40,41,60,45.75,2
ALU9248,40,34,54,55,63,45,55,40,48.25,2
ALU9249,23,18,11,40,16,25,9,2,18.0,1
ALU9250,41,21,30,44,13,36,33,30,31.0,1
ALU9251,1,3,7,25,20,22,7,0,10.62,1
ALU9252,78,81,75,21,54,73,51,78,63.88,3
ALU9253,13,19,27,11,15,4,25,36,18.75,1
ALU9254,51,27,35,12,39,34,42,23,32.88,1
ALU9255,84,85,74,52,69,65,87,54,71.25,3
ALU9256,33,13,28,34,36,46,32,30,31.5,1
ALU9257,22,14,13,0,20,46,25,40,22.5,1
ALU9258,15,9,16,3,15,32,0,27,14.62,1
ALU9259,73,75,79,72,64,100,78,55,74.5,3
ALU9260,16,11,18,0,4,27,13,9,12.25,1
ALU9261,58,41,63,37,80,60,44,59,55.25,2
ALU9262,70,40,61,62,42,38,44,48,50.62,2
ALU9263,68,50,81,44,52,66,55,66,60.25,3
ALU9264,53,71,37,76,73,72,51,88,65.12,3
ALU9265,72,72,96,63,80,82,69,63,74.62,3
ALU9266,7,18,12,13,9,0,0,24,10.38,1
ALU9267,21,15,36,11,26,17,35,25,23.25,1
ALU9268,18,20,40,38,26,3,36,25,25.75,1
ALU9269,39,14,18,12,15,23,16,20,19.62,1
ALU9270,34,29,18,39,42,15,33,35,30.62,1
ALU9271,24,44,50,23,30,42,30,41,35.5,1
ALU9272,60,45,42,61,63,62,65,49,55.88,2
ALU9273,52,75,52,79,64,68,65,74,66.12,3
ALU9274,28,44,36,41,37,45,42,41,39.25,1
ALU9275,61,68,65,61,59,85,79,62,67.5,3
ALU9276,51,20,35,31,56,52,34,17,37.0,1
ALU9277,28,42,29,8,31,0,47,39,28.0,1
ALU9278,29,39,69,57,53,64,45,57,51.62,2
ALU9279,19,6,12,18,25,14,27,0,15.12,1
ALU9280,9,11,1,40,16,16,9,0,12.75,1
ALU9281,24,39,33,66,47,49,34,34,40.75,2
ALU9282,86,84,85,72,90,85,71,62,79.38,4
ALU9283,75,57,65,73,62,33,80,83,66.0,3
ALU9284,16,0,6,10,25,3,8,11,9.88,1
ALU9285,99,100,67,100,67,53,82,84,81.5,4
ALU9286,62,63,74,58,61,46,74,65,62.88,3
ALU9287,60,58,54,75,52,76,54,84,64.12,3
ALU9288,71,76,67,61,81,70,91,88,75.62,4
ALU9289,25,57,47,39,41,45,46,36,42.0,2
ALU9290,33,53,35,9,6,25,14,20,24.38,1
ALU9291,55,53,48,15,74,71,34,42,49.0,2
ALU9292,57,52,75,38,61,55,63,52,56.62,2
ALU9293,57,36,80,48,48,44,50,58,52.62,2
ALU9294,49,34,61,81,60,78,64,60,60.88,3
ALU9295,80,63,84,70,94,82,87,86,80.75,4
ALU9296,86,74,89,75,82,92,88,100,85.75,4
ALU9297,95,52,69,57,87,91,93,55,74.88,3
ALU9298,93,93,66,97,81,58,59,68,76.88,4
ALU9299,97,96,69,81,100,100,100,99,92.75,5
ALU9300,14,10,6,7,14,34,18,33,17.0,1
ALU9301,31,45,14,22,32,11,4,31,23.75,1
ALU9302,49,33,57,14,47,49,65,70,48.0,2
ALU9303,70,68,72,54,76,100,93,100,79.12,4
ALU9304,50,21,53,33,42,26,48,45,39.75,1
ALU9305,58,83,81,83,64,81,89,60,74.88,3
ALU9306,16,5,31,0,12,0,9,5,9.75,1
ALU9307,44,27,23,37,25,22,26,7,26.38,1
ALU9308,79,85,74,77,80,67,98,53,76.62,4
ALU9309,10,40,23,0,16,2,26,6,15.38,1
ALU9310,35,36,51,30,33,22,49,20,34.5,1
ALU9311,20,34,38,49,25,27,38,43,34.25,1
ALU9312,35,22,52,17,36,57,19,30,33.5,1
ALU9313,79,93,48,58,85,75,72,49,69.88,3
ALU9314,44,35,30,87,34,13,40,32,39.38,1
ALU9315,79,56,67,60,60,61,69,58,63.75,3
ALU9316,25,7,20,9,17,14,32,10,16.75,1
ALU9317,79,95,75,68,78,67,92,74,78.5,4
ALU9318,45,41,32,45,28,31,32,12,33.25,1
ALU9319,61,74,72,75,68,70,46,76,67.75,3
ALU9320,59,75,46,31,51,46,76,65,56.12,2
ALU9321,36,20,33,0,13,14,22,5,17.88,1
ALU9322,94,98,85,66,79,67,71,83,80.38,4
ALU9323,58,65,54,57,58,48,52,53,55.62,2
ALU9324,46,29,49,44,44,48,42,45,43.38,2
ALU9325,33,6,16,0,35,22,24,57,24.12,1
ALU9326,98,92,90,86,96,99,83,79,90.38,5
ALU9327,58,86,72,71,74,39,72,83,69.38,3
ALU9328,26,48,32,8,20,19,22,19,24.25,1
ALU9329,33,8,37,25,32,33,38,29,29.38,1
ALU9330,89,78,54,64,66,53,66,95,70.62,3
ALU9331,77,74,50,75,46,57,59,70,63.5,3
ALU9332,87,78,60,74,61,73,90,96,77.38,4
ALU9333,33,59,50,24,56,49,41,43,44.38,2
ALU9334,61,79,76,86,62,74,75,88,75.12,4
ALU9335,50,25,59,15,34,10,25,35,31.62,1
ALU9336,18,8,11,0,34,14,38,14,17.12,1
ALU9337,46,66,77,57,35,38,75,68,57.75,2
ALU9338,98,100,69,88,86,92,96,94,90.38,5
ALU9339,27,35,33,34,21,26,25,14,26.88,1
ALU9340,64,22,49,25,49,37,29,49,40.5,2
ALU9341,68,49,68,81,71,100,92,54,72.88,3
ALU9342,55,64,50,84,59,37,48,65,57.75,2
ALU9343,77,75,82,80,95,80,63,71,77.88,4
ALU9344,89,75,58,79,79,80,66,68,74.25,3
ALU9345,13,26,20,0,12,15,15,0,12.62,1
ALU9346,90,76,97,87,100,100,79,100,91.12,5
ALU9347,64,66,77,60,51,78,65,78,67.38,3
ALU9348,82,74,79,67,100,77,65,100,80.5,4
ALU9349,53,68,59,51,81,63,80,81,67.0,3
ALU9350,92,93,88,72,80,72,81,75,81.62,4
ALU9351,0,0,34,0,8,3,0,0,5.62,1
ALU9352,34,36,19,27,29,16,25,27,26.62,1
ALU9353,89,96,66,65,80,95,76,81,81.0,4
ALU9354,26,0,26,37,35,39,23,0,23.25,1
ALU9355,4,11,8,17,0,3,1,0,5.5,1
ALU9356,82,57,77,81,96,74,71,90,78.5,4
ALU9357,71,70,79,97,80,100,72,68,79.62,4
ALU9358,19,0,27,4,31,36,2,7,15.75,1
ALU9359,88,100,78,86,69,95,70,89,84.38,4
ALU9360,71,61,52,86,74,70,57,59,66.25,3
ALU9361,45,39,42,35,55,42,37,51,43.25,2
ALU9362,91,84,77,43,85,71,62,85,74.75,3
ALU9363,43,27,27,30,35,46,35,34,34.62,1
ALU9364,29,5,22,39,18,29,32,33,25.88,1
ALU9365,45,53,31,13,18,16,28,40,30.5,1
ALU9366,61,77,46,42,58,69,12,55,52.5,2
ALU9367,64,43,55,38,66,73,64,73,59.5,2
ALU9368,79,93,58,74,80,89,69,89,78.88,4
ALU9369,84,81,64,57,49,98,93,72,74.75,3
ALU9370,59,36,43,30,70,66,67,46,52.12,2
ALU9371,63,61,85,67,76,79,71,77,72.38,3
ALU9372,25,45,49,17,0,23,19,21,24.88,1
ALU9373,12,0,0,29,0,4,0,8,6.62,1
ALU9374,89,100,80,84,73,83,91,75,84.38,4
ALU9375,10,3,3,0,11,0,31,12,8.75,1
ALU9376,19,50,29,14,16,25,18,49,27.5,1
ALU9377,74,62,60,80,58,50,60,77,65.12,3
ALU9378,28,53,45,34,50,29,65,43,43.38,2
ALU9379,98,100,91,64,95,100,84,100,91.5,5
ALU9380,29,52,17,33,41,49,13,41,34.38,1
ALU9381,8,0,9,0,0,0,0,1,2.25,1
ALU9382,37,19,10,40,41,45,52,31,34.38,1
ALU9383,62,55,53,63,52,48,62,69,58.0,2
ALU9384,24,19,34,18,58,28,26,42,31.12,1
ALU9385,61,56,50,85,55,74,57,59,62.12,3
ALU9386,86,71,80,81,96,67,73,66,77.5,4
ALU9387,80,100,81,39,92,60,64,79,74.38,3
ALU9388,21,20,25,35,33,18,24,28,25.5,1
ALU9389,43,20,49,0,42,37,46,62,37.38,1
ALU9390,41,75,57,73,66,48,35,80,59.38,2
ALU9391,100,93,91,91,99,64,75,77,86.25,4
ALU9392,100,95,87,92,91,100,82,86,91.62,5
ALU9393,30,42,39,24,21,54,23,32,33.12,1
ALU9394,68,83,88,79,63,74,71,100,78.25,4
ALU9395,37,27,23,28,47,35,21,25,30.38,1
ALU9396,13,0,7,4,8,15,0,0,5.88,1
ALU9397,23,0,0,6,8,6,0,8,6.38,1
ALU9398,40,24,57,0,42,47,25,27,32.75,1
ALU9399,37,57,48,58,63,47,51,56,52.12,2
ALU9400,22,12,7,19,0,10,14,17,12.62,1
ALU9401,48,78,72,73,74,60,70,63,67.25,3
ALU9402,21,50,27,36,41,7,15,25,27.75,1
ALU9403,52,67,75,82,52,83,62,45,64.75,3
ALU9404,16,45,38,29,17,40,30,32,30.88,1
ALU9405,31,0,31,18,23,9,31,1,18.0,1
ALU9406,50,37,38,28,53,46,47,35,41.75,2
ALU9407,20,40,24,0,43,8,29,15,22.38,1
ALU9408,65,35,62,59,59,58,49,57,55.5,2
ALU9409,37,24,31,11,16,34,34,27,26.75,1
ALU9410,49,58,35,14,57,66,37,70,48.25,2
ALU9411,14,25,20,16,24,27,3,5,16.75,1
ALU9412,87,70,71,62,68,62,98,60,72.25,3
ALU9413,80,81,71,67,64,88,49,85,73.12,3
ALU9414,17,17,19,15,20,6,0,21,14.38,1
ALU9415,60,25,46,17,51,51,56,37,42.88,2
ALU9416,14,18,0,27,35,0,0,0,11.75,1
ALU9417,53,63,43,65,59,62,67,84,62.0,3
ALU9418,29,7,40,49,45,51,43,6,33.75,1
ALU9419,62,73,49,40,66,64,68,35,57.12,2
ALU9420,31,59,53,57,52,65,52,54,52.88,2
ALU9421,85,67,88,53,100,100,74,100,83.38,4
ALU9422,68,42,44,37,46,53,43,42,46.88,2
ALU9423,52,49,51,31,55,44,72,67,52.62,2
ALU9424,56,32,45,44,35,13,18,27,33.75,1
ALU9425,100,94,95,69,88,74,100,100,90.0,5
ALU9426,74,60,100,65,54,76,55,86,71.25,3
ALU9427,25,47,24,29,48,0,29,18,27.5,1
ALU9428,78,96,100,72,77,83,73,93,84.0,4
ALU9429,70,53,33,18,51,51,38,30,43.0,2
ALU9430,98,80,85,100,82,56,95,44,80.0,4
ALU9431,80,93,81,79,76,92,72,76,81.12,4
ALU9432,15,17,20,50,9,15,34,27,23.38,1
ALU9433,69,57,68,48,58,43,59,78,60.0,3
ALU9434,33,49,23,22,28,5,34,46,30.0,1
ALU9435,19,36,42,31,27,30,30,17,29.0,1
ALU9436,32,21,21,57,21,32,15,31,28.75,1
ALU9437,83,64,74,98,63,70,54,64,71.25,3
ALU9438,7,14,34,16,30,41,22,25,23.62,1
ALU9439,13,35,21,0,13,6,0,37,15.62,1
ALU9440,83,69,81,67,57,60,77,66,70.0,3
ALU9441,14,22,27,40,11,15,0,6,16.88,1
ALU9442,31,25,6,15,16,30,4,10,17.12,1
ALU9443,19,8,16,30,24,9,31,38,21.88,1
ALU9444,43,55,25,59,35,41,36,45,42.38,2
ALU9445,44,38,33,64,57,50,30,62,47.25,2
ALU9446,5,36,8,26,10,24,13,34,19.5,1
ALU9447,86,87,83,100,76,94,100,100,90.75,5
ALU9448,76,85,83,93,61,55,57,58,71.0,3
ALU9449,42,0,27,12,17,36,45,44,27.88,1
ALU9450,33,16,34,74,31,44,26,9,33.38,1
ALU9451,31,40,42,64,32,47,41,60,44.62,2
ALU9452,65,30,44,58,43,77,54,39,51.25,2
ALU9453,22,27,31,38,0,0,30,0,18.5,1
ALU9454,19,26,30,15,41,19,20,19,23.62,1
ALU9455,100,67,92,90,68,82,91,95,85.62,4
ALU9456,12,27,35,38,24,39,22,14,26.38,1
ALU9457,17,51,30,54,39,52,43,31,39.62,1
ALU9458,76,51,74,75,84,83,70,71,73.0,3
ALU9459,71,45,70,80,70,59,76,66,67.12,3
ALU9460,25,30,54,27,35,38,32,48,36.12,1
ALU9461,56,66,71,79,61,49,81,66,66.12,3
ALU9462,16,5,18,6,8,0,6,0,7.38,1
ALU9463,75,84,64,38,73,79,72,92,72.12,3
ALU9464,52,55,62,35,49,54,76,63,55.75,2
ALU9465,86,88,73,93,84,68,87,67,80.75,4
ALU9466,86,70,93,85,84,79,93,78,83.5,4
ALU9467,84,90,83,100,86,76,73,82,84.25,4
ALU9468,94,82,97,64,73,75,77,100,82.75,4
ALU9469,37,73,61,63,48,53,60,14,51.12,2
ALU9470,15,40,19,36,31,55,33,55,35.5,1
ALU9471,42,36,62,42,57,66,44,41,48.75,2
ALU9472,76,79,95,45,52,53,54,49,62.88,3
ALU9473,87,93,80,88,79,89,89,86,86.38,4
ALU9474,32,11,22,5,18,27,24,27,20.75,1
ALU9475,67,82,100,76,94,90,96,99,88.0,4
ALU9476,81,73,79,75,65,63,93,94,77.88,4
ALU9477,99,100,93,86,93,81,98,97,93.38,5
ALU9478,70,87,100,100,85,89,70,91,86.5,4
ALU9479,38,41,13,0,39,24,12,31,24.75,1
ALU9480,13,7,5,11,5,15,23,23,12.75,1
ALU9481,45,20,20,8,2,0,16,6,14.62,1
ALU9482,9,50,11,31,35,23,52,25,29.5,1
ALU9483,73,54,55,50,46,40,60,38,52.0,2
ALU9484,73,79,72,95,72,81,56,100,78.5,4
ALU9485,69,65,97,81,83,80,70,77,77.75,4
ALU9486,55,49,69,63,67,65,52,76,62.0,3
ALU9487,8,0,0,21,0,0,26,23,9.75,1
ALU9488,32,5,13,22,18,25,35,0,18.75,1
ALU9489,31,33,5,0,14,41,7,15,18.25,1
ALU9490,51,25,35,30,29,29,35,46,35.0,1
ALU9491,40,61,36,47,46,57,33,42,45.25,2
ALU9492,20,11,14,0,17,0,0,0,7.75,1
ALU9493,40,36,28,23,31,34,49,57,37.25,1
ALU9494,14,43,28,19,17,28,32,30,26.38,1
ALU9495,61,29,63,99,72,67,59,63,64.12,3
ALU9496,39,43,35,53,44,57,68,32,46.38,2
ALU9497,49,33,66,52,62,63,54,35,51.75,2
ALU9498,36,14,60,73,27,53,46,45,44.25,2
ALU9499,80,73,94,100,88,100,93,84,89.0,4
ALU9500,29,24,21,37,32,27,11,27,26.0,1
ALU9501,57,40,38,44,44,40,62,56,47.62,2
ALU9502,69,84,84,48,68,83,82,64,72.75,3
ALU9503,68,51,64,59,67,49,58,78,61.75,3
ALU9504,86,83,78,100,80,99,75,78,84.88,4
ALU9505,35,34,30,66,43,20,52,25,38.12,1
ALU9506,53,45,52,58,54,41,25,52,47.5,2
ALU9507,11,6,0,0,13,2,3,19,6.75,1
ALU9508,60,47,52,31,60,65,66,45,53.25,2
ALU9509,5,45,18,16,20,22,26,26,22.25,1
ALU9510,19,10,7,23,26,19,7,0,13.88,1
ALU9511,35,48,45,45,41,51,70,46,47.62,2
ALU9512,40,59,63,70,56,68,66,64,60.75,3
ALU9513,0,16,0,0,6,18,24,0,8.0,1
ALU9514,57,54,73,65,63,72,71,52,63.38,3
ALU9515,55,72,64,47,59,61,61,49,58.5,2
ALU9516,17,30,33,39,27,10,42,37,29.38,1
ALU9517,53,49,50,57,62,34,64,61,53.75,2
ALU9518,72,63,65,54,70,73,68,40,63.12,3
ALU9519,33,46,42,68,45,31,85,27,47.12,2
ALU9520,41,37,52,11,26,40,39,41,35.88,1
ALU9521,37,15,39,1,45,35,38,11,27.62,1
ALU9522,56,59,54,44,61,38,76,76,58.0,2
ALU9523,88,100,100,53,87,88,93,58,83.38,4
ALU9524,67,78,60,63,66,65,62,54,64.38,3
ALU9525,19,6,11,10,19,42,16,14,17.12,1
ALU9526,30,62,39,39,42,46,46,67,46.38,2
ALU9527,82,100,91,94,78,98,59,85,85.88,4
ALU9528,28,8,1,0,0,20,25,17,12.38,1
ALU9529,100,100,90,70,83,97,86,96,90.25,5
ALU9530,98,56,82,76,86,100,76,100,84.25,4
ALU9531,17,0,15,0,22,0,26,16,12.0,1
ALU9532,100,90,93,77,83,87,93,99,90.25,5
ALU9533,56,22,24,48,40,41,45,48,40.5,2
ALU9534,79,100,85,49,92,66,79,96,80.75,4
ALU9535,32,51,24,36,46,41,45,12,35.88,1
ALU9536,41,59,70,61,64,46,41,23,50.62,2
ALU9537,93,61,55,81,62,59,51,71,66.62,3
ALU9538,59,59,87,62,73,61,82,100,72.88,3
ALU9539,3,0,10,47,4,0,10,12,10.75,1
ALU9540,44,62,61,39,78,53,79,54,58.75,2
ALU9541,23,12,7,17,34,27,0,35,19.38,1
ALU9542,24,46,46,15,21,37,50,54,36.62,1
ALU9543,35,46,36,44,57,39,31,45,41.62,2
ALU9544,27,47,52,97,52,43,41,46,50.62,2
ALU9545,41,7,33,68,36,22,42,35,35.5,1
ALU9546,26,40,16,29,19,10,4,18,20.25,1
ALU9547,14,14,7,7,8,5,12,36,12.88,1
ALU9548,6,48,6,4,9,0,15,13,12.62,1
ALU9549,45,57,42,67,44,47,40,53,49.38,2
ALU9550,92,87,82,100,87,86,82,100,89.5,4
ALU9551,15,22,17,16,24,33,6,14,18.38,1
ALU9552,97,59,94,92,87,100,94,93,89.5,4
ALU9553,83,86,74,90,71,78,56,98,79.5,4
ALU9554,54,100,61,85,65,47,71,53,67.0,3
ALU9555,59,31,68,36,72,78,88,55,60.88,3
ALU9556,88,75,82,83,92,81,79,67,80.88,4
ALU9557,0,13,15,25,14,9,19,19,14.25,1
ALU9558,30,63,52,40,46,38,53,55,47.12,2
ALU9559,70,99,81,90,86,57,56,40,72.38,3
ALU9560,62,63,43,52,32,53,61,71,54.62,2
ALU9561,72,100,76,100,88,64,82,64,80.75,4
ALU9562,5,14,15,4,10,12,32,17,13.62,1
ALU9563,59,73,48,71,72,64,70,68,65.62,3
ALU9564,44,57,69,57,53,63,67,13,52.88,2
ALU9565,46,57,42,69,51,36,44,5,43.75,2
ALU9566,23,29,47,48,39,8,29,19,30.25,1
ALU9567,58,73,74,52,46,56,46,77,60.25,3
ALU9568,76,66,90,80,70,68,88,58,74.5,3
ALU9569,35,45,22,44,47,40,58,65,44.5,2
ALU9570,87,69,80,79,85,65,78,54,74.62,3
ALU9571,35,42,43,24,54,72,33,10,39.12,1
ALU9572,16,9,1,12,7,9,31,18,12.88,1
ALU9573,0,27,0,35,0,21,5,10,12.25,1
ALU9574,2,0,15,33,13,5,0,0,8.5,1
ALU9575,46,13,24,11,39,35,38,22,28.5,1
ALU9576,61,14,60,4,36,28,36,39,34.75,1
ALU9577,49,84,72,58,58,59,60,64,63.0,3
ALU9578,69,57,88,39,83,61,70,80,68.38,3
ALU9579,13,15,9,0,1,15,0,4,7.12,1
ALU9580,18,20,33,31,27,24,29,38,27.5,1
ALU9581,38,42,30,29,32,49,17,13,31.25,1
ALU9582,45,50,66,23,59,50,49,62,50.5,2
ALU9583,19,59,0,39,10,13,9,0,18.62,1
ALU9584,11,45,27,9,7,17,33,21,21.25,1
ALU9585,100,85,97,80,98,99,86,98,92.88,5
ALU9586,70,70,75,95,82,79,67,62,75.0,4
ALU9587,17,68,16,28,24,41,46,26,33.25,1
ALU9588,51,25,38,40,52,80,63,49,49.75,2
ALU9589,26,36,40,28,40,49,47,44,38.75,1
ALU9590,76,76,90,86,72,81,82,65,78.5,4
ALU9591,32,50,44,43,56,20,40,45,41.25,2
ALU9592,5,0,0,12,21,37,29,40,18.0,1
ALU9593,75,78,100,50,76,89,75,59,75.25,4
ALU9594,30,26,48,61,31,63,33,42,41.75,2
ALU9595,23,50,23,56,18,40,30,25,33.12,1
ALU9596,43,16,53,42,47,24,33,43,37.62,1
ALU9597,44,50,61,41,48,35,31,69,47.38,2
ALU9598,44,2,41,52,16,19,52,27,31.62,1
ALU9599,28,0,21,37,13,27,5,31,20.25,1
ALU9600,45,28,48,32,27,30,66,50,40.75,2
ALU9601,19,0,19,27,17,19,4,2,13.38,1
ALU9602,77,96,53,66,74,65,79,62,71.5,3
ALU9603,35,19,23,0,20,15,26,21,19.88,1
ALU9604,18,28,12,7,5,12,0,9,11.38,1
ALU9605,58,58,67,83,53,56,61,40,59.5,2
ALU9606,87,83,75,76,82,61,73,63,75.0,4
ALU9607,80,67,92,57,84,51,71,88,73.75,3
ALU9608,45,37,46,42,42,63,61,43,47.38,2
ALU9609,26,0,23,45,37,9,8,29,22.12,1
ALU9610,82,76,75,76,78,65,73,56,72.62,3
ALU9611,72,71,65,67,59,62,47,69,64.0,3
ALU9612,45,38,10,24,24,0,30,28,24.88,1
ALU9613,97,89,88,100,82,90,88,90,90.5,5
ALU9614,19,44,17,32,17,35,37,9,26.25,1
ALU9615,83,96,89,68,79,100,86,95,87.0,4
ALU9616,80,97,80,99,75,76,80,100,85.88,4
ALU9617,67,62,28,76,74,82,64,72,65.62,3
ALU9618,96,75,100,100,73,63,100,100,88.38,4
ALU9619,76,80,80,68,68,82,63,67,73.0,3
ALU9620,23,20,6,42,9,11,24,0,16.88,1
ALU9621,45,57,36,53,53,59,41,55,49.88,2
ALU9622,18,16,28,0,14,11,9,38,16.75,1
ALU9623,31,28,26,58,25,22,40,42,34.0,1
ALU9624,88,87,77,86,61,75,84,63,77.62,4
ALU9625,19,26,33,28,39,39,57,41,35.25,1
ALU9626,49,44,39,39,11,38,18,51,36.12,1
ALU9627,58,77,59,96,47,46,67,60,63.75,3
ALU9628,93,77,80,74,75,65,98,74,79.5,4
ALU9629,12,26,13,22,22,18,13,0,15.75,1
ALU9630,43,45,33,19,33,38,53,49,39.12,1
ALU9631,24,32,0,8,25,27,4,63,22.88,1
ALU9632,75,55,56,82,62,75,73,51,66.12,3
ALU9633,11,17,1,19,21,25,29,23,18.25,1
ALU9634,75,43,45,61,49,89,57,74,61.62,3
ALU9635,19,56,35,61,23,33,15,15,32.12,1
ALU9636,22,0,20,6,21,7,36,34,18.25,1
ALU9637,97,83,93,86,91,77,84,100,88.88,4
ALU9638,16,0,12,15,9,2,0,20,9.25,1
ALU9639,49,54,53,28,46,47,21,39,42.12,2
ALU9640,3,35,11,16,12,27,0,0,13.0,1
ALU9641,57,58,36,67,48,46,40,54,50.75,2
ALU9642,43,94,57,48,51,75,28,48,55.5,2
ALU9643,51,13,36,21,23,60,26,43,34.12,1
ALU9644,16,0,43,11,0,23,31,12,17.0,1
ALU9645,23,25,38,0,27,48,42,26,28.62,1
ALU9646,53,67,70,83,48,58,45,66,61.25,3
ALU9647,75,60,74,80,77,100,80,91,79.62,4
ALU9648,54,41,53,49,62,43,61,64,53.38,2
ALU9649,77,67,57,28,48,76,59,54,58.25,2
ALU9650,12,4,17,43,33,7,22,6,18.0,1
ALU9651,31,13,32,22,35,40,21,26,27.5,1
ALU9652,8,13,27,29,14,36,24,15,20.75,1
ALU9653,22,22,22,27,23,41,34,26,27.12,1
ALU9654,42,40,35,0,36,18,28,52,31.38,1
ALU9655,40,38,60,74,28,47,72,47,50.75,2
ALU9656,61,44,45,75,66,78,53,57,59.88,2
ALU9657,93,98,78,100,99,82,74,100,90.5,5
ALU9658,22,34,27,28,16,15,42,29,26.62,1
ALU9659,67,84,55,41,61,85,40,83,64.5,3
ALU9660,66,85,66,94,94,77,73,70,78.12,4
ALU9661,71,57,76,95,42,54,44,46,60.62,3
ALU9662,47,36,16,30,26,55,26,22,32.25,1
ALU9663,29,24,10,31,35,18,26,15,23.5,1
ALU9664,32,4,0,0,10,0,0,9,6.88,1
ALU9665,28,5,35,0,33,35,45,34,26.88,1
ALU9666,76,85,72,65,90,72,70,67,74.62,3
ALU9667,23,12,31,35,0,0,23,16,17.5,1
ALU9668,20,36,15,48,14,36,10,32,26.38,1
ALU9669,54,26,71,67,43,68,55,58,55.25,2
ALU9670,59,74,88,83,64,76,62,83,73.62,3
ALU9671,66,33,38,24,39,45,52,29,40.75,2
ALU9672,62,90,76,69,71,52,88,54,70.25,3
ALU9673,38,49,17,30,49,27,36,59,38.12,1
ALU9674,8,22,40,20,9,0,0,16,14.38,1
ALU9675,50,34,52,35,39,57,46,37,43.75,2
ALU9676,49,63,49,51,71,57,65,80,60.62,3
ALU9677,85,76,100,100,88,100,77,92,89.75,4
ALU9678,14,9,26,46,16,4,17,7,17.38,1
ALU9679,40,41,35,47,61,67,60,38,48.62,2
ALU9680,32,68,27,60,25,10,10,41,34.12,1
ALU9681,64,72,66,28,39,65,64,71,58.62,2
ALU9682,11,23,7,5,23,5,21,6,12.62,1
ALU9683,34,10,38,9,38,12,29,51,27.62,1
ALU9684,80,91,79,73,65,36,86,76,73.25,3
ALU9685,50,57,65,67,44,62,78,44,58.38,2
ALU9686,65,63,51,65,43,60,37,38,52.75,2
ALU9687,22,35,31,16,44,31,44,20,30.38,1
ALU9688,33,31,6,40,41,40,34,51,34.5,1
ALU9689,40,42,47,61,50,46,25,55,45.75,2
ALU9690,90,53,88,99,75,81,58,85,78.62,4
ALU9691,100,80,77,96,91,100,100,58,87.75,4
ALU9692,44,50,30,33,36,22,28,65,38.5,1
ALU9693,43,57,46,28,36,41,52,35,42.25,2
ALU9694,84,72,83,66,69,91,54,72,73.88,3
ALU9695,20,42,19,42,34,36,45,38,34.5,1
ALU9696,38,30,44,39,47,58,50,55,45.12,2
ALU9697,19,47,29,37,24,8,45,31,30.0,1
ALU9698,66,88,80,76,76,73,74,87,77.5,4
ALU9699,40,62,45,56,69,42,60,60,54.25,2
ALU9700,85,83,76,44,74,70,72,78,72.75,3
ALU9701,75,98,64,75,81,83,73,70,77.38,4
ALU9702,22,12,40,16,22,0,36,12,20.0,1
ALU9703,56,55,71,100,79,53,69,74,69.62,3
ALU9704,76,92,68,53,64,87,65,84,73.62,3
ALU9705,9,51,22,32,30,33,49,25,31.38,1
ALU9706,18,2,5,27,27,9,40,5,16.62,1
ALU9707,5,0,26,0,11,11,23,16,11.5,1
ALU9708,48,70,43,80,51,28,61,39,52.5,2
ALU9709,21,42,31,71,50,19,33,20,35.88,1
ALU9710,57,66,52,39,37,51,43,41,48.25,2
ALU9711,11,4,14,11,9,19,7,29,13.0,1
ALU9712,74,92,81,100,87,71,66,100,83.88,4
ALU9713,35,6,28,53,36,24,27,42,31.38,1
ALU9714,45,0,25,18,31,45,46,0,26.25,1
ALU9715,48,59,33,56,75,47,28,46,49.0,2
ALU9716,41,71,60,24,40,32,50,61,47.38,2
ALU9717,26,20,17,63,28,24,20,3,25.12,1
ALU9718,38,21,21,30,28,0,15,52,25.62,1
ALU9719,26,45,11,30,26,44,17,0,24.88,1
ALU9720,97,66,57,52,73,51,85,78,69.88,3
ALU9721,67,73,77,53,69,77,77,69,70.25,3
ALU9722,49,72,57,54,50,49,54,49,54.25,2
ALU9723,84,63,60,100,70,57,82,70,73.25,3
ALU9724,86,61,49,61,72,90,75,58,69.0,3
ALU9725,0,29,5,0,28,48,13,24,18.38,1
ALU9726,91,81,86,97,100,80,93,88,89.5,4
ALU9727,93,76,64,100,59,89,66,87,79.25,4
ALU9728,52,3,16,11,36,8,24,14,20.5,1
ALU9729,28,24,15,17,28,41,23,18,24.25,1
ALU9730,12,17,16,31,8,35,32,24,21.88,1
ALU9731,7,31,0,34,13,32,13,7,17.12,1
ALU9732,94,85,79,67,81,47,68,88,76.12,4
ALU9733,54,55,67,67,47,39,29,51,51.12,2
ALU9734,66,81,92,84,74,67,83,100,80.88,4
ALU9735,70,71,65,72,65,63,54,69,66.12,3
ALU9736,62,68,67,75,51,79,53,63,64.75,3
ALU9737,72,50,73,80,57,39,58,63,61.5,3
ALU9738,0,0,6,0,1,12,17,6,5.25,1
ALU9739,26,50,35,59,31,44,38,40,40.38,2
ALU9740,45,72,70,68,65,51,70,85,65.75,3
ALU9741,16,3,16,30,0,13,17,25,15.0,1
ALU9742,4,24,0,8,15,14,0,18,10.38,1
ALU9743,86,70,90,86,72,77,71,66,77.25,4
ALU9744,80,55,86,73,74,82,46,61,69.62,3
ALU9745,31,16,39,38,20,20,30,37,28.88,1
ALU9746,65,75,85,94,87,83,57,55,75.12,4
ALU9747,78,52,45,84,82,78,81,76,72.0,3
ALU9748,33,21,39,32,41,27,46,34,34.12,1
ALU9749,20,12,11,26,6,4,19,33,16.38,1
ALU9750,92,70,100,96,95,68,90,86,87.12,4
ALU9751,30,26,22,89,23,30,37,14,33.88,1
ALU9752,25,0,8,19,4,0,14,25,11.88,1
ALU9753,61,58,60,71,46,53,74,63,60.75,3
ALU9754,60,63,61,90,89,87,67,100,77.12,4
ALU9755,40,8,27,0,35,31,25,18,23.0,1
ALU9756,32,9,29,15,6,18,27,10,18.25,1
ALU9757,29,20,24,18,16,22,17,31,22.12,1
ALU9758,100,70,100,67,93,98,89,100,89.62,4
ALU9759,17,51,9,15,35,27,23,30,25.88,1
ALU9760,66,21,47,32,59,81,42,51,49.88,2
ALU9761,84,81,86,68,62,97,100,94,84.0,4
ALU9762,3,19,3,22,6,20,26,19,14.75,1
ALU9763,82,80,100,100,99,93,100,84,92.25,5
ALU9764,95,93,80,65,92,85,88,74,84.0,4
ALU9765,75,72,94,62,85,84,80,80,79.0,4
ALU9766,40,47,13,14,35,35,21,23,28.5,1
ALU9767,73,45,70,59,58,51,53,71,60.0,3
ALU9768,86,38,54,45,80,79,89,73,68.0,3
ALU9769,94,74,100,81,100,92,100,86,90.88,5
ALU9770,23,27,34,6,23,47,27,28,26.88,1
ALU9771,62,72,67,79,64,78,94,72,73.5,3
ALU9772,45,46,25,43,31,40,64,25,39.88,1
ALU9773,24,28,26,18,11,7,42,25,22.62,1
ALU9774,48,33,24,36,20,64,37,52,39.25,1
ALU9775,93,69,76,63,68,84,47,75,71.88,3
ALU9776,40,41,37,47,53,67,55,69,51.12,2
ALU9777,52,81,50,35,53,50,58,70,56.12,2
ALU9778,97,100,86,100,100,94,95,100,96.5,5
ALU9779,31,69,31,13,42,20,38,35,34.88,1
ALU9780,58,72,80,48,69,88,76,34,65.62,3
ALU9781,42,36,47,53,20,43,19,20,35.0,1
ALU9782,37,25,22,33,35,68,58,52,41.25,2
ALU9783,80,70,57,79,64,62,88,54,69.25,3
ALU9784,74,88,99,100,81,96,91,95,90.5,5
ALU9785,65,52,65,68,69,68,57,41,60.62,3
ALU9786,80,71,57,52,54,79,59,71,65.38,3
ALU9787,7,0,21,0,11,8,25,6,9.75,1
ALU9788,14,42,27,20,35,16,39,35,28.5,1
ALU9789,29,49,26,58,57,44,59,62,48.0,2
ALU9790,0,0,1,28,3,46,0,0,9.75,1
ALU9791,38,34,26,13,18,18,8,46,25.12,1
ALU9792,51,38,52,42,62,21,48,47,45.12,2
ALU9793,17,14,0,1,1,6,7,21,8.38,1
ALU9794,22,42,19,23,20,29,40,47,30.25,1
ALU9795,58,66,43,78,61,46,48,43,55.38,2
ALU9796,49,54,50,54,59,47,69,79,57.62,2
ALU9797,78,82,82,91,84,84,100,63,83.0,4
ALU9798,62,53,61,79,66,43,68,48,60.0,3
ALU9799,35,31,46,70,46,69,52,36,48.12,2
ALU9800,73,88,100,88,88,92,83,74,85.75,4
ALU9801,73,72,86,98,77,77,61,55,74.88,3
ALU9802,24,10,38,55,1,38,16,37,27.38,1
ALU9803,29,0,11,14,15,57,6,10,17.75,1
ALU9804,75,64,53,55,59,59,80,66,63.88,3
ALU9805,67,48,65,94,47,59,65,64,63.62,3
ALU9806,83,58,75,96,69,88,51,91,76.38,4
ALU9807,74,83,80,71,66,81,73,93,77.62,4
ALU9808,48,87,50,72,58,74,39,49,59.62,2
ALU9809,95,100,100,74,95,100,80,100,93.0,5
ALU9810,58,42,50,72,45,46,63,55,53.88,2
ALU9811,29,14,9,0,20,33,0,17,15.25,1
ALU9812,86,100,75,98,86,77,63,75,82.5,4
ALU9813,40,10,33,14,34,31,15,31,26.0,1
ALU9814,64,86,84,45,84,84,55,96,74.75,3
ALU9815,87,69,86,55,85,80,74,100,79.5,4
ALU9816,72,92,71,59,65,74,67,83,72.88,3
ALU9817,70,52,62,71,61,67,38,46,58.38,2
ALU9818,44,79,55,21,42,18,43,40,42.75,2
ALU9819,36,63,49,15,26,58,37,38,40.25,2
ALU9820,43,35,58,27,31,24,45,43,38.25,1
ALU9821,51,51,56,76,78,66,73,67,64.75,3
ALU9822,88,75,90,89,65,95,56,97,81.88,4
ALU9823,57,63,67,68,58,75,50,56,61.75,3
ALU9824,3,16,9,40,17,38,6,29,19.75,1
ALU9825,49,24,41,61,55,66,58,56,51.25,2
ALU9826,93,68,81,68,79,68,80,70,75.88,4
ALU9827,53,31,56,64,54,32,43,46,47.38,2
ALU9828,60,61,41,30,78,59,38,44,51.38,2
ALU9829,74,89,65,83,82,85,76,78,79.0,4
ALU9830,62,75,58,43,73,81,80,46,64.75,3
ALU9831,26,46,31,44,70,53,57,65,49.0,2
ALU9832,62,72,63,100,90,78,67,82,76.75,4
ALU9833,21,22,0,23,15,32,32,9,19.25,1
ALU9834,100,100,90,94,91,63,76,70,85.5,4
ALU9835,19,6,18,19,26,34,10,10,17.75,1
ALU9836,12,8,14,18,0,0,0,3,6.88,1
ALU9837,100,82,68,100,65,71,88,89,82.88,4
ALU9838,30,51,10,38,18,64,15,24,31.25,1
ALU9839,69,83,64,61,78,71,71,100,74.62,3
ALU9840,69,87,78,74,83,74,65,60,73.75,3
ALU9841,100,56,94,66,80,65,84,90,79.38,4
ALU9842,99,96,100,71,100,100,78,99,92.88,5
ALU9843,22,29,27,0,37,43,26,12,24.5,1
ALU9844,57,66,73,60,72,63,68,64,65.38,3
ALU9845,27,0,5,0,15,0,12,48,13.38,1
ALU9846,31,25,42,43,50,66,51,34,42.75,2
ALU9847,99,80,80,72,88,76,54,100,81.12,4
ALU9848,10,54,54,18,35,33,40,36,35.0,1
ALU9849,72,49,64,20,66,57,48,58,54.25,2
ALU9850,55,44,41,44,43,38,57,45,45.88,2
ALU9851,64,89,54,31,65,82,63,49,62.12,3
ALU9852,90,88,88,100,96,100,100,75,92.12,5
ALU9853,28,8,0,14,6,17,7,1,10.12,1
ALU9854,63,54,53,52,57,91,71,67,63.5,3
ALU9855,73,62,80,100,88,72,84,90,81.12,4
ALU9856,31,56,53,48,37,67,32,43,45.88,2
ALU9857,13,2,19,19,13,0,2,38,13.25,1
ALU9858,55,54,56,67,77,65,48,43,58.12,2
ALU9859,19,41,15,25,26,68,36,41,33.88,1
ALU9860,18,48,4,9,29,3,29,0,17.5,1
ALU9861,75,61,74,82,80,100,88,85,80.62,4
ALU9862,52,64,59,27,63,31,59,59,51.75,2
ALU9863,96,100,96,100,81,100,80,86,92.38,5
ALU9864,92,67,74,80,77,70,88,78,78.25,4
ALU9865,76,76,95,63,89,56,68,60,72.88,3
ALU9866,0,30,24,42,3,0,14,18,16.38,1
ALU9867,47,32,58,23,49,43,25,55,41.5,2
ALU9868,23,26,31,50,28,20,28,28,29.25,1
ALU9869,73,93,92,100,66,86,79,96,85.62,4
ALU9870,24,28,25,40,25,25,5,28,25.0,1
ALU9871,49,42,9,27,18,34,38,24,30.12,1
ALU9872,51,54,38,52,57,51,46,56,50.62,2
ALU9873,12,36,26,22,29,22,35,39,27.62,1
ALU9874,24,10,25,41,12,30,12,21,21.88,1
ALU9875,46,61,57,65,47,64,83,66,61.12,3
ALU9876,21,5,16,2,12,17,11,0,10.5,1
ALU9877,15,0,0,1,35,10,4,0,8.12,1
ALU9878,36,30,44,38,54,28,50,39,39.88,1
ALU9879,66,73,70,63,73,70,68,65,68.5,3
ALU9880,52,61,52,80,60,50,92,70,64.62,3
ALU9881,43,24,54,57,49,12,57,40,42.0,2
ALU9882,48,41,43,70,50,70,50,71,55.38,2
ALU9883,24,48,35,42,30,41,38,37,36.88,1
ALU9884,100,96,92,74,97,88,90,94,91.38,5
ALU9885,6,23,0,22,3,17,0,4,9.38,1
ALU9886,67,86,41,27,80,54,81,63,62.38,3
ALU9887,88,93,71,88,71,100,80,74,83.12,4
ALU9888,80,71,76,62,68,95,74,62,73.5,3
ALU9889,9,23,18,5,35,4,24,34,19.0,1
ALU9890,14,56,31,23,28,22,20,46,30.0,1
ALU9891,63,100,61,68,68,79,72,82,74.12,3
ALU9892,16,19,0,12,19,16,6,28,14.5,1
ALU9893,70,86,79,92,89,77,72,81,80.75,4
ALU9894,66,80,67,66,75,76,67,63,70.0,3
ALU9895,91,71,78,68,73,42,61,60,68.0,3
ALU9896,0,31,5,0,22,0,0,0,7.25,1
ALU9897,62,84,45,46,73,60,71,77,64.75,3
ALU9898,85,71,34,71,77,77,38,67,65.0,3
ALU9899,79,75,74,91,100,47,52,85,75.38,4
ALU9900,1,0,10,4,13,11,9,17,8.12,1
ALU9901,18,18,4,23,0,1,4,26,11.75,1
ALU9902,39,41,31,13,48,48,41,33,36.75,1
ALU9903,14,7,0,25,16,30,26,25,17.88,1
ALU9904,57,38,32,39,58,80,31,48,47.88,2
ALU9905,80,97,91,70,91,69,80,63,80.12,4
ALU9906,30,16,37,26,34,27,34,37,30.12,1
ALU9907,79,85,76,79,77,81,84,100,82.62,4
ALU9908,0,17,0,12,0,26,7,2,8.0,1
ALU9909,20,28,8,26,19,26,15,7,18.62,1
ALU9910,11,1,8,2,13,9,8,13,8.12,1
ALU9911,43,15,37,45,34,52,31,46,37.88,1
ALU9912,98,95,84,100,82,80,75,93,88.38,4
ALU9913,9,31,30,11,17,31,14,32,21.88,1
ALU9914,64,50,52,61,50,85,33,46,55.12,2
ALU9915,50,53,61,34,35,43,48,65,48.62,2
ALU9916,92,100,92,82,94,66,100,60,85.75,4
ALU9917,11,21,17,38,21,18,11,0,17.12,1
ALU9918,13,18,35,46,29,48,48,3,30.0,1
ALU9919,12,23,0,4,4,15,14,14,10.75,1
ALU9920,26,32,40,52,54,23,61,22,38.75,1
ALU9921,27,10,15,46,18,49,34,21,27.5,1
ALU9922,57,95,94,75,80,95,89,77,82.75,4
ALU9923,46,53,63,35,66,74,61,69,58.38,2
ALU9924,51,55,73,72,68,77,41,78,64.38,3
ALU9925,63,43,55,69,45,44,29,65,51.62,2
ALU9926,20,6,26,26,34,29,10,0,18.88,1
ALU9927,39,66,36,38,43,35,37,47,42.62,2
ALU9928,100,100,100,100,95,77,88,89,93.62,5
ALU9929,89,100,75,85,89,67,65,77,80.88,4
ALU9930,83,100,85,64,100,95,98,84,88.62,4
ALU9931,65,86,87,50,79,72,66,72,72.12,3
ALU9932,12,0,42,8,26,36,1,4,16.12,1
ALU9933,24,22,35,29,20,42,25,19,27.0,1
ALU9934,0,37,16,0,21,15,18,0,13.38,1
ALU9935,35,25,25,68,32,53,42,46,40.75,2
ALU9936,17,37,16,22,17,0,6,13,16.0,1
ALU9937,52,48,46,30,44,61,45,61,48.38,2
ALU9938,68,25,82,25,68,74,85,81,63.5,3
ALU9939,91,93,81,87,76,64,96,100,86.0,4
ALU9940,70,91,88,90,71,61,82,54,75.88,4
ALU9941,91,88,73,100,89,87,94,93,89.38,4
ALU9942,5,28,26,6,0,7,11,0,10.38,1
ALU9943,0,0,0,37,0,5,30,31,12.88,1
ALU9944,77,43,74,40,43,55,78,72,60.25,3
ALU9945,10,34,20,24,18,53,32,24,26.88,1
ALU9946,36,34,35,9,27,9,36,23,26.12,1
ALU9947,28,55,23,49,44,16,31,46,36.5,1
ALU9948,21,38,41,5,25,15,10,24,22.38,1
ALU9949,53,33,61,58,50,41,38,32,45.75,2
ALU9950,29,47,37,22,56,33,39,50,39.12,1
ALU9951,42,60,58,82,59,76,44,68,61.12,3
ALU9952,57,37,76,58,73,55,56,64,59.5,2
ALU9953,37,39,28,46,41,38,31,50,38.75,1
ALU9954,19,22,15,0,22,8,43,19,18.5,1
ALU9955,35,10,7,0,23,12,41,21,18.62,1
ALU9956,54,43,21,22,49,45,52,37,40.38,2
ALU9957,51,54,58,87,89,81,45,66,66.38,3
ALU9958,78,79,84,84,97,87,86,59,81.75,4
ALU9959,73,73,71,84,80,50,73,54,69.75,3
ALU9960,31,42,5,0,26,15,25,16,20.0,1
ALU9961,51,41,51,67,45,70,51,51,53.38,2
ALU9962,53,33,42,46,62,55,52,54,49.62,2
ALU9963,41,52,58,34,59,47,60,50,50.12,2
ALU9964,50,50,49,44,28,63,59,56,49.88,2
ALU9965,37,92,30,47,34,64,63,47,51.75,2
ALU9966,54,62,57,67,51,45,65,56,57.12,2
ALU9967,54,70,76,89,61,67,86,57,70.0,3
ALU9968,12,12,3,24,0,13,22,17,12.88,1
ALU9969,59,54,69,83,76,57,58,50,63.25,3
ALU9970,19,25,6,50,29,21,0,3,19.12,1
ALU9971,4,9,25,23,9,2,18,0,11.25,1
ALU9972,95,91,87,88,76,92,100,84,89.12,4
ALU9973,100,92,82,100,93,100,83,95,93.12,5
ALU9974,26,13,9,41,0,14,13,12,16.0,1
ALU9975,19,18,42,29,34,31,39,48,32.5,1
ALU9976,13,34,30,14,31,24,15,33,24.25,1
ALU9977,45,35,63,74,60,50,31,51,51.12,2
ALU9978,84,77,94,74,76,71,80,65,77.62,4
ALU9979,74,100,85,100,97,77,84,90,88.38,4
ALU9980,52,88,65,85,51,64,66,49,65.0,3
ALU9981,38,11,54,14,42,15,15,32,27.62,1
ALU9982,60,59,77,51,55,43,66,64,59.38,2
ALU9983,36,37,22,54,19,13,26,30,29.62,1
ALU9984,91,64,93,84,77,68,74,95,80.75,4
ALU9985,86,95,88,47,87,76,78,83,80.0,4
ALU9986,57,56,66,46,40,71,36,34,50.75,2
ALU9987,34,37,49,48,31,43,30,28,37.5,1
ALU9988,38,17,18,54,42,48,32,40,36.12,1
ALU9989,0,14,0,8,3,0,8,14,5.88,1
ALU9990,93,90,89,87,63,48,83,63,77.0,4
ALU9991,23,47,47,38,42,36,38,39,38.75,1
ALU9992,23,26,7,50,41,51,43,37,34.75,1
ALU9993,45,40,27,73,34,41,50,40,43.75,2
ALU9994,85,81,86,92,90,78,88,73,84.12,4
ALU9995,0,16,26,14,23,12,36,19,18.25,1
ALU9996,81,95,65,90,85,92,63,100,83.88,4
ALU9997,93,78,98,100,91,98,81,90,91.12,5
ALU9998,100,71,87,90,91,66,81,99,85.62,4
ALU9999,33,46,28,55,44,4,66,28,38.0,1
ALU10000,21,17,17,31,25,34,31,7,22.88,1
